:020000022000DC
:106000000000042061200400A1200400A32004005B
:10601000A5200400A7200400A9200400000000001F
:10602000000000000000000000000000DD1F040070
:10603000AD20040000000000FD1F0400B12004009A
:10604000BD220400B3200400B320040021E50200B7
:10605000B3200400B3200400C1F90300B3200400FE
:10606000B3200400B3200400B3200400B3200400D4
:10607000B3200400B3200400B3200400B3200400C4
:10608000B3200400611D0400B3200400B320040009
:10609000B3200400B3200400E1E60300B3200400B1
:1060A000B3200400B3200400B3200400B320040094
:1060B000B3200400B3200400000000000000000032
:1060C000B3200400B3200400B3200400E52704003B
:1060D000B3200400B3200400B3200400F16C0200DC
:1060E000B3200400B3200400B3200400000000002B
:1060F00000000000B3200400000000005D28040040
:10610000000000000000000000000000000000008F
:10611000000000000000000000000000000000007F
:10612000000000000000000000000000000000006F
:10613000000000000000000000000000000000005F
:10614000000000000000000000000000000000004F
:10615000000000000000000000000000000000003F
:10616000000000000000000000000000000000002F
:10617000000000000000000000000000000000001F
:10618000000000000000000000000000000000000F
:1061900000000000000000000000000000000000FF
:1061A00000000000000000000000000000000000EF
:1061B00000000000000000000000000000000000DF
:1061C00000000000000000000000000000000000CF
:1061D00000000000000000000000000000000000BF
:1061E00000000000000000000000000000000000AF
:1061F000000000000000000000000000000000009F
:10620000F1EE103A43F08073E1EE103A704700BFB0
:1062100010B5054C237833B9044B13B10448AFF3E0
:1062200000800123237010BD746300200000000073
:10623000B488050008B5034B1BB103490348AFF30D
:10624000008008BD0000000078630020B4880500CD
:10625000154B002B08BF134B9D46A3F5803A002138
:106260008B460F461348144A121A29F018FE0F4B9A
:10627000002B00D098470E4B002B00D098470020F1
:10628000002104000D000D48002802D00C48AFF397
:10629000008029F087FD200029001BF033FF29F042
:1062A0005BFD00BF000008000000042000000000AB
:1062B000000000007463002060A5002000000000C2
:1062C000000000000146014800F08EBAAC630020D7
:1062D00038B5064B1D783DB100242046013400F04E
:1062E00049FEE0B28542F9D838BD00BFA86300205E
:1062F000407DFF2806D010B500F088FD044618B197
:10630000204610BD002070471CF0C6FB204610BD83
:10631000407DFF280ED000B583B00DF1070100F0DD
:10632000C9FD20B19DF8070003B05DF804FB4FF0F4
:10633000FF30F9E74FF0FF30704700BF407DFF2886
:1063400011D000B583B001220DF1070100F06AFD04
:1063500020B94FF0FF3003B05DF804FB9DF8070053
:1063600003B05DF804FB4FF0FF307047407DFF281D
:1063700001D000F0FFBD7047407DFF2801D000F044
:106380003FBE0020704700BFF8B50646407DFF289D
:106390001CD017465AB10D46144600F011FD29468F
:1063A000224680B1707D00F08FFD241A01D138465D
:1063B000F8BD05441CF070FB707D00F001FD29461E
:1063C00022460028EED13F1B3846F1E70020F8BDF9
:1063D0000AB32DE9F043524991F81C6191F81D511F
:1063E00091F81E7193B0994614467B1CAA1C8046F6
:1063F000B01C81F81C0181F81D2181F81E3101A813
:106400004222002129F04BFDB9F1410F05D80020AF
:1064100013B0BDE8F083422070478DF806608DF818
:106420000E608DF82660721C40F20126D2B2ADF8E3
:106430001060DFF8F0C08DF81E20242640F6083EDC
:106440006B1C8DF827208DF83120ADF804E08DF815
:1064500016608DF820608DF82460CDF818C00426F1
:106460004FF0060C65F07F0540F209424FF0010E37
:1064700098F81410ADF80C208DF81CE005228DF86A
:106480001F608DF830608DF822C040F207568DF8FD
:1064900025C08DF82A5020464FF0030E63F07F048C
:1064A0004FF0080C02234FF411658DF814108DF88D
:1064B00007308DF808308DF809308DF812308DF8DE
:1064C00021308DF815208DF823208DF82BE08DF8E4
:1064D0002CC04FF00A0EADF82E504FF0400C01A921
:1064E000ADF8286007258DF833308DF840208DF801
:1064F0004140422244F20204ADF838608DF83B304E
:106500008DF83A708DF834E08DF83CC08DF83F502E
:10651000ADF8424029F09FFC422013B0BDE8F08363
:10652000AC63002020010524A0F11000FFF750BF4C
:1065300070B50368184A5B6882B093428DF8071003
:1065400024D10546407DFF281DD000F039FC0DF117
:10655000070601243146224688B1687D00F0B4FC6C
:10656000241A02D1012002B070BD06441CF094FA36
:10657000687D00F025FC314622460028EDD1C4F1AB
:10658000010002B070BD002002B070BD01220DF10B
:106590000701984702B070BD89630200437DFF2B5D
:1065A00000D07047094B1A78002AFAD110B500F1D3
:1065B000100442750649204601221A7000F0E0F9E5
:1065C00021460448BDE8104000F0F0B8A863002060
:1065D000D42C0500AC630020407DFF2807D000B517
:1065E00083B000F0EDFB20B103B05DF804FB0020A8
:1065F000704701901CF050FA019803B05DF804FB5D
:1066000001B900B1704700B583B0694600F0EEFBF8
:10661000009BB3F5966F02D003B05DF804FB00F069
:106620007DFBF9E730B4084B084A4FF47F4102F193
:106630000805002430324FF47A7099821D60C3E956
:1066400001401A6130BC704790630020E42C0500C3
:106650002DE9F0410024484E2546435D4719A3B17A
:1066600003F14002D2B2012A0AD9F42B08D81A0643
:106670000ED44FF0010EA3F55842B2F5006F56D27A
:1066800001354719435D002BEAD12046BDE8F08172
:1066900003F0E002C02A57D003F0F002E02A66D0EF
:1066A00003F0F802F02AEBD103F007024FF0040EDA
:1066B0007B7803F0C00CBCF1800FE1D197F802C0E9
:1066C0000CF0C00803F03F03B8F1800F43EA8213D7
:1066D000D6D10CF03F0CBEF1030F4CEA83132DD042
:1066E000FA7802F0C007802FCAD102F03F0242EAD6
:1066F0008313A3F58032B242C2D8A3F55847B7F549
:10670000006FBDD3B3F5803F05F1040510D31E2CF7
:10671000BBDC6300970A0B44C2F30902A7F52057BC
:10672000A2F5105221F814705A80023495E775448E
:10673000202CAAD021F8143001348EE7A3F5006292
:10674000B2F5784F97D39BE77A7802F0C007802F95
:1067500003F01F0394D102F03F0242EA8313A3F136
:106760008002B2F5F06F8BD24FF0020E83E703F098
:106770000F024FF0030E9BE7FFFF0F0090F8503120
:106780000B2B0CD871B103F1480210B45C1C80F8DB
:10679000504140F822105DF8044B18467047002322
:1067A000184670470B461846704700BF70B5044640
:1067B0000E68B4F81821B4F81A31656936689B1A66
:1067C00008469BB294F81C112A44B04758B1B4F85B
:1067D00018216369104480B2A4F81801588094F815
:1067E0001C211A71012070BD2DE9F043284DDFF8FE
:1067F000B090AC4604468846BCE80F0089B003AFB1
:106800000FC703AE0FCE05F1140E25460FC59EE847
:106810000700DCF800303B806B4636682E8003C3EF
:106820006B4603CB012504F118034FF480766361B6
:10683000A061E16184F8202004F59870C4F81891F3
:106840002022A4F81C61002184F81E5129F027FBA6
:1068500040F20947042240F2EF230E4E0E48C4F8DE
:1068600028010021C4F82C1184F85021A3804FF492
:10687000E131A571C4F82071C4F824610748FFF71D
:106880008DFE404600F038FA284609B0BDE8F08396
:10689000182D0500482D0500542D0500906300209B
:1068A0000900000100487047AC630020014B5869A3
:1068B000704700BFAC6300202DE9F04F89B0F8B1FC
:1068C000032816D02B4C94F8503183424FD94830CE
:1068D00004F5AA7154F82000FFF7BAFEC0B20130E7
:1068E000400040F44070A4F85201234809B0BDE8CC
:1068F000F08F204CD4F82C0150B104F5AA71EBE7CD
:106900001C4CD4F82031A4F854314FF44170EAE71C
:10691000684600F005FA054610B300F1FF3A0DF1A4
:106920000103164FE94653FA8AFAA64604AE97E8E1
:106930000F0019F801CB86E80F000CF00F080DF1DD
:10694000200BD8440BEB1C1C18F8108C1CF8103CC6
:10695000AEF85681D145AEF854310EF1040EE6D1B1
:106960006800C0B20130400040F44070BBE7002036
:10697000BCE700BFAC630020FE640020382D05009A
:1069800010B504460248FFF7F9FE207110BD00BFA4
:10699000AC63002030B5144C236883B013B318687F
:1069A00051B907F037FB236893F90400012103B0C4
:1069B000BDE830401CF07ABB0C4B0093002501234E
:1069C0008DF805308DF8045002AB13E9060007F08E
:1069D000BDFA236893F90400294603B0BDE83040AE
:1069E0001CF064BB03B030BD4065002080BA8C0150
:1069F0000448006828B108B5006807F011FB0120C1
:106A000008BD704740650020084B1B6843B141B981
:106A1000074B4022C3F88020BFF34F8FBFF36F8F27
:106A20007047034B40221A60704700BF406500204A
:106A300000E100E0024B53F8200000B1C06870474D
:106A40004465002030B4094CBDF8085054F820408B
:106A500044B1246934B10846A44611461A462B466F
:106A600030BC6047002030BC704700BF4465002048
:106A700030B4084CBDF8085054F8204044B1646963
:106A800034B10846A44611461A462B4630BC60472E
:106A900030BC70474465002000207047024B1868E6
:106AA00008B190F8600070474C6500202DE9F8436C
:106AB000234C2568002D3CD01E462C2303FB00539D
:106AC0001746D3F8209088460446B9F1000F32D01B
:106AD00048462AF058F92C2303FB0454D4E90954FE
:106AE000DFF864C0174B08280246494628BF082231
:106AF0004046002D08BF6546002C08BF1C4629F003
:106B0000AAF928462AF03FF910280246294628BF4C
:106B10001022384629F09FF920462AF034F904283B
:106B200002462146304628BF0422BDE8F84329F03A
:106B300092B9BDE8F883DFF814900820CBE700BFD6
:106B40004C650020802D0500702D0500482D0500A6
:106B500070B5104E3368D3B12C2404FB00340546C5
:106B600062691AB19047336884F832002C2202FB24
:106B7000053393F8324014B10124204670BD2846F5
:106B800023463A22022101F0E7F8204670BD1C4658
:106B9000204670BD4C650020074B1B6853B110B4F4
:106BA0002C2404FB0030C46A038E0C6013805DF853
:106BB000044B7047704700BF4C65002008B5202289
:106BC0000023052101F0C8F84FF0FF3008BD00BFD9
:106BD00030B4094C24685CB10D4611462C2202FBEE
:106BE0000044E46924B11A462846234630BC1847BD
:106BF000012030BC704700BF4C65002030B4094C08
:106C0000029A246854B10D462C2101FB0044A4686B
:106C100024B119462846234630BC18474FF0FF30B0
:106C200030BC70474C65002030B4094C029A24688F
:106C300054B10D462C2101FB0044E46824B11946EF
:106C40002846234630BC18474FF0FF3030BC704711
:106C50004C650020044B1B682BB12C2202FB00303A
:106C6000036903B1184770474C650020054B1B684A
:106C70002BB12C2202FB0030836903B1184701209D
:106C8000704700BF4C65002005F0DCBB00B5164B1B
:106C900083B04022002483F8272301A90123204642
:106CA0008DF804308DF8054002F0DAFE4FF0804395
:106CB00002A8D3F8385400F8084D1BF081FA0B4BAA
:106CC000019301A81BF0CCFA1BF0DCFAEB0707D408
:106CD00000214FF0FF3002F04DFFFFF7F9FAF7E720
:106CE000204605F0AFFBF3E700E100E0896C02000D
:106CF000002005F01DB800BF00B5002383B00322BB
:106D0000CDE9002303490448C82219F059FF03B014
:106D10005DF804FB842D05008D6C02001CF068B842
:106D20004FF08052536E1BBA0360136E1BBA436060
:106D300008207047004870478C2D050070B51E4C28
:106D40002368D3B1012901D0012070BD1578C5F3A6
:106D50004115012D13D0022D0FD15478012C21D0D3
:106D6000022CF1D19388072B07D1144C11462389AB
:106D70002246BDE8704003F035BE002070BD51785A
:106D80002229E1D111465288003218BF01225A75DA
:106D900003F010FE2268D369002BD5D0507D9847B0
:106DA000284670BD9C69002CE7D011462378224606
:106DB000BDE8704003F016BE50650020046000205E
:106DC00010B5044602F034FE08B9002010BD02F0F0
:106DD00037FE0028F9D1044B4FF4367202FB04341D
:106DE000207900F0010010BDD4650020064A4FF460
:106DF000367303FB00230833186808609A889B7970
:106E00008B718A80704700BFD465002008B5044AA2
:106E10004FF4367303FB0020103002F055FC08BD20
:106E2000D46500202DE9F8434FF4367404FB00F4D8
:106E30001E4E4FF6FF73074604F110054FF6FE7025
:106E4000824288BF1A463544284692B202F066FC58
:106E5000804602F0EDFD10B94046BDE8F88302F02F
:106E6000EFFD81460028F7D13444E378002BF3D0BE
:106E7000284602F041FC3F28EED9E178484603F06D
:106E8000E7FC0028E8D0284602F036FC3F2804D86A
:106E9000E178484603F0ECFCDEE7054AE178484635
:106EA00002EBC712402303F0F3FCD5E7D4650020C2
:106EB00054650020034A4FF4367303FB0020103062
:106EC00002F096BCD46500202DE9F8434FF43675E6
:106ED00005FB00F5244F4FF6FF73064605F1240429
:106EE0004FF6FE70824288BF1A463C4492B220465A
:106EF00002F0B8FC8046204602F0E6FB3F2802D8AC
:106F00004046BDE8F88302F093FD0028F8D002F077
:106F100097FD81460028F3D1204602F0D5FB0028DA
:106F2000EED03D444846A97803F092FC0028E7D013
:106F30000E4B402202EBC6161E442046314602F09C
:106F4000EDFB034660B13246A978484603F0A0FC49
:106F50000028D5D1064B1B68DB07D1D500BECFE793
:106F6000A97803F085FCCBE7D465002054650020A8
:106F7000F0ED00E02DE9F041804602F059FD10B936
:106F80000020BDE8F08102F05BFD07460028F7D144
:106F90004FF4367404FB08F4164E04F1240535440E
:106FA000284602F091FB0028EAD026443846B17802
:106FB00003F04EFC0028E3D040220F4B02EBC81830
:106FC00098442846414602F0A9FB044660B1424677
:106FD000B1783846234603F05BFC40B9074B1B6889
:106FE000DB07CDD500BECCE7B17803F041FC2046ED
:106FF000C7E700BFD465002054650020F0ED00E035
:1070000008B5044A4FF4367303FB0020243002F025
:1070100073FB08BDD465002070B5204C82B0002100
:107020004FF4367220460D4628F039FFFF234FF407
:10703000E132082604F138016371A26001234FF4A4
:107040008072009504F11000A67302F001FB144B4E
:107050001B78C3F38003009304F59C7101234FF464
:10706000807204F1240002F0F3FA04F50E7101209D
:1070700018F0EAFF04F522710646012018F0E4FF3B
:1070800006B130B9074B1B68DB0700D500BE02B064
:1070900070BDC4E90756C4E90C05F8E7D4650020C3
:1070A000B8600020F0ED00E038B5094C206A256B8F
:1070B00020B119F0EDFB0023C4E907332DB12846B8
:1070C00019F0E6FB0023C4E90C33012038BD00BFF2
:1070D000D465002010B50E4C0E48237800220260C3
:1070E0000271DA0709D59B070DD521780A48C1F34B
:1070F0008001BDE8104002F063BC103002F040FC9B
:1071000023789B07F1D4044802F03AFCEDE700BF76
:10711000B8600020D4650020F86500202DE9F0411A
:107120004B79022B82B004D00025284602B0BDE87E
:10713000F0818B79022BF7D1364EB3782BB1364BD9
:107140001B68DB07F0D500BEEEE78B7833700C7858
:107150000C4407466378242B4FF009050BD1082A0D
:1071600002D822E0AA4220D323781C441D4463782D
:10717000242BADB2F6D0052B38D0042B15D1637972
:107180000A2B12D1254A94F8008001920223013281
:107190000092384604EB08011A4603F095FA0028DD
:1071A000CDD00E3518FA85F5ADB202F041FC0028BD
:1071B000BBD002F045FC04460028B6D1F378002B82
:1071C000B3D0174802F098FA3F28AED9F17820469C
:1071D00003F03EFB0028A8D0114802F08DFA3F28AA
:1071E000F17811D8204603F043FB9EE7214638464C
:1071F00003F00AFB0028A2D0A378737023781C4404
:107200001D44ADB26378B8E7064A2046402303F038
:107210003FFB8AE7D4650020F0ED00E0D665002052
:10722000E46500205465002038B5137803F060034E
:10723000202B01D0002038BD294C938825789D4211
:10724000F8D15378203B032BF4D8DFE803F008157E
:107250001E02012936D0032939D0012038BD012969
:107260000CD00329F9D11F4B002BF6D01E4900206A
:10727000AFF30080012038BD0129EED1114607236C
:10728000194A03F0AFFB012038BD01291AD00329A8
:10729000E3D1164B55881B781548257113F004016E
:1072A0001CBFE94301F0010102F08AFB114B002BE6
:1072B000D3D0C5F3400205F001010020FFF7A0F98B
:1072C000012038BD114603F075FB012038BD0A4B83
:1072D000002BC2D051880020AFF30080BDE700BF73
:1072E000D465002000000000DC650020B8600020AC
:1072F000F865002001660200000000002DE9F0475B
:107300005F4CE2788A420D4680461F4659D15D4E59
:107310009AB2314604F1100002F0A4FA5A4BC3B1FC
:107320006379FF2B15D0A7B106EB070A04F110090A
:1073300002E056450DD0637916F8012B9A42F8D138
:10734000484602F0D1F90028F3D16179AFF300800B
:10735000EFE74E4B23B14E4802F0C6F9002863D048
:1073600002F066FB002862D1A3789D4202D0012082
:10737000BDE8F087474B13B10020AFF3008002F067
:1073800057FB00282BD1444802F09EF90028EED18B
:10739000002FECD017F03F07E9D1A178404603F069
:1073A00057FA0028E3D0A17840463B463A4603F01E
:1073B0006FFA0028DBD1394B1B68DA070CD500BE09
:1073C000D6E7A3788B42D5D0344B1B68DB0703D5B7
:1073D00000BE0020BDE8F0870020BDE8F08702F085
:1073E0002FFB05460028CED12B4802F06DF900286E
:1073F000C9D0A178284603F02BFA0028C3D0402238
:107400002749254802F08AF9034600282CD028464F
:10741000234AA17803F03CFA0028A8D11F4B1B682F
:10742000D907B0D500BEAEE7AFF3008098E702F011
:1074300007FB0646002897D1E378002B94D0144828
:1074400002F05AF93F288FD9E178304603F000FA6C
:10745000002889D00E4802F04FF93F28304607D85F
:10746000E17803F005FA7FE7A17803F001FA8AE7F3
:107470004023044AE17803F00BFAA37875E700BFD4
:10748000D4650020546500200000000000000000CA
:10749000E465002000000000F8650020F0ED00E049
:1074A00094650020704700BF01207047704700BFFF
:1074B000704700BF044B0022C3E90022C3E9022247
:1074C000C3E90422704700BF2C6A002001207047E6
:1074D000044B0022C3E90022C3E90222C3E90422CB
:1074E000704700BF2C6A00202DE9F0434B79032B35
:1074F00083B004D00024204603B0BDE8F0830B79AC
:10750000C3EBC3041234A4B2944205D9254B1B68C3
:10751000DA07EFD500BEEDE7234A5578002D3ED0BF
:10752000557B002DF2D102F10C054FF4A0770E78B7
:107530008A1992F801C0BCF1210FE7D1AA608946EF
:10754000895D80466E1CA81C1144CDE900061A46D0
:107550004046032303F0B8F80028D7D099F8063046
:10756000A978012B04BF99F80730EB700123AB71A8
:1075700099F80220AB682A70B3F80730AB80002975
:10758000B9D00A4A40463A44402303F081F9002822
:10759000B1D1044B1B68DB07ADD500BEABE7154688
:1075A0008027C4E7F0ED00E02C6A0020AC680020E2
:1075B0002DE9F047137803F01F06012E82B003D0A7
:1075C000002002B0BDE8F087DFF80882978898F8BD
:1075D0000040FFB2BC4200F0B08098F80C40BC42C2
:1075E000EED13746B4464FF0C00E4FF0130A4FF0BD
:1075F000120913F060030C460546164604D1012912
:1076000000F0A4800120DCE7202BD9D15378013B86
:107610000A2BD5D801A252F823F000BFF176020060
:10762000E7760200D1760200C1750200C175020042
:10763000C1750200C1750200C17502009176020099
:10764000697602004976020001291BD00329D9D1AD
:1076500073880C2606FB0786DBB260461946B371B9
:10766000FFF720FF0120ACE70129CBD173880C2262
:1076700002FB07871B0A60461946FB71FFF714FFE0
:1076800000289DD03146284603F094F9012098E760
:10769000012900F086800329B4D1F48871884B4B0E
:1076A000402C4FEA1122204628BF402011F0FF0154
:1076B000734407D0012C05D91C788C4202D10138C3
:1076C00080B2013300906046FFF7D2F9012078E7DD
:1076D000012997D108EB090231462846234603F0D9
:1076E00081F920466DE701298CD108EB0A02F3E706
:1076F000012987D1F3887188344F402B4FEA11223A
:10770000184628BF402011F0FF01774454D0012BC8
:1077100052D9013880B239707B1C00906046FFF767
:1077200091F90444A3B2002B49D1294A1268D20727
:107730007FF546AF00BE184643E74FF0000E774690
:10774000F4464FF0070A4FF0060952E75378062B2C
:107750007FF436AF53881B0A212B12D0222B7FF4E3
:107760002FAF6046FFF766F97B001F4408EB8708E0
:10777000024631462846B8F8043003F033F9204673
:107780001FE77B001F4408EB8708D8F80820002A71
:107790003FF416AF1378314602B0BDE8F04703F06E
:1077A00021B9F388402B3FF60BAF084A31467244AB
:1077B00003F018F9204604E73B460024ADE73A46BB
:1077C0003146284603F00EF90120FAE6AC680020A5
:1077D000F0ED00E02C6A0020F0B52C4CA67865781E
:1077E0008E4283B0074610D0A9422CD0A07B657B87
:1077F00088423FD0A94244D0254B1B68DA0702D407
:10780000002003B0F0BD00BEFAE780264FF0400C28
:107810000020A9429BB21AD01E4D3544FAB90093FC
:1078200011462B460222FFF723F92A46A178384653
:10783000402303F02DF80028E3D1154B1B68DB072C
:10784000DED500BEDDE74FF0400C00209BB21149B1
:1078500061444AB91A46FFF729FE0120D1E72A46BA
:107860000221FFF725FEE0E70A460121FFF720FE8F
:107870000120C6E70C344FF4A0764FF4807C012041
:10788000C7E74FF4807C0120E0E700BF2C6A0020AE
:10789000F0ED00E0AC68002070B5194C82B000211A
:1078A0000D464FF4EC72204628F0F9FA04F1380145
:1078B0000123802204F11000009501F0C9FE04F1BB
:1078C000B80101238022009504F1240001F0C0FEDC
:1078D00004F59C71012018F0B7FB04F5C47106464D
:1078E000012018F0B1FB30B9064B1B68DB0700D54F
:1078F00000BE02B070BDC4E90756C4E90C05F8E744
:10790000C46A0020F0ED00E038B5094C206A256B10
:1079100020B118F0BDFF0023C4E907332DB128467C
:1079200018F0B6FF0023C4E90C33012038BD00BFB6
:10793000C46A002010B5084C002304F11000C4E90B
:107940000033C4E9023302F01BF804F12400BDE85F
:10795000104002F015B800BFC46A00202DE9F043C2
:107960004B79012B83B004D00025284603B0BDE835
:10797000F0838B79012B0C46064616D049780429F2
:10798000F2D10025032BEFD1E379002BECD1DFF806
:10799000FC8098F8013013B998F802700FB3384B97
:1079A0001B68DB07E0D500BEDEE7CB79002BDBD11F
:1079B0000B781C449DB2617824290BD1954202D9E1
:1079C000D2E7AA42D0D323781C442B4461782429DF
:1079D0009DB2F6D00429C7D16379012BC4D1A37914
:1079E000D0E7A37888F8003094F8009021794D44CE
:1079F000ADB2A14439B925E099F800308F421D4459
:107A0000ADB299441ED2AA421CD399F80130052B7D
:107A1000F2D149463046019202F0F6FE019A002862
:107A2000BDD099F80230D90914BF88F8013088F820
:107A3000023099F80030217901371D44FFB2ADB210
:107A40009944D9E70F4801F057FE3F288DD998F89F
:107A50000210002002F0FCFE002886D0094801F048
:107A60004BFE3F2898F8021003D8002002F000FFD8
:107A70007BE7054A4023002002F00AFF75E700BFBC
:107A8000F0ED00E0D46A0020846A0020C46A00207F
:107A900000207047F8B53C4DAA788A421F4612D1A3
:107AA0009AB23A4905F1100001F0DCFE384B13B1EF
:107AB0000020AFF30080374801F01EFE3F282CD88D
:107AC00001242046F8BD6B788B4208D0324B1C68ED
:107AD00014F00104F5D000BE00242046F8BD06468F
:107AE00005F1240001F0F0FD40BB2C4801F0ECFD55
:107AF0000028E5D1002FE3D017F03F07E0D16978E7
:107B0000304602F0A5FE04460028D9D069783046F8
:107B10003B463A4602F0BCFED3E7A978002002F0CB
:107B200097FE04460028CBD01A4801F0E5FD3F2817
:107B3000A9781ED8002002F09BFEC2E769780020D9
:107B400002F086FE0028D0D04022154905F124001D
:107B500001F0E4FD034690B1114A6978002002F07B
:107B600097FE0028ACD10C4B1B68DB07BDD500BECF
:107B7000BBE7064A4023002002F08AFEA1E76978AD
:107B800002F076FEB1E700BFC46A0020846A0020DC
:107B900000000000D46A0020F0ED00E0E86A002058
:107BA000446A002030B4114B9C689A6B93F83C50A7
:107BB00083F82C10A21A022183F830109A6225B99A
:107BC00042F2050183F83E50998744B13AB11A7BDD
:107BD000D20906D193F82F1030BC02F099BE30BC08
:107BE000704793F82E1030BC02F092BE9C6E0020BD
:107BF00038B5214B214C05461BB1607BFFF736F8A9
:107C0000A8B1A06BA36894F82F101D4A1B1AB3F5F6
:107C1000007F28BF4FF4007328469BB202F038FE65
:107C200020B9184B1B68DB0700D500BE38BDA26821
:107C3000A36B84F83E0042F20771D31A0120A1879A
:107C40000221A36284F82C0084F83010002AEDD0C1
:107C5000002BEBD0237BDB0906D194F82F102846AC
:107C6000BDE8384002F054BE94F82E102846BDE816
:107C7000384002F04DBE00BF6D6C02009C6E0020CB
:107C80009C6C0020F0ED00E070B5304CE28AA368F7
:107C900052BA92B286B0054612B1B3FBF2F292B27A
:107CA000A66BD4F81110607B9B1BB3F5007F28BF37
:107CB0004FF4007309BA0093B6FBF2F302FB1362B0
:107CC0001944234BFEF79AFF031E20DB94F82E2065
:107CD0000DD011469BB228461D4A02F0D9FDA0B92D
:107CE0001C4B1B68DB0710D500BE06B070BD072417
:107CF000194603A88DF80C508DF8102005938DF8C7
:107D000011308DF80D4002F0B7FB06B070BDA268CF
:107D1000A36B43F602200021D31AA08784F83E10FB
:107D200001200221A36284F82C0084F83010002A7C
:107D3000EBD0002BE9D0237BDB0914BF94F82E1085
:107D400094F82F10284602F0E3FDDEE79C6E002039
:107D50009C6C0020F0ED00E010B4054C012084F88C
:107D60003C1084F83D2084F83E305DF8044B7047A9
:107D70009C6E002040220021014828F090B800BFEE
:107D80009C6E002040220021014828F088B800BFE6
:107D90009C6E00204B79082B01D0002070478B7916
:107DA000062BFAD1CB79502BF7D1162A06D81C4BCB
:107DB0001B68D907F1D500BE0020704770B5194D7A
:107DC0008B7885F82D300B7882B005F12F0205F104
:107DD0002E0619440223CDE900261A46044602F075
:107DE00073FC48B90E4B1B68DA0702D500BE02B01F
:107DF00070BD002002B070BD204695F82F100A4AD1
:107E000000241F2385F8304002F042FD30B9044BB6
:107E10001B68DB0702D500BE1720E8E71720E6E75E
:107E2000F0ED00E09C6E00209C6C0020012901D048
:107E300001207047F0B5137803F07F01022985B067
:107E4000054606D003F06003202B1AD0002005B0B1
:107E5000F0BD5478012CF5D15388002BF6D1434E58
:107E6000918896F83030042BC9B279D096F82E401C
:107E70008C423DD096F82F408C4257D0012005B05F
:107E8000F0BD5378FE2B16D0FF2BDFD15388002B8B
:107E9000DCD1D488A3B2002BD8D1344E1146284669
:107EA00086F83030C6E90D33B48786F83E3002F0EC
:107EB00081FD0120CBE75388002BC7D1D388012B4C
:107EC000C4D12B498DF80F3000294DD00192FEF717
:107ED000E5FD019A0028B9D0431EDBB204AC11467F
:107EE00004F8013D28462246012302F07BFDC5E748
:107EF000022BC3D1B26BB3681E4F9B1AB36206F15B
:107F000020030FCB07C73A46214602F80C39032459
:107F100028460D2386F8304002F0BAFC0028ADD187
:107F2000154B1B68DB0791D500BE90E7002BA5D150
:107F3000214602F0DFFC0028A0D12146284602F0AD
:107F400005FD00289AD1002496F82F10094A86F8DA
:107F5000304028461F2302F09BFC0028E0D08DE72C
:107F600002F0D6FC204672E70B46B7E79C6E002075
:107F70009D6A02009C6C0020F0ED00E02DE9F041CC
:107F8000B44C94F83050012D8EB01E46074645D0B3
:107F900028D3032D05D0022D5FD001200EB0BDE8FF
:107FA000F08194F82E308B42F7D10D2EF5D1E37B82
:107FB000282B00F01A812A2B40F00D81A64B13B11B
:107FC000607BFEF747FE002594F82F10A34A84F843
:107FD00030501F23384602F05BFC002861D094F833
:107FE0003050D8E794F82F508D42D6D11F2B06D1B0
:107FF000DFF868829A4BD8F800209A4271D00423A7
:1080000094F82E1084F83030384602F081FC38465F
:1080100094F82F1002F07CFC0020BFE7B3F5007F3E
:1080200008D9904B1B68D90700D500BE00200EB0C0
:10803000BDE8F081E27BA36B282A00F087802A2A22
:1080400000F08F80217B626B1E44CB09A66336D083
:1080500096422CD3022384F8303094F82E10384600
:1080600002F074FC002898D1A368A26B94F82E60EB
:10807000934202D9217BC9092ED19B1A7A4AA36265
:108080000FCA764D07C52A46314602F80C3903253A
:1080900038460D2384F8305002F0FAFB00287FF4B4
:1080A0007CAF704B1B68DB07C0D500BE76E76D4B1D
:1080B0001B68DA0793D500BE94F830506BE793B293
:1080C000607B664A04F10F01FEF778FD0028C0F2DC
:1080D0009F80A66B626BBBE73146384602F018FC06
:1080E0005BE7C446BCE80F0026460FC69CE80F00BD
:1080F00007C626F8023B1B0C3370D4E90123E17B51
:108100005A4E626201200022282963632662A2621D
:1081100084F82C20A26384F8300000F0AD802A2976
:1081200000F0DF80002B00F0EF80227BD20940F0CE
:10813000EB80B3F5007F00F26F819BB22946474A7E
:10814000384602F0A5FB0028ABD048E7626B1E441E
:108150009642A663BFF47EAFFFF796FD94F83050C9
:1081600019E7E28A52BA92B21AB1A168B1FBF2F2EF
:1081700092B2D4F81110394DB3FBF2FC09BA02FBEC
:108180001C32607B009661442B46FEF74DFD0028B3
:10819000C0F2FB81864230D9361A40B1A36B291850
:1081A00013FA80F332462846A36327F05FFE0023CC
:1081B00094F82F508DF818500722194605A88DF80D
:1081C000147007968DF819308DF8152002F054F9C7
:1081D00094F83050DFE6264B002B3FF4F4AE04F168
:1081E0000F01607BAFF30080EDE6224B002B3FF4E4
:1081F000EAAE607BAFF30080E5E6D4E90D231E44D0
:108200009642A663BFF426AF3846FFF7F1FCE6E6D8
:10821000A368A66B94F83C1084F82C509A1B02209B
:10822000A26284F8300021B942F2050084F83E10C1
:10823000A087002B3FF44EAF002A3FF44BAF237BC7
:10824000DB0940F0E58194F82F10384602F060FB1E
:108250003FE700BF9C6E0020556C02009C6C002024
:1082600055534243F0ED00E0BC6E0020555342539D
:108270000000000000000000E28A52BA92B20BBB7C
:10828000002A3FF4E7AE94F83C10A362022284F87F
:108290002C2084F8302000297FF4DFAE42F2050163
:1082A0000022A18784F83E20002B3FF4D6AE237B2A
:1082B000DB0940F09A812946384602F029FB94F800
:1082C000305068E6207BC00913D0002A00F080817E
:1082D000B3FBF2F2002A00F0A3812829384694D19A
:1082E0003AE7E28A52BA92B2002BC9D0207BC00989
:1082F000EBD094F83C10A362022284F82C2084F87E
:1083000030200029CAD0D2E7667B252900F22B81D4
:10831000DFE811F0220129012901E50029012901E5
:1083200029012901290129012901290129012901FD
:108330002901290129012901BD002901290129015A
:108340002901290129012901990087002901290111
:10835000710029012901290129014C002901260068
:10836000304604AA05A9FEF717FC059B002B00F078
:108370004481BDF81020002A00F03F81013B1BBA68
:1083800012BAC8E900320820A368002B44D09842F2
:1083900028BF184683B26063A64A94F82E10384668
:1083A00002F076FA00283FF47CAE18E605AD002313
:1083B0000DF10E02304604A96B600593AB60FEF729
:1083C000EBFB049A002A00F01881BDF80E30002B58
:1083D00000F0138112BA082106925BBA0222ADF8AE
:1083E0001E308DF817108DF81C2095E8070088E8DE
:1083F00007000C20C8E7904B03B33046227DE17C98
:10840000AFF30080D0B994F83C302BB943F6022288
:108410000023A28784F83E3001213846FFF7C2FBD3
:10842000DDE5864B53B1E17C3046C1F3400301F0FA
:1084300001020909FEF7CCFB0028E4D0A368002B59
:108440003FF408AEE8E79DF816307D49002203F0BE
:10845000800362F3C7138DF8163003238DF81520BF
:108460008DF817208DF81430002900F0E180304697
:10847000FEF7FCFB9DF8163080F0010060F3C71397
:108480008DF81630059BC8F8003004207CE74FF0CB
:10849000203302250022CDE90522304607A909AA8A
:1084A00008934FF0800C079309930D93CDE90A339D
:1084B0000C931F260DAB8DF816508DF8175005AD97
:1084C0008DF818608DF815C0FEF7F0FA0FCD594EF3
:1084D0000FC60FCD0FC62B683360242054E794F8E5
:1084E0003C2094F83D0094F83E10DFF848C1DFF8D6
:1084F00058E14FF000084FF00003CDE90588CDE9C1
:10850000078862F303038DF81630F0220A23ADF8D2
:1085100024808DF820008DF821108DF814208DF81E
:108520001B3005AD0FCDACE80F002B68ACF8003068
:10853000BEF1000F76D0ACF1100130464FF400725E
:10854000AFF300800028A4F83C8084F83E800FDB65
:1085500000283FF473AF17E73046FEF7F9FA00281A
:108560003FF451AF6AE794F83C30002B7FF454AFEE
:10857000A38E304A3349607BFEF720FB0028FFF6CC
:108580004BAF00283FF45AAFFEE6A36BA2681E442F
:1085900043F602200021931BA08784F83E1001209F
:1085A0000221A663A36284F82C0084F83010002A0C
:1085B0003FF453AD002B3FF450AD237BDB0914D1C6
:1085C00094F82F10384602F0A3F994F83050E2E402
:1085D000012294F83C1084F82C200222A36284F833
:1085E000302000293FF45AAE5EE694F82E1038464B
:1085F00002F08EF994F83050CDE494F83C30002B22
:108600007FF40AAF43F6022284F83E30A28703E7E4
:1086100094F82E10384602F07BF9D4E90D2617E5C0
:108620000222D6E7A4F83CE084F83EE01220ABE654
:1086300001201FE79C6C002000000000D16B0200AD
:108640006D6C0200AB6E00200000000070B5134C92
:10865000134E84B020464FF4AE72002127F01FFC69
:108660004025002304F58E720092CDE901561A468A
:10867000194604F1B000039504F068F92E4404F1A2
:1086800070020023CDE90025CDE90265201D1946C1
:10869000012204F05BF904B070BD00BF5C6F0020E4
:1086A000DC6E002010B5054C04F1B00004F07AF93E
:1086B000201D04F077F9012010BD00BF5C6F002081
:1086C00038B5074C2046002500F8B85B01F058F992
:1086D00004F10C0001F054F984F8B150657138BD13
:1086E0005C6F00204B79FF2B01D0002070472DE9F3
:1086F000F04FDFF824B19BF8B13083B04BBB9BF84F
:10870000053033BB0B788A460AEB02050AEB0304FB
:1087100089788BF80010A542064614D91AF8032070
:10872000A3189D420FD36278042A0CD00B2A0AD0DA
:10873000052A0BF1B8080BF1B0070BF10C0917D0A3
:108740009D421C4609D8A4EB0A0080B203B0BDE8E4
:10875000F08F002003B0BDE8F08F1A7813449D42DB
:10876000F1D36278042AEED00B2AECD0052AE7D1A7
:108770002146304602F048F8002843D0A378DB09B0
:1087800005D19BF8B1301BB32278A318D8E79BF82A
:108790000530002BF8D14846019301F0F1F8A2789A
:1087A0008BF80520A2889BF804C0019B1849C2F3EE
:1087B0000A02A2F50072B2FA82F2520962F3410C87
:1087C00018468BF804C004F037F92278A318B7E7ED
:1087D000404601F0D5F8A3788BF8B130A3889BF818
:1087E000B020C3F30A03A3F50073B3FA83F35B0964
:1087F00063F34102394630468BF8B02004F064F947
:108800000028C1D1034B1B68DB07A2D500BEA1E73E
:10881000606F0020F0ED00E05C6F002070B51C4C34
:1088200094F8B1208A4205461E460FD1B4F8BC2008
:10883000F2B9184B23B1B2B217490020AFF3008050
:108840002846164904F040F9012070BD63798B4237
:1088500001D0002070BD124B1BB1B1B20020AFF3AC
:1088600000801049284604F0E7F848B1012070BDA7
:10887000B2B2D4F8B41004F1B80000F0F3FFD8E7B6
:1088800032462846074904F099F8012070BD00BF20
:108890005C6F002000000000DC6E00200C700020E7
:1088A00000000000606F0020F8B50E688D88B77872
:1088B0003544AE420BD23B469F42344603D10BE0D7
:1088C0006378042B05D023781C44A542F8D80020F7
:1088D000F8BDA3789F42F6D1E3789A42F3D1A5423E
:1088E000F5D9237D012B06D9144B1B68DA07EED589
:1088F00000BE0020ECE723790D46DBB1012BE6D169
:108900002278E389617A1344114423442144994233
:1089100004D3DCE70A7811448B42D8D94A78052A77
:10892000F8D101F071FF28B9044B1B68DB07CED5E5
:1089300000BEF8BDA41BEC800120F8BDF0ED00E006
:10894000C28832B9654B1B68DB0700D500BE00202A
:108950007047F0B40378624803EB830403EB4403ED
:10896000C058831803D08E781C7BA64207D95B4B76
:108970001B68D90700D500BE0020F0BC70472EB997
:10898000012C01D90120F8E701268E7001248C60AA
:10899000C1F80E404C7700256FF03F0481F822505B
:1089A0008C766FF003056FF06404CD760C774D4D37
:1089B000C1F81E50082481F82340825CB3F80D40B2
:1089C00014441C441344A342D1D2474F9D78102D28
:1089D0000CD827FA05F0C04310F0010006D1DA7870
:1089E000964203D107E05A78242AEFD01A7813442C
:1089F0009C42F8D8BBE79C42B9D0062D06D0102D7A
:108A000004D0042DB9D1012248730A73CF781A79A2
:108A1000974218D81FB9012AB4D80127CF701A7805
:108A20001A44A2420FD2967806F0FD0CBCF1050F55
:108A30000FD0112E03D10CE05678242EF3D01678E7
:108A400032449442F8D8254B1B68DA0794D500BE0F
:108A500093E7D678B742F2D19442F4D0D1F81240DD
:108A60008CB9062D30D0102D2ED0042D09D1B2F89E
:108A70000560B2F807505C7D05FB06F304FB03F4C8
:108A8000E408C1F812404B6863B9557E012D3FF6EA
:108A900079AFD2F81A3025B9D2F81E209A427FF465
:108AA00071AF4B60114AA2FB03235A0BCBD0631E5C
:108AB0001344B3FBF2F30233B3F5807F28BF4FF4C6
:108AC0008073C1F816305DE7B2F80530B2F80740A0
:108AD00004FB03F42401E408D3E700BFF0ED00E059
:108AE000B870002003010101501001005917B7D1DF
:108AF0002DE9F84F0B785D4C03EB83050E4603EB35
:108B000045030989E7589146804679B13944CB78C5
:108B100003F00303012B00F09480738933B13B44CD
:108B2000DA7802F00302012A00F091807488B58897
:108B300000233C44B381F38133827382B382F38296
:108B40003D44A278AC4238BF134609D29A4203D1C1
:108B50000CE06378042B06D023781C44A542F8D897
:108B60000020BDE8F88FA3789A42F5D1E3789945C3
:108B7000F2D1A542F4D994F804A0BAF1020F15D8A5
:108B8000E31BF380B9F1000F16D023781C44BAF12F
:108B9000000F4CD04FF0000B06E06378052B28D077
:108BA000042B03D023781C44A542F6D8304B1B6815
:108BB000DA07D5D500BED3E7737F012B12D006F1BB
:108BC0001E03494686F81D90A6F81890A6F81A903C
:108BD0001846302227F063F901463046FFF7B0FE11
:108BE0000028BDD023781C44BAF1000FD2D1012057
:108BF000B7E7E37803F00303B9F1000F01D0012BCD
:108C000018D0022BACD12146404601F0FDFD28B31F
:108C100006EB4B03E21B1A8122780BF101039A4504
:108C200014444FF0010BBFD8B9F1000FDFD002237D
:108C30007377DCE7A388B269C3F30A039342E2D2F5
:108C40008EE700233381897801F08EFE65E70022EC
:108C500072819978404601F087FE67E7044B1B68F4
:108C6000DB077FF57DAF00BE7BE700BFB87000205B
:108C7000F0ED00E010B4064C06480023C4E90033D0
:108C80001946C4F807304E225DF8044B27F007B9A7
:108C9000B8700020C47100200120704710B4064C49
:108CA00006480023C4E900331946C4F807304E22B1
:108CB0005DF8044B27F0F3B8B8700020C4710020B1
:108CC0002DE9F0414B790E2B04D04FF000084046BF
:108CD000BDE8F0818B79012BF7D1CB79012BF4D151
:108CE0003E4E33682BB13E4B1B68DB07EDD500BE13
:108CF000EBE714460F461A46314605463760B48006
:108D0000FFF7D2FD0028E0D0F2883368B978134429
:108D10003C44A74293F814C03B4605D308E05A7878
:108D2000042A4DD00B2A4BD01A7813449C42F6D813
:108D3000BCF1000F4ED02B494A88002AD3D1D81B52
:108D40001FFA80F83272A1F802809C4293F802E088
:108D50000A8098BF034605D80BE05A78042A2BD026
:108D60000B2A29D01A7813449C42F6D8DB1B1FFA31
:108D700083F80022BCF1010FA1F804804A77B2D138
:108D800017FA80F017FA83F3984281780AD2827832
:108D90008A4203D118E04278042AF8D002781044BD
:108DA0008342F8D8284600220E49FFF7A1FE00288A
:108DB0008BD0A6F804808AE79A787245D2D0D5E79E
:108DC0009A788A42B0D0B3E7C278012AE6D18342CA
:108DD000EFD1E7E7DB1B1FFA83F8EAE7B870002062
:108DE000F0ED00E0C47100202DE9F047167806F0A0
:108DF0001F04012C8CB004D0002420460CB0BDE828
:108E0000F087DFF8F892B2F804C0D9F80070804615
:108E100015465FFA8CF317B1BA789A422CD0B44F4A
:108E20007C88002CE9D03A7802EB820002EB400209
:108E300059F802E07444A2789A42DDD1C6F3411693
:108E4000F3B2002B00F09C80012B12D15FEA1C2CA6
:108E50000FD16B881B0A022B00F02E81062B00F02D
:108E60001781012B00F0F580A24B1B68DB0700D5B2
:108E700000BE07233B77BFE7C6F34116F4B2002CD0
:108E800047D0012C25D15FEA1C2C26D0B9F806204A
:108E9000BB18B95CDA89114419448B420ED29A7816
:108EA000023A052A06D8DA78624503D107E05A78F3
:108EB000242AF4D01A7813449942F8D849B10023EF
:108EC00089F80930012498E78A4B1B68D90700D537
:108ED00000BE072389F809308EE76B881B0A012B37
:108EE00000F09580022BEFD16B78812B00F0478149
:108EF000862BE9D10129E2D10B46404629467E4A1C
:108F000001F070FD0028DAD1FF2389F80930002430
:108F100073E76B780A2B4AD00B2B3ED10129CED1B7
:108F2000EB88002BF0D1B9F80630FA181179A9B105
:108F3000F85CD189537A0144034413440A449342B0
:108F400005D395E119780B449A4240F29181597802
:108F50000529F7D19978404601F006FD0026A9F8C9
:108F600006606A8865494046FFF79EFC0446002873
:108F7000CAD02946404601F01DFD89F809603CE74A
:108F80006B780A2B27D00B2B7FF46EAF012900F0F2
:108F9000BD8000233B7701242FE7564B1B6813F05D
:108FA00001032FD107221C4689F8092025E7012952
:108FB00085D1EB88012BA7D1B9F80620BF18A3D023
:108FC0000CAAF97802F8301D294601F00BFD044681
:108FD0000028D2D198E70129DBD1EB88012B35D1CC
:108FE000FB889BB31EEB030330D00CAADB7802F89E
:108FF000303D40460B46294601F0F4FC044628B3B8
:109000003E77FAE600BE072389F80930F5E66B786B
:10901000812B00F0D180862B00F0BE80012B7FF4E5
:1090200053AF012900F0CB8002297FF448AF344BC5
:10903000002B3FF444AF99F80A100020AFF30080F2
:10904000B0FA80F489F809006409D6E6FF233B777B
:10905000D2E67B7F0BB187F81DC06C78842C61D879
:10906000822C65D2012C00F00A81812C7FF4FCAEA9
:1090700001298ED1EB883BB1294640463023214A55
:1090800001F0B0FC002884D1FF233B770024B4E634
:109090006B78812B00F0A180862B7FF4E5AE01294F
:1090A0007FF477AF294640460123134A01F09AFC2A
:1090B00000287FF46EAFE7E76B78812BD8D040F2C1
:1090C000B080852B00F09780862B7FF4CDAE0129F0
:1090D0007FF45FAFEB88012BD6D10B464046294683
:1090E000094A01F07FFC00287FF453AFCCE700BFB2
:1090F000C4710020F0ED00E0C52D0500B87000201F
:1091000000000000E2710020C62D05006A88394683
:109110004046FFF7EDFC002898D02946404601F074
:1091200049FC36E7862CD2D065D3872C7FF49CAEE1
:1091300001297FF42EAFEB88002BA5D0B64EE9466F
:1091400006F1300A30687168B268F368CC46ACE862
:109150000F0010365645E146F4D19DF80210002963
:1091600040F09F80832C00F08381872C00F0648185
:10917000822C00F0618108233B7700243DE6012921
:109180007FF49DAE294640460123A44A01F02AFC03
:1091900000287FF494AEB7E601297FF490AEEB8807
:1091A000012B7FF4B1AE294640469D4A01F01AFCDE
:1091B00000287FF484AEA7E601297FF480AEEB8817
:1091C000012B7FF4A1AE294640460123954A01F0C8
:1091D00009FC00287FF473AE96E601297FF4D9AE2E
:1091E0000B464046294607F11C0201F0FBFB002814
:1091F0007FF4CFAE48E701297FF4CBAEEB88022B9A
:109200007FF442AF0CAA302122F8301D4046294697
:1092100001F0E8FB044600283FF436AF00233B771B
:10922000EBE5012B7FF420AE01293FF425AF0229A5
:109230007FF4AFAE7849A1F11E00FFF781FB044631
:1092400060B3794B7A6BBA613BB1734A79783878FD
:10925000AFF3008000287FF49CAE74490023022005
:109260004FF480720880C7E903337B61BA83C4E599
:109270006F4B1B68D8077FF547AE00BE44E6012957
:109280003FF4FAAE02297FF484AE6349A1F11E00D7
:10929000FFF756FB044600287FF47BAE08233B779C
:1092A000ABE59DF8030000287FD1FA88002A3AD068
:1092B0001EEB020337D01EF80220B3F80D005D4EFE
:1092C00010441844134498420FD99A78102A04D8AD
:1092D00026FA02F2D20700F1D5801A781344984298
:1092E000F1D95A78242AF8D1EDE70346832C5AD0D5
:1092F000872C4CD0822C7FF43EAF01218DF80310D7
:109300001A781A44904237D9947804F0FD06052E55
:1093100010D0112C0ED0147822449042F2D95478F7
:10932000242CF8D1EEE7424B1B68D9077FF523AF19
:1093300000BE20E7D478A142EDD1997806291DD04E
:1093400010291BD004297FF416AFB2F80510B2F82B
:1093500007205B7D02FB01F203FB02F3DB08CDF883
:1093600012306A4629464046302301F03BFB044652
:1093700000283FF489AE51E70246DEE7B2F8051057
:10938000B2F8073003FB01F31B01DB08E7E79A782B
:10939000062A06D0102A02D0042A7FF4ECAE997D6A
:1093A000ACE79979AAE71979A8E7019B002BD8D1F6
:1093B000FA88002AB7D01EEB0203B4D01EF802E0F0
:1093C000B3F80D20DFF86CC072449E1873449E42BF
:1093D0000ED99A78102A03D82CFA02F2D20756D462
:1093E0001A7813449E42F2D95A78242AF8D1EEE72B
:1093F00033461A7813449E4264D99A7802F0FD01EC
:10940000052948D0112A46D01A7813449E42F2D931
:109410005A78242AF8D1EEE7E2710020C1700020CA
:10942000C62D0500C270002000000000C47000209E
:10943000F0ED00E05010010001238DF8023001230F
:109440004FF00112029300230392ADF810304FF653
:10945000C0428DF8223040F29B13ADF81A20ADF8CF
:109460001C30404ACDF81E2008238DF8233078E7C1
:10947000FB88002BE3D01EEB0303E0D01B7B8DF8B1
:109480000230DCE7DA7891427FF427AF2EE7DA7812
:109490009142A5D1ADE7DA789042B5D1823C052C56
:1094A0003FF669AE01A252F824F000BF2D950200EC
:1094B00011950200F3940200779102007791020067
:1094C000C99402003346E9E7D3F8151042F210734D
:1094D000B1FBF3F3019100293ED0DDF812208BB9E6
:1094E000931CB3F5807F28BF4FF48073CDF81630FE
:1094F00037E75A7E72BBD3F8221042F21073B1FBE9
:10950000F3F3E7E7013A1A44B2FBF3F30233E8E777
:109510005A7ECAB1053203EB8202D2F80210D3F8A8
:109520001A3042F21072B3FBF2F3D3E75A7E72B1F3
:10953000053203EB8202D2F80220D3F81A1042F26D
:109540001073B2FBF3F3C5E7D3F81E10E7E7D3F8C7
:109550001E20F2E7002301930023ADF81630ADF88A
:109560001830FEE6030101012DE9F84F334C238941
:1095700053B12278324F02EB820502EB45057D594B
:109580002B449F788F420AD02E4B1B68DB0703D5F4
:1095900000BE0020BDE8F88F0020BDE8F88FD4E9B8
:1095A00004369E4205460BD327490023C4E9033302
:1095B000636119B161781046AFF300800120E9E7DB
:1095C00001F046F90028E7D0DFF88090A36999F808
:1095D0000000D4E9042BA2EB0B0808EB00069E4226
:1095E00028BF1E46B04213D9164B1B6813F0010367
:1095F00001D000BE002339462846144A01F048F93C
:109600000028DBD10F4B1B68DA07C5D500BEC1E7C8
:10961000E168A6EB000A59444844524626F01BFC78
:109620000BEB0A03D0456361B3B2E4D199F8012092
:1096300042F0020289F80120DDE700BFC47100207A
:10964000B8700020F0ED00E000000000C4700020C1
:109650002DE9F041B2F5004F9DF8188030D804464E
:10966000C0681E460F46154618B14FF0FF3116F080
:1096700059FF206918B14FF0FF3116F053FFE2880F
:10968000E068276066F30E02C2F30721002368F347
:10969000C711E2806381A580E171238118B11A4668
:1096A000194616F0F7FA206938B100231A46194610
:1096B00016F0F0FA0120BDE8F0810120BDE8F0814C
:1096C0000020BDE8F08100BF03894289808892B202
:1096D0009BB2934236BFC2EB40029B1A9B189BB2CF
:1096E000984228BF18467047028943899BB2981A4E
:1096F000B0FA80F04009704703894289808892B2AD
:109700009BB2934236BFC2EB40029B1A9B189BB29E
:10971000984286BFC01A80B2002070472DE9F843F6
:10972000054600690E46174618B14FF0FF3116F096
:10973000F9FE2B896989A8889BB289B28B4236BF12
:10974000C1EB40045C1AE418A4B2002C4AD0A04239
:1097500006D283422CBF191A191889B269810446AE
:10976000BC4228BF3C468842A4B203D8091A89B239
:109770008842FBD9EA882B68401AC2F30E0887B2E8
:109780001FFA88F2BC4202FB013125D917FB08F908
:109790001FFA89F94A46304626F05DFBE21B12FBB0
:1097A00008F206EB090092B2296826F054FB6A8998
:1097B000A88892B211198BB29A4215D940001B1A8F
:1097C0009BB228696B8120B100231A46194616F016
:1097D00061FA2046BDE8F88302FB04F2304626F029
:1097E0003AFBE4E769898BB240008342E9DBE6E7B4
:1097F00038B5054600690C4618B14FF0FF3116F038
:1098000091FE29896B89AA8889B29BB2994236BF99
:10981000C3EB4200C81A401880B200B3824209D29A
:1098200091422CBF8B1A8B189BB29A426B8103D842
:109830009B1A9BB29A42FBD9EA882968C2F30E02AE
:10984000204602FB031126F006FB0124286920B103
:1098500000231A46194616F01DFA204638BD044664
:10986000F4E700BF2DE9F0471446002A4FD0054623
:10987000C0680F4618B14FF0FF3116F053FEEA7979
:109880002E896989AB88D209B6B289B242D18E429B
:1098900036BFC1EB4301711A891989B2994252D27C
:1098A000591A89B28C42E88828BF0C46C0F30E08CA
:1098B000B342304603D8C01A80B29842FBD21B1A7A
:1098C0002A681FFA83F9A14508FB002047D219FB3B
:1098D00008FA1FFA8AFA5246394626F0BCFAA4EB77
:1098E000090212FB08F207EB0A0192B2286826F07F
:1098F000B2FAA3199BB2AA88B3424FEA420201D33B
:10990000934201DB9B1A9BB2E8682B81F8B9204691
:10991000BDE8F087E8889C42C0F30E080FD28E4263
:1099200023D3721A92B2580022448242C0DBCE186E
:10993000361BB6B2B14220D9361AB6B2B8E7E41A2D
:1099400008FB0477B3B9E86800240028DFD00023BF
:109950001A46194616F09EF92046BDE8F08708FB26
:1099600004F2394626F077FAC3E75800421A324427
:1099700092B2D9E70E461C4698E7B04298DCDBE786
:1099800010B50446C06818B14FF0FF3116F0CAFD9B
:10999000206918B14FF0FF3116F0C4FDE0680023D4
:1099A0006381238118B11A46194616F073F92069AC
:1099B00020B100231A46194616F06CF9012010BD9B
:1099C00038B5C379B1EBD31F1FD00446C0680D462C
:1099D00018B14FF0FF3116F0A5FD206918B14FF016
:1099E000FF3116F09FFDE379E06865F3C713E3717B
:1099F00020B100231A46194616F04CF9206920B10F
:109A000000231A46194616F045F9012038BD00BF5B
:109A1000704700BF704700BF0020704700207047AC
:109A2000704700BF704700BF704700BF704700BF5E
:109A3000024B5878003018BF012070476C7200202C
:109A4000024B1878C0F38000704700BF6C72002092
:109A5000024B1878FF3818BF0120704718610020AA
:109A60002DE9F047374E3378FF2B82B004D0012523
:109A7000284602B0BDE8F087002946D03822884643
:109A800007460021304826F00AFA304B30490025BD
:109A900001201D7016F0D8FA2E4B1860002834D023
:109AA0002D4C2346626833F80C0B6188009516F044
:109AB0004DF8A168054616F00FFF284B1D6075B3E1
:109AC000274B23B12748AFF30080274B1860254C64
:109AD000DFF89CA02278DFF8909000252B460EE05E
:109AE000D9F8003013EB45130FD05B686BB1984782
:109AF00022780135EDB2511DA9422B4615DBAA4251
:109B0000EED89B1A0AEB4313EFE7184B1B68DA07F2
:109B100000D500BE0025284602B0BDE8F087134BF3
:109B20001B68DB07F6D500BEA2E741463846377012
:109B300001F050FE05460028F1D0384601F04CFEF9
:109B400096E700BF186100206C7200206C73002043
:109B50001C720020A4720020BC600020A8720020AB
:109B6000000000001872002014720020F0ED00E0E8
:109B7000C82D0500B94B1B78FF2B00F0A1812DE902
:109B8000F04F04468BB04FF47A7200238002A10D8F
:109B900025F01CFFB24DDFF8E4B2B24E8246671CDE
:109BA000286800F02481002C00F02181BAF1000F18
:109BB00014BF5246012207A916F022FBC0B19DF83E
:109BC0001D30013B072B00F21481DFE813F0F20097
:109BD000D300CA00BF00B700410014000800089B72
:109BE0000BB109989847286816F048FE0028D6D18E
:109BF0000BB0BDE8F08F9DF820109B4B01F07F0764
:109C000003EB470303EBD11393F826006FF3000037
:109C100083F8260093F826006FF3820083F826006D
:109C2000002F00F04581914A1B7D12789342C0F0CD
:109C30003381501D9842C0F234819B1A0BEB4313C1
:109C40009F699DF82120099B9DF81C00B847CAE731
:109C5000874A1378002B00F024811378013BDBB294
:109C60001370137803F0FF00002BBCD1DFF8F891DC
:109C70009DF81C8099F8003043F0010389F800300A
:109C800099F8263060F3000389F8263099F82630D9
:109C900060F3820389F8263099F8273060F30003D7
:109CA00089F8273099F8273060F3820389F8273044
:109CB00000F002FF9DF8203003F06002602A00F0FF
:109CC0000681402A00F00A8103F01F03012B00F0F7
:109CD000D581C0F01281022B40F0F9809DF824104C
:109CE00001F07F07082F00F2F2807B00C809019382
:109CF0004B44034400905D481F7D03789F4280F0F1
:109D00000F82336803EB4717002A00F0108257B127
:109D1000786900F0D1FE7B69404608AA0121984786
:109D200000287FF460AF9DF81C00002101F0BEFF09
:109D300080219DF81C0001F0B9FF54E74A4B1B78C5
:109D4000D8077FF550AFFFF771FE4CE7464B1A7806
:109D5000D7077FF548AF1878C0F3C000FFF764FE5F
:109D600041E7414BDB78D9077FF53DAF0898FFF716
:109D700051FE38E73D4F9DF81C903A7800239846F5
:109D800010E0336813EB481300F08080DB6848462E
:109D900098473A7808F101085FFA88F8511D88451C
:109DA000434645DC9045A3EB0203EAD30BEB431398
:109DB000ECE72E4F9DF81C903A78002398460FE070
:109DC000336813EB48135BD0DB68484698473A7812
:109DD00008F101085FFA88F8511D884543460FDCF9
:109DE0009045A3EB0203EBD30BEB4313ECE72246C6
:109DF000E1E6204B1B68DA077FF5F5AE00BEF2E620
:109E000038220021184826F04AF81B4A4FF0FF3349
:109E1000C2E90533C2E90033C2E90233D3611384D6
:109E2000136100F03FFE104B9DF820209A70DAE697
:109E3000382200210C4826F032F80F4A4FF0FF3349
:109E4000C2E90533C2E90033C2E90233D3611384A6
:109E5000136100F027FEFFF7E5FDC4E6186100205E
:109E6000A8720020147200206C720020187200206A
:109E70006C730020F0ED00E070720020C82D05002A
:109E8000A44B1B68D907CCD500BECAE7A14B1B6801
:109E9000DA07DED500BEDCE7326812EB43137FF44D
:109EA000CFAE9C4B1B68DB077FF5A2AE00BE9FE6E2
:109EB000099B9DF821209DF81C0000F013FE92E6FE
:109EC0007047FCF7F3FC0246002840F0E981914B13
:109ED0001B68DA077FF527AF00BE24E78E4800280D
:109EE0003FF421AF00F0E8FD404608AA0121FCF74D
:109EF00025FF00287FF477AE15E7202A00F0F180D7
:109F0000002AE4D19DF82130092BE0D801A252F8B3
:109F100023F000BF3BA002001BA00200CF9E020066
:109F20005DA00200CF9E0200FD9F0200A99F0200DB
:109F3000CF9E0200939F02003D9F02009DF82230B9
:109F400001931A4699F801309A4200F0548199F829
:109F50000130002B40F05481019B89F80130002B27
:109F600000F04781581EC0B2FCF7A0FC18B143783E
:109F7000022B00F0C181674B1B68DB0700D500BED8
:109F8000644B1B68D80700D500BE002389F8013058
:109F9000C9E60AAA99F8013002F80E3D40460123AD
:109FA00008A900F01FFD1EE6BDF82200030A5A1E94
:109FB000C0B20E2A3FF6B7AE01A151F822F000BFA1
:109FC000B3A202008FA202007FA20200279D02001E
:109FD000279D020061A202008FA20200279D0200BD
:109FE000279D0200279D0200279D0200279D020059
:109FF000279D0200279D0200E3A2020008A800F0AE
:10A0000061FD40469DF8221001F0ECFB99F800300C
:10A0100043F0020389F80030E5E5BDF82230012B5A
:10A020007FF481AE99F8003040466FF3C30308A96E
:10A0300089F8003000F0BEFCD5E599F800309908A9
:10A0400001F00201C3F340130AAA0B4322F80E3DAC
:10A050004046022308A900F0C5FCC4E5BDF8223043
:10A06000012B7FF460AE99F80030404643F00803BE
:10A0700008A989F8003000F09DFCB4E59DF8243073
:10A080000F2B3FF650AE4B44244A1B791778BB4246
:10A0900038D2376817EB43173FF445AE786900F0C4
:10A0A0000BFD7B6908AA01214046984700287FF4F0
:10A0B0009AAD9DF8203013F060077FF434AE9DF820
:10A0C00021300A3B012B3FF62EAE00F0F5FC9DF847
:10A0D00021300A2B00F0FC8008A9404600F06AFC01
:10A0E00081E59DF824300F2B3FF61DAE4B440B4A03
:10A0F0001B791778BB4260D2376817EB43173FF4E0
:10A1000012AE05E67A1D9A42FFF60DAEDB1B0BEB95
:10A110004317C3E7F0ED00E03D6D02001872002028
:10A12000581DB84239DA002A7FF4FDAD17469DF874
:10A130002130012B03D036D3032B7FF4C8AEBDF8FA
:10A1400022200292AAB9B84A012B10783DD001F022
:10A15000ADFD019B009A4B44134493F8262042F036
:10A16000020283F8262093F8262042F0010283F8A9
:10A170002620002F3FF437AD786900F09DFC7B6905
:10A18000012108AA40469847002000F095FC99F864
:10A190002730D9073FF527AD9EE7FB1A0BEB431796
:10A1A000002AC4D0B4E5019B009A4B4413442033E9
:10A1B0000AAA9B79C3F3400348E77A1D9A42FFF647
:10A1C000B2ADDB1B0BEB4317A2E501F097FD019B42
:10A1D000009A02994B44134493F8262061F34102FC
:10A1E00083F8262093F8262061F3000283F82620C6
:10A1F000BFE7FFF717FC404608A900F0DBFBF2E4DD
:10A200000021404601F000FB404601F09FFB874FD4
:10A2100099F802300293002300943A781C460CE02F
:10A220000BEB4313DB68404698473A780134E4B2BD
:10A23000501D8442234600F3CE809442A3EB0203D8
:10A24000EED2336813EB4413ECD1794B009C1B68BE
:10A25000DB0700D500BE9DF8083089F802307BE6A8
:10A26000FFF7DAFB024600283FF45DAD4046137865
:10A2700008A900F0B7FB00287FF4B5AC53E5BDF8A2
:10A280002410FCF719FB02460028EFD14BE5022B06
:10A290003FF417AEFFF7C2FB024600283FF443AD80
:10A2A0004046538808A900F09DFB00287FF49BAC32
:10A2B00039E5FCF7F7FA024600283FF408AE4046BD
:10A2C000122308A900F08EFB00287FF48CAC2AE54D
:10A2D0000AAA08A902F80E7D4046012300F082FB7D
:10A2E00081E4544B002B3FF41EADFCF723FD0246E6
:10A2F00000283FF418ADD3E7C27999F80030511126
:10A3000061F30413921162F3451389F80030438816
:10A31000CDF81080CDE900A4C318039300F109071C
:10A32000039BBB4237D97B780B2B03BF3B7897F855
:10A3300003A0FF184FF0010A7B78042B43D1039B45
:10A340003A4ACDF814A0DB1B00219BB2029112788F
:10A3500088469A4617E0346814EB481433D05246C6
:10A360003946049823699847082808F1010201D961
:10A37000824543D22D4B5FFA82F81A78CDF80880D7
:10A38000511D88451CDC029B9045A3EB0202E2D3E1
:10A390000BEB4214E3E7DDF81080DDE900A4FFF7E2
:10A3A0003FFB28E70246434604463946224802F06E
:10A3B000B1FA1E4B029A1B78053393422744AFDA59
:10A3C000DDE900A4D7E51A4B1B68DF07DDE900A42F
:10A3D0007FF5D6ADD3E5382200211848009C25F042
:10A3E0005EFD174A4FF0FF33C2E90533D361138492
:10A3F000C2E90033C2E9023313612CE7DDF814A08F
:10A40000BAF1010F1ED00021CBB2534501F1010179
:10A41000C8D2BA78134459FA83F31A79FF2AD2D1F1
:10A4200083F80480F0E700BF186100201872002054
:10A43000F0ED00E0356D0200807200206C720020AB
:10A440007072002023690A4A0A498B4208BF4FF004
:10A45000020A9342D7D17B79012BD4D1BB79012B4E
:10A46000D1D1FB79002B08BF4FF0020ACBE700BF28
:10A470005D7902001D7102002DE9F0434378023B33
:10A4800085B005460E46042B0CD8DFE803F0495D85
:10A49000037E3F00844B1A78D70715D51A7842F00F
:10A4A00004021A70814B18688EB933464FF0FF32A0
:10A4B000294615F0EFFB003018BF0120F0B97C4BA6
:10A4C0001B68DB0700D500BE05B0BDE8F08304AA19
:10A4D000002342F80C3D294615F0ECFD019B43B1E9
:10A4E000744B4FF080525A6040BFBFF34F8FBFF3A1
:10A4F0006F8F003018BF01200028E0D03246697805
:10A500002878FFF785FA05B0BDE8F0836A4A13782A
:10A510000133DBB21370654B1868002ED7D1C4E746
:10A52000614B1A786FF300021A701A7800216FF3EA
:10A5300041021A7059701A7861F382021A705B4BEB
:10A540001868002EC3D1B0E75C4FDFF874913978FA
:10A55000DFF87081002423460AE0D8F8003013EBBE
:10A5600044130AD10134E4B24A1DA242234615DB4A
:10A570008C42F2D35B1A09EB4313DB69002BF1D059
:10A580006968287898473978ECE7474B1A78D407F8
:10A590009AD51A786FF382021A7083E7424C2378B7
:10A5A00058072FD5237841496FF3820323702B7806
:10A5B0008DF8043005220023CDF80A30CDF806309E
:10A5C000ADF80E3008688DF80520002E59D004AA89
:10A5D00001A942F8103D15F06DFD009B43B1354BCC
:10A5E0004FF080525A6040BFBFF34F8FBFF36F8F61
:10A5F000003018BF012000284DD12D4B1B68D90712
:10A6000000D500BEE378DA077FF55EAF274A2B78E6
:10A61000696810688DF8043003220023CDF80A30F1
:10A62000CDF80630ADF80E3002918DF80520F6B168
:10A6300004AA01A942F8103D15F03CFD009B43B16E
:10A640001C4B4FF080525A6040BFBFF34F8FBFF397
:10A650006F8F003018BF012000283FF430AF324622
:10A660009DF805109DF80400FFF7D2F92CE733465A
:10A670004FF0FF3201A915F00DFB003018BF01208B
:10A68000EAE733464FF0FF3201A915F003FB003033
:10A6900018BF0120AFE732469DF805109DF8040071
:10A6A000FFF7B6F9AEE700BF6C720020A872002079
:10A6B000F0ED00E000ED00E06C7300201872002067
:10A6C000C82D0500147200202DE9F84F0A9F002ABA
:10A6D0004CD090464A78052A0C460ED1CE7806F02A
:10A6E0000306B34209D18A7802F07F02082A0DD905
:10A6F000204B1B68DA0700D500BE1E4B1B68DB072A
:10A7000002D40020BDE8F88F00BEFAE7DFF868B099
:10A71000DFF868A09BF8009000250EE06278052A1B
:10A72000EBD1E27802F00302B242E6D1A27802F065
:10A730007F02082ADCD89BF800909AF802100022C9
:10A74000204602F095F80028D2D04846214601F074
:10A750006FF80028D1D0A278D30916BF0B9B3A70AE
:10A760001A702278013545451444D7D10120BDE83F
:10A77000F88F00BFF0ED00E0186100206C7200203F
:10A7800030B51E4D85B0082400230290019303913B
:10A790008DF805402868144682B9134601A94FF088
:10A7A000FF3215F077FA003018BF0120E0B9144BE2
:10A7B0001B68DB0700D500BE05B030BD04AA01A9A7
:10A7C00042F8103D15F076FC009B43B10D4B4FF065
:10A7D00080525A6040BFBFF34F8FBFF36F8F00307E
:10A7E00018BF01200028E2D022469DF805109DF8F0
:10A7F0000400FFF70DF905B030BD00BFA8720020BE
:10A80000F0ED00E000ED00E038B58B7803F07F0359
:10A81000082B06D90B4B1B68DB0700D500BE0020B8
:10A8200038BD094A094B0C46204691781D78002214
:10A8300002F01EF80028EDD021462846BDE8384039
:10A8400000F0F6BFF0ED00E06C720020186100200F
:10A85000CB09263301F07F010348044A03EB410191
:10A860000844116801F0BABF6C720020A472002085
:10A87000CB09263301F07F010348044A03EB410171
:10A880000844116801F0D6BF6C720020A472002049
:10A8900038B5154C01F07F0504EB450404EBD114E9
:10A8A0002034A079C00706D5104B1B68DA0700D505
:10A8B00000BE002038BDA5790D4845F0010500789F
:10A8C000A57101F0F1F80028F4D1A379074A60F3EB
:10A8D0000003A371A37960F38203A3711368DB07FC
:10A8E000E7D500BE38BD00BF6C720020F0ED00E07F
:10A8F00018610020054B01F07F0203EB420303EBDC
:10A90000D11191F8260000F0010070476C72002010
:10A9100010B50C4B18780C4601F0C8F90A4904F040
:10A920007F0301EB430101EBD41191F8263043F092
:10A93000020381F8263091F8263043F0010381F8B4
:10A94000263010BD186100206C720020054B01F00C
:10A950007F0203EB420303EBD11191F82600C0F311
:10A96000400070476C72002010B50F4B18780C46F1
:10A9700001F036F80D4904F07F0301EB430101EBD0
:10A98000D41191F826306FF3410381F8263091F805
:10A9900026306FF3000381F8263091F826306FF3EC
:10A9A000820381F8263010BD186100206C720020EF
:10A9B000704700BF0A4630B4094C49680546106824
:10A9C000234603C30023C4E9023392F900209A42CC
:10A9D0002846ACBF802119461A4630BCFFF758BF45
:10A9E000B0730020F0B50E462B4C4968074630681E
:10A9F000A260254603C50021E181F588AB4228BF4E
:10AA00002B4683B0A381ADB13BB3002A3DD094F96E
:10AA10000000402B28BF402300282CDB1F4A38466B
:10AA2000FFF736FF98B91E4B1B68DB0712D500BE37
:10AA300003B0F0BD96F90030002BACBF802100219F
:10AA400038462B462A46FFF723FF0028EBD001208B
:10AA500003B0F0BD002003B0F0BD94F90020002A3F
:10AA6000ACBF194680211A463846FFF711FF00286F
:10AA7000D9D00120ECE71146084801931A4625F089
:10AA8000EAF9064A019B8021EEE7054B1B68D907CE
:10AA9000E0D500BE1046CBE7B073002070730020F5
:10AAA000F0ED00E0034B0022C3E90022C3E90222DB
:10AAB0001A617047B0730020014B1861704700BFE6
:10AAC000B07300200346064A5968006810B4134664
:10AAD000002403C3C2E902445DF8044B704700BF81
:10AAE000B073002070B5404C2278C909B1EBD21F79
:10AAF00082B0064615D03BB13C4B1B68DA0700D547
:10AB000000BE002002B070BD2146FFF751FF23694F
:10AB1000002B40D02246304603219847012002B046
:10AB200070BD94F90020A068002A08DB0028E8D056
:10AB30001A462F49019325F08EF9A068019BE589FB
:10AB4000E2881D44ADB21844AA42A060E58101D05C
:10AB50003F2B23D8236923B1234A0221304698474B
:10AB600088B194F9002000239A42ACBF8021194695
:10AB700030461A46FFF78CFE68B91C4B1B68DB0792
:10AB8000BFD500BEBEE70146304601F08FF8304623
:10AB9000802101F08BF8012002B070BDA28994F9E8
:10ABA0000010531B9BB2402B28BF402300290ADB17
:10ABB00095424FF0000112D00D4A3046FFF768FE73
:10ABC0000028DAD0E7E795420BD001461A4608483C
:10ABD000019325F040F98021054A019BEDE70A46E3
:10ABE000EBE780210022E8E7B0730020F0ED00E001
:10ABF0007073002000B1704717F09AB800B1704729
:10AC000017F0A0B80138C3B2042B07D856230D4A59
:10AC100003FB00F013181B79DB0706D40A4B1B68F3
:10AC2000DB0700D500BE00207047CB09363301F0AA
:10AC30007F0103EB4101054B08441044196801F002
:10AC4000CDBD00BFC4730020F0ED00E0747500209E
:10AC50000138C3B2042B07D856230A4A03FB00F07D
:10AC600013181B79DB0701D400207047CB0936335A
:10AC700001F07F0103EB4101034B084410441968C4
:10AC800001F0D8BDC473002074750020F0B5441ED7
:10AC9000E5B2042D83B017D8562505FB04F5174EF1
:10ACA00001F07F0405EB4404344404EBD114303448
:10ACB000A779FF070BD5124B186810F0010001D0DF
:10ACC00000BE002003B0F0BD002003B0F0BD1F4661
:10ACD00013460A460146705DA579009745F00105C7
:10ACE000A57100F0BDFB0028ECD1A37960F300034F
:10ACF000A371A37960F38203A371E3E7C473002017
:10AD0000F0ED00E02DE9F047764DAF798F4284B049
:10AD100091461E4604465BD0E2234FF0000AA9711B
:10AD20008DF809108DF80830ADF80CA0002E00F059
:10AD3000B380012103AF0DF10808FBF72BFE41465C
:10AD40003A4602232046FBF753FE51462046FBF7C6
:10AD500021FE9DF80C30EB702223D9F800908DF87D
:10AD60000730002E3ED020460121FBF713FE3A4665
:10AD70000DF1070101232046FBF73AFE9DF80C3048
:10AD8000EB704946082300222046FBF731FE20469F
:10AD90000021FBF7FFFD0026102241F2F2032046BE
:10ADA0000121EA71ADF80830ADF80C60FBF7F2FD57
:10ADB0003A46414602232046FBF71AFE314620461A
:10ADC000FBF7E8FD9DF80C30EB7004B0BDE8F087B0
:10ADD000222303AF0DF10808D9F800908DF8073051
:10ADE000002EC0D14FF0FF31E86D15F09BFB3146CE
:10ADF0002046FBF709FE20460121FBF7CBFD3A4632
:10AE00000DF1070101232046FBF7F2FD9DF80C3000
:10AE1000EB703246082349462046FBF7E9FD3146F0
:10AE20002046FBF7B7FD20460121FBF7EDFD334639
:10AE300032463146E86D14F02DFF102241F2F20344
:10AE40004FF0FF31E86DEA71ADF80830ADF80C60F5
:10AE500015F068FB31462046FBF7D6FD2046012160
:10AE6000FBF798FD3A46022341462046FBF7C0FD1A
:10AE700031462046FBF78EFD20460121FBF7C4FD3D
:10AE8000334632463146E86D14F004FF9DF80C302D
:10AE9000EB7004B0BDE8F0874FF0FF31E86D15F0BE
:10AEA00041FB31462046FBF7AFFD03AF20460121B1
:10AEB0000DF10808FBF76EFD3A4602234146204695
:10AEC000FBF796FD31462046FBF764FD2046012145
:10AED000FBF79AFD334632463146E86D14F0DAFE50
:10AEE00037E700BF787500202DE9F04F4B781D073C
:10AEF0000E4685B090460978044662D1DA0600F124
:10AF00004881B26812B1B288002A5AD1E24D03F0EA
:10AF10002006AB7966F07F068B42F6B200F06481C2
:10AF2000E2230027A9718DF809108DF80830ADF8DB
:10AF30000C70B8F1000F00F06C82012120460DF179
:10AF40000C090DF1080AFBF725FD51464A4602237C
:10AF50002046FBF74DFD39462046FBF71BFD9DF8CB
:10AF60000C30EB70F223EE718DF8096000268DF83D
:10AF70000830ADF80C60B8F1000F40F0D980E86DF2
:10AF80004FF0FF3115F0CEFA41462046FBF73CFD6D
:10AF900020460121FBF7FEFC4A460223514620468B
:10AFA000FBF726FD41462046FBF7F4FC2046012135
:10AFB000FBF72AFD434642464146E86D14F06AFE1F
:10AFC00045E0B54D13F02007AA7946D1914240F0F3
:10AFD000BE800DF10C090DF1080AB37813F0100FC3
:10AFE0000CBF10222022EA2300278DF809208DF8BB
:10AFF0000830ADF80C70B8F1000F00F0FA800121B4
:10B000002046FBF7C7FC02234A4651462046FBF781
:10B01000EFFC39462046FBF7BDFC9DF80C30EB7089
:10B020007378EB71F222012120468DF809308DF8FA
:10B030000820ADF80C70FBF7ADFC51464A460223E0
:10B040002046FBF7D5FC39462046FBF7A3FC9DF8CC
:10B050000C30EB7005B0BDE8F08F914240F0A1805C
:10B060000DF10C090DF1080AB37813F0100F0CBFA5
:10B0700040228022EA2300278DF809208DF808302D
:10B08000ADF80C70B8F1000F00F0E480012120460B
:10B09000FBF780FC514602234A462046FBF7A8FCFA
:10B0A00039462046FBF776FC9DF80C30EB70328871
:10B0B0002B899A422AD0B788F2887388BF1ABFB208
:10B0C0005B099F4228BF1F4617F0FF0740F0088129
:10B0D0003A23AF708DF8097000278DF80830ADF86D
:10B0E0000C70B8F1000F00F0D98001212046FBF769
:10B0F00051FC514602234A462046FBF779FC39466B
:10B100002046FBF747FC9DF80C30EB7033782B7230
:10B1100073786B727378EB71F22200268DF8093028
:10B120008DF80820ADF80C60B8F1000F3FF427AFA0
:10B1300020460121FBF72EFC51464A4602232046B9
:10B14000FBF756FC31462046FBF724FC7FE7E22361
:10B15000A9718DF80910ADF80C708DF80830B8F1B0
:10B16000000F00F0DE80012120460DF10C090DF1E9
:10B17000080AFBF70FFC51464A4602232046FBF71C
:10B1800037FC39462046FBF705FC9DF80C30EB7088
:10B1900023E7434606F10802FFF7B4FD05B0BDE81A
:10B1A000F08FE2230027A9718DF809108DF808307F
:10B1B000ADF80C70B8F1000F00F0D98001212046E5
:10B1C0000DF10C090DF1080AFBF7E4FB51464A4664
:10B1D00002232046FBF70CFC39462046FBF7DAFB3E
:10B1E0009DF80C30EB703FE70DF10C090DF1080AEA
:10B1F000B8E64FF0FF31E86D15F094F9414620466E
:10B20000FBF702FC01212046FBF7C4FB02234A4660
:10B2100051462046FBF7ECFB41462046FBF7BAFBC4
:10B2200001212046FBF7F0FB434642464146E86DCC
:10B2300014F030FD9DF80C30EB707378E86DEB7115
:10B24000F2224FF0FF318DF80930ADF80C808DF807
:10B25000082097E64FF0FF31E86D15F063F941469D
:10B260002046FBF7D1FB20460121FBF793FB4A4622
:10B27000022351462046FBF7BBFB41462046FBF725
:10B2800089FB20460121FBF7BFFB4346424641466E
:10B29000E86D14F0FFFC07E7787500204FF0FF31F0
:10B2A000E86D15F03FF941462046FBF7ADFB20461F
:10B2B0000121FBF76FFB4A46022351462046FBF76C
:10B2C00097FB41462046FBF765FB20460121FBF733
:10B2D0009BFB434642464146E86D14F0DBFC12E717
:10B2E00012238DF80730D6F808B0B8F1000F64D0FB
:10B2F00020460121FBF74EFB4A460DF107010123D1
:10B300002046FBF775FB9DF80C30EB7059463B4629
:10B3100000222046FBF76CFB00212046FBF73AFB9E
:10B32000D6E64FF0FF31E86D15F0FCF841462046B7
:10B33000FBF76AFB0DF10C09204601210DF1080A0B
:10B34000FBF728FB4A46022351462046FBF750FBF9
:10B3500041462046FBF71EFB20460121FBF754FB2C
:10B36000434642464146E86D14F094FC0DE74FF029
:10B37000FF31E86D15F0D6F841462046FBF744FB57
:10B380000DF10C09204601210DF1080AFBF702FB23
:10B390004A46022351462046FBF72AFB41462046F7
:10B3A000FBF7F8FA20460121FBF72EFB4346424605
:10B3B0004146E86D14F06EFC12E74FF0FF31E86D86
:10B3C00015F0B0F841462046FBF71EFB2046012150
:10B3D000FBF7E0FA4A460DF1070101232046FBF78F
:10B3E00007FB9DF80C30EB7042463B465946204621
:10B3F000FBF7FEFA41462046FBF7CCFA2046012136
:10B40000FBF702FB434642464146E86D14F042FC1E
:10B410005EE64FF0FF31E86D15F084F841462046B6
:10B42000FBF7F2FA0DF10C09204601210DF1080A93
:10B43000FBF7B0FA4A46022351462046FBF7D8FAFA
:10B4400041462046FBF7A6FA20460121FBF7DCFA2D
:10B45000434642464146E86D14F01CFC7FE500BFC0
:10B460002DE9F04102F07F0CBDF818E0D20981BB54
:10B47000BCF1000F5ED13E4EA6F160077178B47842
:10B4800082F0010262F345110A466FF3041244F0A0
:10B4900010017270B170B278B360032363F30302DA
:10B4A00000258046A6F804E0B270F5802846FFF734
:10B4B000A1FBBC7AC4BB01252046BD72FFF79EFBF1
:10B4C0002246404631462C46FFF70EFD2046BDE899
:10B4D000F08182F00108BCF1000F2ED0254F01222F
:10B4E0003C4604E00132142A04F10C0418D094F80C
:10B4F0006C508D42F6D102EB420507EB850595F8BD
:10B50000615005F00F066645ECD1C5F34015454581
:10B5100004F16C06BFD00132142A04F10C04E6D108
:10B5200000242046BDE8F0812846FFF767FB20464F
:10B53000BDE8F08182F00108D0E70E4F01243D46BE
:10B5400002E00134142CEBD095F86C608E4205F1CA
:10B550000C05F6D104EB4406B60007EB060C9CF88C
:10B5600061C01CF00F0FECD160363E4486E700BF8F
:10B57000D87500207875002042DF704743DF7047A0
:10B5800044DF704712DF7047F0B5334CBFF35B8F79
:10B59000014604F590730125D3E84F2FC3E8405FBF
:10B5A0000028F9D1BFF35B8F12F0FF0F48D10829B3
:10B5B00029D04E01A21954F806C028489388284F74
:10B5C00001F5947601EB810E50F82660D2889A1A24
:10B5D00093B2B6B200EB8E0209B2B34228BF334633
:10B5E000C2F800C707EB8100C2F8043747F82150C2
:10B5F000BFF36F8FBFF34F8F1A4B984218D0043BA5
:10B60000984215D0F0BD154BD3F8C024D1030FD408
:10B6100094F80B1161B11449D4F80001C3F8A007E4
:10B62000C3F8A4270D60BFF36F8FBFF34F8FF0BD3A
:10B630000023BFF35B8F84F82031BFF35B8FF0BD35
:10B640000A4B0B485A68C2F30802003218BF0122A5
:10B65000BDE8F040FFF794B8C876002000700240C3
:10B6600028700240507002404870024000ED00E037
:10B67000E9B60200174BBFF35B8F01460122D3E806
:10B680004F0FC3E84C2FBCF1000FF8D1BFF35B8F15
:10B6900010F0FF0F14D10A60BFF36F8FBFF34F8F0D
:10B6A0000D4B994203D0043B994200D070470B4B9D
:10B6B000BFF35B8F002283F82021BFF35B8F7047BD
:10B6C000074B08485A68C2F30802003218BF01222B
:10B6D000FFF756B8E877002050700240C876002087
:10B6E00000ED00E075B60200F0B5334CBFF35B8FA0
:10B6F000C1B204F590730126D3E84F2FC3E8406F21
:10B700000028F9D1BFF35B8F12F0FF0F47D1082952
:10B7100028D04D01621954F805E028489388DFF8D5
:10B72000B0C001F5947550F82570D2888D009A1A32
:10B7300093B2BFB26A1800EB8202BB4228BF3B46FD
:10B74000C2F800E76544C2F804374CF82160BFF343
:10B750006F8FBFF34F8F1A4B9D4218D0043B9D4211
:10B7600015D0F0BD154BD3F8C024D1030FD494F8F5
:10B770000B1161B11349D4F80001C3F8A007C3F855
:10B78000A4270E60BFF36F8FBFF34F8FF0BD002370
:10B79000BFF35B8F84F82031BFF35B8FF0BD0A4BA2
:10B7A0000A485A68C2F30802003218BF0122BDE8F5
:10B7B000F040FEF7E5BF00BFC876002000700240F1
:10B7C000507002404870024000ED00E0E9B602000F
:10B7D0002870024001207047014B80225A60704758
:10B7E00000E100E0074BD3F80014D3F80024002058
:10B7F0000A434FF48001C3F80024C3F85801C3F88A
:10B800000413704700700240074B4FF4001229B92F
:10B81000C3F80823054B83F821117047C3F80423AC
:10B82000024B83F82111704700700240C876002057
:10B8300070B48A788C88414EC97802F07F03D509AC
:10B8400005EB430006EB001001F00301C4F30A040A
:10B85000012904812BD0012101FA03F4BDB138483C
:10B8600002339940C0F80413D0F810352343C0F8D0
:10B870001035334B42F48071C3F81825C3F80C150A
:10B88000BFF36F8FBFF34F8F012070BC70472C4800
:10B8900003F10C06B140C0F80413D0F8141503F5F9
:10B8A00094730C43C0F8144540F82350E1E7082B8B
:10B8B00008D0244B186810F00100E6D000BE00202C
:10B8C00070BC7047EDB9B6F818311BB11C4B802223
:10B8D000C3F81C251A4A0023C2F85031D2F80033AD
:10B8E00013F4001308BFC2F85431154B4FF4401243
:10B8F000C3F80423D3F8142542F48072C3F8142546
:10B90000BEE7B6F808210E4B0021C3F82C1112B186
:10B910008022C3F81C250A4AD2F8003313F400131E
:10B9200008BFC2F85431064B074AC3F80423D3F8C2
:10B93000102542F48072C3F81025A1E7C8760020D4
:10B9400000700240F0ED00E0000820001F4B802254
:10B950002DE9F041C3F88420BFF34F8FBFF36F8F01
:10B9600001241B4D1B4FA0460026A30004F10C022E
:10B97000A11C03F1804303F51C3308FA01F108FA16
:10B9800002F20A43C7F8082328465E6001342022E9
:10B990009E62002124F083FA082C05F12005E4D1F1
:10B9A0000D4BC7F808332022C7F81C6500217E62C2
:10B9B0000A48BE6424F073FAC7F81485C7F81085E6
:10B9C000024B80225A60BDE8F08100BF00E100E038
:10B9D000E87600200070024000083000C8770020A0
:10B9E00001F07F02082A70B44FEAD11128D0012358
:10B9F00003FA02F0C043B1B1294C951CAB40C4F826
:10BA00000833D4F81055274B2840C4F8100501EB33
:10BA1000420103EB01110023CB72BFF36F8FBFF321
:10BA20004F8F70BC70471E4C02F10C05AB40C4F840
:10BA30000833D4F814551B4B2840C4F81405E6E726
:10BA4000184B03EB01100024A0F808411448D1B1B1
:10BA50004FF40064C0F80843D0F8104524F4807413
:10BA6000C0F81045B3F81841B3F808510C48EC423F
:10BA70004FF0000608BF4FF40014C0F81C6508BF63
:10BA8000C0F80843C3E74FF48014C0F80843D0F867
:10BA9000144524F48074C0F81445C0F85011E1E74F
:10BAA00000700240C876002001F07F004FEAD11CF0
:10BAB000F0B50CEB4005744E2D01771985B0FC7A7A
:10BAC0004CB1724B1C6814F0010401D000BE00247C
:10BAD000204605B0F0BD04F0FF0E7251BB80A7F800
:10BAE00006E0002843D1002B57D0BCF1000F00F036
:10BAF0008E8006EB401100EB8003CD8A8A8A0C8B86
:10BB00000969521B9B0092B203F1804303F51C3379
:10BB1000A24228BF22465E4DC3F8001600B2C3F809
:10BB200004265C4BBFF35B8F05EB80010122D3E859
:10BB30004F4FC3E8472F002FF9D1BFF35B8FE4B21B
:10BB4000002C40F0908045F82020BFF36F8FBFF3AA
:10BB50004F8F514B994202D0043B994219D1BFF308
:10BB60005B8F002386F82031BFF35B8F11E0BCF1BF
:10BB7000000FBED106EB40160123F372BFF36F8FA7
:10BB8000BFF34F8FB37A23B1F37A03F0FF04002B96
:10BB900074D10124204605B0F0BD404AD2F880247B
:10BBA000C2F3C0126245A0D03D4D6A688DF80810FE
:10BBB000C2F3080100314FF4E06218BF012101A86F
:10BBC00003938DF80930ADF80420FEF755FCBFF360
:10BBD0005B8F06F590720123D2E84F1FC2E8403F09
:10BBE0000028F9D1BFF35B8FCCB2002C38D12A4AA0
:10BBF0001360BFF36F8FBFF34F8F1C46BFF35B8F94
:10BC0000204686F82011BFF35B8F05B0F0BD0123FD
:10BC1000204AF372BFF35B8FD2E84F4FC2E8413F37
:10BC20000029F9D1BFF35B8FE4B26CB91D4A1360F0
:10BC3000BFF36F8FBFF34F8FBFF35B8F86F820C1C9
:10BC40001C46BFF35B8F43E7154B16495A681648ED
:10BC5000C2F30802003218BF0122FEF791FD37E758
:10BC60006A680D49F3E70E4B0F485A68C2F30802A1
:10BC7000003218BF0122FEF783FD29E786F80AC0CB
:10BC8000FFF782FC24E700BFC8760020F0ED00E05B
:10BC900004700240E87700205070024000700240BB
:10BCA00000ED00E04C70024075B6020011F07F001C
:10BCB00008B512D008280BD00E4B41F48072C90988
:10BCC000C3F8182504D10C4B03EB40139A7A62B9E0
:10BCD000BFF36F8FBFF34F8F08BD064B01225A652C
:10BCE000BFF36F8FBFF34F8F08BD9972FFF74CFC06
:10BCF000EEE700BF00700240C876002011F0770F19
:10BD000012D00A4B41F48072C3F80C15C3F80C250D
:10BD1000CA09C3F8181504BF01F5947143F821202E
:10BD2000BFF36F8FBFF34F8F704700BF00700240AB
:10BD30002DE9F04FA54BA64CD3F8000300238BB0A0
:10BD40001E461F46012520FA03F11A19C9074FEABA
:10BD5000820209D5116839B105FA03F117600E4363
:10BD6000BFF36F8FBFF34F8F0133192BEBD1F20766
:10BD700000F13582974D330508D5944BD3F8A8369A
:10BD800001229BB2A5F8163185F81C21B70206F4F2
:10BD9000800424D58D4BD3F81425D00540F1FC81C7
:10BDA000002C00F0A182D3F80024D20740F19C823D
:10BDB000D3F81035DA0540F1FB8195F81C3107AF57
:10BDC000002B40F0BD82814BD3F8203508933846D4
:10BDD0004FF440730121ADF81C30FEF74DFB04B366
:10BDE0007A4AD2F8004440F201732340C2F800348A
:10BDF000E30500F15682670510D5744B0122C3F8A4
:10BE000008259A65D3F8002312F4001208BFC3F87E
:10BE100054216E4B4FF40012C3F80423A00500F127
:10BE2000358231023DD5694BD3F880C4D3F88414F0
:10BE3000D3F888E4D3F88C74D3F89084D3F894447E
:10BE4000D3F89804D3F89C245FFA8CF35FFA80FC53
:10BE5000D0B25A06C9B25FFA8EFEFFB25FFA88F816
:10BE60005FFA84F901D105291BD00024224668F32A
:10BE7000070263F3070461F30F2469F30F226EF3E3
:10BE800017446CF3174260F31F6267F31F644FF4AB
:10BE9000C063012107A8CDE90842ADF81C30FEF7C8
:10BEA000EBFA4D4B3340002B40F09181DFF82491A9
:10BEB000464F4D46CA4609F5907800241DE02B44B4
:10BEC000DA7A002A00F0D781DA88AAF80420002262
:10BED000DA72D98809914FF4E063012107A88DF83F
:10BEE00020B08DF82120ADF81C30FEF7C5FABBF16B
:10BEF000080F47D001340AF1200A04F10C0326FA96
:10BF000003F3DB075FFA84FBF1D504EB840307EB53
:10BF10008303DAF80020D3F80807630112FA80F2ED
:10BF2000E918CAF80020CA8880B2024492B2082CEC
:10BF3000CA80C4D0BAF808208242C0D1CA88BAF8F0
:10BF400004109142BBD9BBF1000FD0D10122BFF345
:10BF50005B8FD8E84F3FC8E8412F0029F9D1BFF3E4
:10BF60005B8F13F0FF0F40F052821C490A60BFF351
:10BF70006F8FBFF34F8FBFF35B8F85F82031BFF317
:10BF80005B8FB7E7164B3340002B00F002810F4B5D
:10BF9000D3F86C240192C3F86C24BFF36F8FBFF306
:10BFA0004F8F16F4806600F06E81D3F88024D3F8AA
:10BFB000803483F08003C3F3C0130593C2F3C0132E
:10BFC0000493DFF808A00024A84613E000700240A4
:10BFD000409C0010C8760020FCFB1F004C70024003
:10BFE00000040001002C00F0F281072E52D0013431
:10BFF00009F120090199E14004EB8403C9070AEB28
:10C00000830308EB4412E6B2ECD5D3F80816D9F84E
:10C010001070C9B20F44C9F81070D08A014489B2B7
:10C02000D182A849D08AB9F8145061188900854294
:10C0300002914FF0010C66F07F0103914FF4E06B29
:10C040004FF0000E614607A840F2B480D18AB9F8DB
:10C050001820C3F800766D1AADB2954228BF154678
:10C06000994AC3F80456BFF35B8FD2E84F3FC2E84A
:10C0700041CF0029F9D1BFF35B8F13F0FF0F40F0E0
:10C08000ED80029BC3F800C0BFF36F8FBFF34F8FEB
:10C09000072EACD1019BDB03454601D4059B43B180
:10C0A000EB7A23B1EB88AA889A4200F271810123CE
:10C0B000AB72019B9F030BD595F82B3023B1EB8C12
:10C0C000AA8C9A4200F28881012385F82A30019BCC
:10C0D0005E030DD595F84B3033B1B5F84630B5F861
:10C0E00044209A4200F27D81012385F84A30019B69
:10C0F0001C030DD595F86B3033B1B5F86630B5F843
:10C1000064209A4200F27E81012385F86A30019B07
:10C11000D8020DD595F88B3033B1B5F88630B5F827
:10C1200084209A4200F23881012385F88A30019BED
:10C1300099020DD595F8AB3033B1B5F8A630B5F806
:10C14000A4209A4200F22D81012385F8AA30019B98
:10C150005A020DD595F8CB3033B1B5F8C630B5F8E5
:10C16000C4209A4200F22281012385F8CA30019B43
:10C170001B020ED595F8EB30002B00F0F380B5F8DC
:10C18000E630B5F8E4209A4240F2EC800720FFF751
:10C19000FBF90BB0BDE8F08FD3F81025D1053FF5C2
:10C1A0000CAE95F821211AB94FF40012C3F80823F8
:10C1B00007AF08E6D38A09939DF80C30ADF81CB0A0
:10C1C0008DF820308DF821E0FEF756F90DE70023B9
:10C1D000BFF35B8F85F82031BFF35B8F66E63B4B87
:10C1E0003B4A3C4D3C4800240127C2F81475C2F874
:10C1F0001075546094625C609C629C60DC62DC60E0
:10C200001C631C615C635C619C639C61DC63DC613E
:10C210001C6454629464C2F85841D2F80034D2F8D5
:10C2200000140B43C2F80034D2F80033C2F80833CC
:10C230002146C2F8040328464FF4927223F02FFEE1
:10C2400040234FF48072394607A82B832B818DF849
:10C250002040ADF81C20FEF70FF98CE51F4B20485D
:10C260005A680299C2F30802B2EB0E0218BF01220B
:10C27000FEF786FAB9E61B4B1B68D80789D500BEC6
:10C280000BB0BDE8F08FCDE904669AE600220523E5
:10C29000012107A88DF81C208DF81D30FEF7ECF861
:10C2A000BFE50121C2F82C150423002207A88DF850
:10C2B0001C208DF81D30FEF7DFF867057FF5AEAD69
:10C2C0009BE500BF019C0010E8770020047002404D
:10C2D00000700240C87600200514C00100ED00E0A7
:10C2E00075B60200F0ED00E04F4BBFF35B8F01220B
:10C2F000D3E84F1FC3E8402F0028F9D1BFF35B8F6D
:10C3000011F0FF0F32D1494BD3F8C004C70352D408
:10C3100095F80B1101F0FF07002967D04449D5F8C3
:10C320000071C3F8A077C3F8A4070A60BFF36F8F4A
:10C33000BFF34F8FD3F81035D8053FF53EAD37E743
:10C34000B5F816310993002285F81C2188234FF493
:10C35000E06238460121ADF81C20ADF82030FEF730
:10C360008BF830E5012385F8EA3012E7314B32488B
:10C370005A68C2F30802003218BF01220821FEF7F2
:10C38000FFF92A4BD3F81035DB053FF516AD0FE763
:10C390000020FFF7F9F88CE60420FFF7F5F8019B81
:10C3A000C6E60520FFF7F0F8019BD1E60620FFF76F
:10C3B000EBF8019BDCE6BFF35B8F85F82011BFF340
:10C3C0005B8FD3F81035DF053FF5F7ACF0E6049945
:10C3D00000293FF40CAE18E60120FFF7D5F8019BC9
:10C3E00076E60220FFF7D0F8019B81E6BFF35B8F72
:10C3F00085F82071BFF35B8FD3F81035D9053FF571
:10C40000DCACD5E60320FFF7BFF8019B80E6094BC3
:10C410000A485A680A49C2F30802003218BF0122CA
:10C42000FEF7AEF966E500BFE87700200070024035
:10C430004870024000ED00E0E9B6020075B6020067
:10C440004C70024030B5012885B000F09F8057D372
:10C45000022840D1BA4BD3F80435002B40F0D780E6
:10C46000B74AD2F800341C05FBD54FF40063C2F87C
:10C470000034BFF36F8FBFF34F8FB24AB24B1268D5
:10C480001B68082A00F0D780AD4BB04D80240122F4
:10C49000C3F81C45C3F80423C5F88441FDF7D8FA56
:10C4A000002840F0F880AA4D43F204044FF0804386
:10C4B0002268AA4211D0D3F80C14D3F80C24D0036C
:10C4C000F6D5CA07F4D59E4B0122C3F80425BFF365
:10C4D0006F8FBFF34F8F05B030BD04AA002102F863
:10C4E0000C1D1046FFF74EF89DF804000028E2D01E
:10C4F00010460191FFF744F8019A002AD8D0E2E7EC
:10C500008F4BD3F80025002AE5D14FF480014FF47A
:10C510000062C3F80813C3F80024BFF36F8FBFF3A2
:10C520004F8F884B1B68082B00F0B780844B01228B
:10C53000C3F80025BFF36F8FBFF34F8F43F20402A0
:10C5400003F18D5303F57723126803F2DB539A420C
:10C5500000F0CA804FF08043D3F80C24D3F80C3499
:10C56000D90301D5D207B6D443F20402784B12683E
:10C570009A4200F01881774B00221A601B680193E1
:10C580004FF08043012201991A60A4E76C4BD3F865
:10C590000025002A9FD00022C3F80425BFF36F8F27
:10C5A000BFF34F8F69498020C1F88400BFF34F8FDC
:10C5B000BFF36F8FD3F80013C3F80813C3F8002537
:10C5C000BFF36F8FBFF34F8F43F2040103F18D531D
:10C5D00003F57723096803F2DB53994200F0998051
:10C5E00001AB5D4A012111605C4A5168C1F3080149
:10C5F000003118464FF000024FF0020318BF01212E
:10C600008DF804208DF80530FDF736FF63E743F21F
:10C6100004024F4B12689A4200F0B0804FF0804302
:10C62000D3F80C24D3F80C34DB037FF519AFD5070E
:10C630007FF516AF4FE7032B0AD8494A1168002946
:10C6400040F09880474C49F27530106021601060CE
:10C650005A1E022A10D8424A1168002967D1424D59
:10C660003848394B00681B6849F2753414602960FA
:10C67000146008287FF408AF032B3FF605AF3B4951
:10C680003B4B40F2E370402208601A60BFF36F8FAB
:10C69000BFF34F8FF8E66C6005E72B4B1B685A1E03
:10C6A000022A12D82E4B1A68002A40F08E802E499A
:10C6B00049F2753203201A6008601A60214A224B41
:10C6C00012681B68082A7FF431AF032B3FF62EAFA8
:10C6D000234B1A68002A74D1224949F27532C020CE
:10C6E0001A6008601A6021E704AB002203F80C2DE1
:10C6F0001846FEF747FF9DF8041000293FF42AAFC3
:10C7000018460192FEF73CFF019B002B7FF4E3AE3D
:10C710002AE704AB03F80C2D1846FEF733FF9DF80B
:10C720000420002A3FF45DAFFEF728FF5CE70549CF
:10C73000054B0D4A08681B680021116099E700BF8E
:10C7400000700240300100103401001000E100E0F0
:10C75000DBE5B151000100400400004000ED00E0C5
:10C7600000EC064014EC064014ED06400078024050
:10C7700004780240174A0021116069E704AB0022E7
:10C7800003F80C2D1846FEF7FDFE9DF80410002955
:10C790003FF444AF18460192FEF7F2FE019B002BD6
:10C7A0007FF499AE5CE604A8002300F80C3DFEF788
:10C7B000E9FE9DF80430002B3FF4DDAEFEF7DCFE11
:10C7C00089E6044BC0221A60B0E6034B03221A60CC
:10C7D00074E700BF14EC064014ED0640F8B503788A
:10C7E00013F0010405D10678C6F3800626B1204671
:10C7F000F8BD00242046F8BD0F4605464FF0FF3136
:10C80000384613F08FFE2A7812F001040FD12B78EE
:10C810005B0704D42B7843F004032B70012400231E
:10C8200038461A46194613F035FA2046F8BD344604
:10C83000F5E700BF70B505460E4608464FF0FF31DC
:10C8400013F070FE2878C0F3800444B9002400235C
:10C8500030461A46194613F01DFA204670BD2B7853
:10C8600013F00102F2D12B7862F382032B70EEE712
:10C8700010B4C378848803F00303022BC4F30A04C2
:10C8800026D019D8012B04D0002318465DF8044B9C
:10C890007047022940F2FF3208BF4FF48062A24283
:10C8A000F3D21A4B1B6813F00103EED000BE002335
:10C8B00018465DF8044B7047022914BF40234FF41B
:10C8C0008063A342EDD3012318465DF8044B704703
:10C8D00002290BD012B1B4F5007F11D0A4F10803E6
:10C8E0009BB2182B06D9402CEDD0DAE7B4F5007FC7
:10C8F000D7D1E8E7064A22FA03F3DB07D1D5E2E70E
:10C9000000244021134644710171BEE7F0ED00E0C0
:10C91000010100010A44914216D230B44C78052C32
:10C9200005D00C7821448A42F8D830BC70478C7806
:10C9300004F07F0500EB4505E4092B550C782144F4
:10C940008A42EBD830BC7047704700BF2DE9F041F8
:10C9500082B00678089DBDF82470009361F300064C
:10C960000446294600F8086B012316463A46BDF8EE
:10C970002C80FCF76DFE05B13FB90A9B6360012076
:10C98000A4F8028002B0BDE8F08104F11C0101208E
:10C9900013F05AFB26B903463046C4E90503ECE719
:10C9A0000023FAE710B50446406908B113F070FFA0
:10C9B000A06908B113F06CFF012010BDF0B50B4663
:10C9C0000D4613F8081B83B011F0020F07461846F6
:10C9D00040F2FF130CBF3F241C461646FCF774FEC2
:10C9E000E8B9E6B126421AD12B786978DA073846D9
:10C9F00018D5FEF707F990B12B78697813F0010389
:10CA000013D000233846CDE900331A46FEF73EF92D
:10CA100030B9084B1B68DB0701D500BE00E00020E1
:10CA200003B0F0BDFDF714FFE5E738461A46FDF701
:10CA30002FFFEDE7F0ED00E070B501F1080582B0E1
:10CA4000064628460C46FCF73FFE38B1237861784D
:10CA5000DB07304605D5FEF7D5F830B9002002B027
:10CA600070BDFDF7F5FE0028F8D0284662886168A1
:10CA7000FCF754FE054690B1237862686178D807C8
:10CA800017D50023CDE9003330462B46FEF7FEF8DC
:10CA9000B0B90C4B1B68DB07E0D500BEDFE72078A0
:10CAA000617810F00104304608D1FDF7E1FE204620
:10CAB000D5E730462B46FDF7EBFEE9E7FEF7C8F871
:10CAC0002846CCE7F0ED00E02DE9F0418A890B78AB
:10CAD00082B00C460646E2B9DD07497857D5FEF725
:10CAE00091F800284FD0227863886178D20751D519
:10CAF000002B5DD0626800253046CDE90055FEF779
:10CB0000C5F800284DD1374B1B68DB073BD500BE6D
:10CB10003AE003F0020301F10808002B40460CBF85
:10CB200040274FF40077304D08BF6FF03F05FCF70A
:10CB3000E3FD874227D823786178DB07304634D578
:10CB4000FEF760F8F8B14046FCF7D6FD874233D8CF
:10CB500005EA000265882378617890B2854228BF93
:10CB60000546DA0732D5002D37D062680023CDE9BB
:10CB7000003330462B46FEF789F80028C3D02846FC
:10CB800002E0FEF765F8002002B0BDE8F081FDF795
:10CB90005FFEA6E773B162683046FDF779FE0028B4
:10CBA000B1D0608802B0BDE8F081FDF751FEC9E761
:10CBB0001A46A0E71A46EFE72078617810F00104E2
:10CBC0003046DED1FDF754FE2046DDE73DB1626818
:10CBD00030462B46FDF75CFECFE72A46C6E72A46DD
:10CBE000F6E700BFF0ED00E000FEFFFF704700BF7A
:10CBF0000120704701207047704700BF704700BF99
:10CC0000704700BF704700BF704700BF704700BF4C
:10CC1000704700BF10B5034B0360044603F094FD5A
:10CC2000204610BDCC2E050038B5044600F108059D
:10CC3000D4F8B430284698474FF6FD73984201D98E
:10CC4000012038BD0346B4F8BA20B4F8B81028461D
:10CC500002F060FA94F89030032BF1D8DFE803F08B
:10CC6000140E0802B4F8BA30181AA4F8BA00E7E7AC
:10CC7000B4F8B830181AA4F8B800E1E7B4F8BA303C
:10CC80001844A4F8BA00DBE7B4F8B8301844A4F8A4
:10CC9000B800D5E710B512F0E3FE114A1368C31AC5
:10CCA000042B00D810BD01460E20116016F01AFAB0
:10CCB0000446112016F016FA0A4B1A788442D2B2B2
:10CCC00008D0022A03D808498A5C1A7010BD0022D5
:10CCD0001A70FBE7022AFAD804498A5C1A70F5E751
:10CCE0006478002048780020F82E0500FC2E05000E
:10CCF00070B5464C464A23688EB0082106A823F03A
:10CD00006BFF4449444802F089FA052100910A2347
:10CD10000F224148246801F0ADFD03230093102247
:10CD200001230F213C4801F07FFD3C4AE30082FBD8
:10CD30000312DB17C3EB6213002B52DD9BB20322FD
:10CD4000009206211022344801F06EFD06AB142239
:10CD500012213148324D334E02F050FA32492E48FA
:10CD600002F05CFA0FCD08AC0FC42B68727D237003
:10CD70000023CDF831300D93F2B1B27D717E347E57
:10CD8000D31F32D40B2B3CDC284D002B3AD10C2383
:10CD9000708B224AF67D0391A2FB00125209642196
:10CDA00001FB120292B20492CDE901540096204A8E
:10CDB000182108A823F010FF08A823F0E4FF00EBD7
:10CDC0008000C0F1780108AB89B21622124802F047
:10CDD00015FA8023182200210F4802F00FFB0EB035
:10CDE00070BD002CB2DD0123A9E7013911F0FF016C
:10CDF00002F1110302D1013CE4B21F210D4D0C3BA5
:10CE0000C6E70C4D0C2BC3DDF9E700BF44780020CA
:10CE1000582F050098310500B07B00201F85EB518D
:10CE2000E02E0500807B002044370500502F0500D0
:10CE3000602F0500542F05002DE9F047002A4ED041
:10CE400004460D46DFF8A0908F18002600F1080870
:10CE50004FF6FD7A03E00120BD42064420D023684E
:10CE600015F8011B1B684B4515D1D4F8B43040466A
:10CE700098475045EFD80346B4F8BA20B4F8B81034
:10CE8000404602F047F994F89030032BE3D8DFE8EE
:10CE900003F01F18110A20469847BD420644DED110
:10CEA0003046BDE8F087B4F8BA30181AA4F8BA00D2
:10CEB0000120D1E7B4F8B830181AA4F8B80001205E
:10CEC000CAE7B4F8BA301844A4F8BA000120C3E79E
:10CED000B4F8B8301844A4F8B8000120BCE71646EE
:10CEE0003046BDE8F08700BF29CC02002DE9F04FA5
:10CEF0002DED068B9FEDAF9ADFEDAF8A9FEDAF8AE8
:10CF0000ADF5197D02AC2AAD8021002012F09AFD0A
:10CF100007EE900AF8EEE77A0A21C4ED007A0020C5
:10CF200012F090FD07EE900AF8EEE77AB0EE687A1C
:10CF3000A7EE897A0A21002084ED027A12F082FDA0
:10CF4000053807EE900AF8EEE77A0A2167EE887A4C
:10CF50000020C4ED037A12F075FD022290424FF0DA
:10CF600001034FF040014FF0000040F312812374A1
:10CF700012F068FD07EE900AF8EEE77A143444EDFB
:10CF8000047AA542C0D14FF008090DEB09038C4D7E
:10CF9000DFED8C8A9FED87AA4FF00008002703F190
:10CFA000140A09F1FF36284601F0D6FCF3B2142624
:10CFB0009FED858ADFED809A9FED809A16FB03A690
:10CFC00002AC20E0F4EEE86AF1EE10FAB4EEC87AB2
:10CFD000C8BFC4F80080F1EE10FA32DC237C224690
:10CFE00092ED007A0093BDEEC77AFDEEE77A17EE78
:10CFF000102A91B217EE902A143492B2284601F00A
:10D0000013FCA64251D0D4ED006A94ED036AD4ED2E
:10D01000017A94ED027A76EE866A37EE877AF5EE3B
:10D02000C06AF1EE10FAC4ED006A84ED017AF0EE08
:10D03000477AC7D5B4EEC87AF1EE10FAC4ED008A8B
:10D04000CCDD8021002012F0FDFC07EE900AF8EE06
:10D05000E77A4FF0404363600A21C4ED007A002074
:10D0600012F0F0FC07EE900AF8EEE77AB0EE697A7B
:10D07000A7EE8A7A0A21002084ED027A12F0E2FCFF
:10D08000053807EE900AF8EEE77A0A2167EE897A0A
:10D090000020C4ED037A12F0D5FC0228D4BF02238D
:10D0A0000123D4ED017A237499E717F0070402D124
:10D0B000B9F11E0F2FD11E2F24D94449284602F062
:10D0C000ADF8434B2C221121284602F097F8414934
:10D0D000284602F0A3F8404B3B221B21284602F0D1
:10D0E0008DF80137284601F043FCFFB2212012F0F1
:10D0F000C3FC5A2F7FF455AF0DF5197DBDEC068B9F
:10D10000BDE8F08F284601F033FC0137212012F0F2
:10D11000B3FCFFB245E78021204612F093FC07EEF6
:10D12000900A09F1010B02AB09EB890903EB8906AF
:10D13000F8EEE77A4FF0404373600A21C6ED007ABB
:10D14000204612F07FFC07EE100ADFED1B7AB8EEE6
:10D15000C77A0A21E7EE0A7A20465FFA8BFBD946A6
:10D16000C6ED027A12F06EFC053807EE900A9FEDCC
:10D17000137AF8EEE77A204667EE877A0A21C6ED41
:10D18000037A12F05FFC0228CCBF01230223337420
:10D1900091E722744021002012F054FC07EE900A1F
:10D1A000F8EEE77A143444ED047AAC427FF4ACAE86
:10D1B000E9E600BF0AD7233DCDCCCC3E8FC2753DFA
:10D1C000B07B00200000FE4200008442903D05003C
:10D1D000782F050044370500842F0500000000006B
:10D1E0002DE9F04F2DED028B1220E5B015F07AFFFE
:10D1F000002800F04482DFF8588398F80030002BB4
:10D2000040F0CE81B24E3378CBB1082229A9B14883
:10D210000EF0EAFC1A2232A9AE480EF0E5FCDDED74
:10D220002F7A9DED2E7AAC4BAC4A3799116067EEA0
:10D23000A77AE7EE077AB1EEE77A83ED007AA84F96
:10D240003B78002B40F088814FF00A0A00240F2021
:10D2500015F0D2FD0444022012F00EFCBAF1010ACE
:10D26000F5D1A04B9FEDA07AA04DDFF8E89283FBAB
:10D270000423E417C4EBA30407EE904AF8EEE77A20
:10D28000142067EE877AC5ED007A15F0B5FD06EE3D
:10D29000900A9FED975ADFED977ADFED975A9FED51
:10D2A000977A9FED976A9748F8EE664AF6EE006A1D
:10D2B000E4EE857A67EEA57AF4EEC77AF1EE10FA1D
:10D2C00088BFF0EE477AF4EEC67AF1EE10FAB8BFF6
:10D2D000F0EE467A77EEA67AFDEEE77AC9ED007AAF
:10D2E00011F0CAF9002800F0EE805146042015F034
:10D2F000DDFE7A4AD9F8003010681A9321F0EEFF6B
:10D30000CDE91801744B804C186821F0E7FFCDE996
:10D310001601286821F0E2FFCDE914017B4B186863
:10D3200021F0DCFFCDE91201794B186821F0D6FF1E
:10D33000CDE91001774B186821F0D0FFCDE90E013F
:10D34000754B186821F0CAFF628B744BA3FB02C3B4
:10D35000CDE90C015B09642101FB13239BB294F816
:10D3600019C0207EE17D0B93A27DCDF828C0237DDE
:10D37000099020690693CDE9072121F0AFFFD4E998
:10D380000023D4E902ABCDE90401CDE90023C82193
:10D39000634ACDE902AB32A823F01EFC32A823F089
:10D3A000F2FC32A982B25F480FF082FA5E4801F0C7
:10D3B000D3FA5E4B1B78DBB2012B00F04582C0F044
:10D3C0009381022B73D1524B534A1C68D2ED008AD1
:10D3D00095ED008AFFF78CFC5549534801F01EFF7C
:10D3E0003B78002B00F03B8318EE900A21F076FF8B
:10D3F0009FED507ADFED507AE8EE877ACDE90201B1
:10D4000017EE900A21F06AFF23ADCDE900014B4AE7
:10D410001621284623F0E0FB204621F05FFF29ACCF
:10D42000CDE90001464A2046162123F0D5FB18EE2F
:10D43000100A21F053FFF0EE087AB4EEE78AF1EE1D
:10D4400010FA00F10A83F1EE087AB4EEE78AF1EE01
:10D4500010FA00F11383F2EE007AB4EEE78AF1EEEF
:10D4600010FA00F12283F2EE067AB4EEE78A354A2A
:10D47000354BF1EE10FA58BF1346CDE90001029387
:10D48000324A162132A823F0A7FB2B46242203217F
:10D49000254801F0B3FE23462E220321224801F045
:10D4A000ADFE32AB382203211F4801F0A7FE1E4813
:10D4B00001F05EFA4FF4FA6012F0DEFA65B0BDECEE
:10D4C000028BBDE8F08F0121042015F0EFFD6DE720
:10D4D000797B0020FC780020647C00206C7C00209C
:10D4E000787B0020676666660821043D707C00201A
:10D4F0006666E63BCDCC4CC00300C8420000C84283
:10D500000000000070810020807B0020687C0020EB
:10D51000787C0020747C0020A47B00201F85EB51C8
:10D52000E02F0500EC770020B07B00204878002039
:10D53000443705006766E63F000000420C310500F5
:10D5400020310500D82F0500CC2F050048310500FB
:10D55000A07B002044780020A94C20460BF02CFF33
:10D5600000283FF471AED4ED017ADFEDA66A9FED9D
:10D57000A66AA64BA64AA74920680860B8EE677A53
:10D58000D4ED037AF8EE677A27EE067A67EEA67A8C
:10D5900082ED007AC3ED007A9F4BA2681A6053E6D1
:10D5A00040F24C419D480BF0D3FB00283FF42AAEDB
:10D5B00040F24C419948DFF88CA20BF03FFD012866
:10D5C00094BF0023012340F24C4194488AF8143060
:10D5D0000BF08CFD21F070FE85A3D3E9002321F030
:10D5E000D5FECAE9000140F24C418C480BF052FDD7
:10D5F00021F062FE7EA3D3E9002321F0C7FECAE931
:10D60000020140F24C4185480BF09CFD07EE900A68
:10D610009FED837A8148F8EEE77A40F24C4167EE5D
:10D62000877ACAED047A0BF0DBFC0346002840F051
:10D63000358240F24C4179488AF815300BF04AFCAB
:10D6400040F24C418AF8160074480BF06FFC40F22F
:10D650004C418AF8170071480BF0B8FB40F24C417E
:10D66000AAF81A006D480BF0DDFB40F24C418AF835
:10D6700018006A480BF002FC8AF81900C2E512F0A3
:10D68000EFF9044602E00A2012F0F6F9122015F034
:10D6900029FD0028F7D012F0E3F9001B32287FF6AD
:10D6A000AAAD01215F4802F0F9FA5E4801F054F991
:10D6B0005C4801F05DF9642012F0DEF95A4B5B48DA
:10D6C0009B6C1F2B86BF03F01F03594A4FF0A042EB
:10D6D00003F5E0734FF0804142F823000123C1F8C5
:10D6E0000035BFF34F8FFEE7DFF858A1FFF700FBCF
:10D6F00050494C4801F092FDDAE900450026002728
:10D7000032463B4629462046DAE9028922F0B0F843
:10D710000023002200284946404614BF4FF0530B17
:10D720004FF04E0B22F0A4F825F00047002814BF5C
:10D7300057234523204639461D9322F0D7F829F078
:10D740000045264644461FFA80F92946204622F025
:10D75000CDF81FFA80F84846CDF804B021F0ACFDB2
:10D7600002460B463046394621F058FC22A3D3E945
:10D77000002321F00BFE22F0B9F82F4A00904B460F
:10D78000162129A823F028FA1D9B0193404621F079
:10D7900093FD02460B462046294621F03FFC16A386
:10D7A000D3E9002321F0F2FD22F0A0F843460090D7
:10D7B000224A162132A823F00FFA29AB2622032190
:10D7C000184801F01BFD32AB30220321154801F04F
:10D7D00015FD9AF81430002B7FF469AE184B1148F0
:10D7E0003E22232101F00AFD61E600BFAFF3008075
:10D7F00048AFBC9AF2D77A3E00000000006AF840B9
:10D80000687800206F12833A0AD7233C687C002096
:10D81000787C0020A47B0020747C002010790020FC
:10D82000A099123BB07B0020145C05000C000300A3
:10D8300000030050443705007C300500903005009F
:10D84000A4300500807B00209F4BA04A93ED008A06
:10D85000D2F80090FFF74CFA9D499E4801F0DEFC9B
:10D8600098F8003023B19C4B1A7D002A40F00A81C1
:10D870009A4F0FCF23AD2C460FC43B6823703378EB
:10D88000002B00F0E280484621F028FD29ACCDE9CC
:10D890000001934A2046162123F09EF92B462422AC
:10D8A00003218C4801F0AAFC23462E22032189483B
:10D8B00001F0A4FC3278002342F62D51CDE91F136C
:10D8C000CDE92133002A4DD0DFED867AB4EEE78A28
:10D8D000F1EE10FA39D4DFED847AB4EEE78AF1EE96
:10D8E00010FA32DADFED817AB4EEE78AF1EE10FA5F
:10D8F00000F1C680DFED7E7AB4EEE78AF1EE10FA31
:10D9000000F1DB80DFED7B7AB4EEE78AF1EE10FA0E
:10D9100000F1D180DFED787AB4EEE78AF1EE10FA0B
:10D9200000F1C780DFED757AB4EEE78AF1EE10FA08
:10D9300000F1BD80DFED727A724A734BB4EEE78A74
:10D94000F1EE10FA58BF134600E0704B029318EE48
:10D95000100A21F0C3FC6E4ACDE9000110211FA876
:10D9600023F03AF91FAB32A86A4A182123F034F9A0
:10D9700032AB3A220321574801F040FC6B23372297
:10D980002F24009219462722524801F0C1FD224659
:10D990007323009463214F4801F0BAFD4C494D4870
:10D9A00001F03CFC594B4B482622692101F026FC32
:10D9B000594B48483E22692101F020FC574B45480D
:10D9C0003222752101F01AFC4F4B424832225D2170
:10D9D00001F014FCDFED527A78EE677A17EE900AC8
:10D9E00021F07CFC36A3D3E9002321F0CFFC21F009
:10D9F0009DFF00EE100A08EE900A20F079FCB0EED0
:10DA0000408AB0EE680A20F0BBFCF1EE087A20EE06
:10DA1000270A28EE278AFDEEC07ABDEEC88A17EEE7
:10DA2000901A18EE103A214489B26B3322460091C5
:10DA30009BB26B21274801F06BFD032300932E223C
:10DA40006A21244800F0F0FE31E5364B93E80700E8
:10DA500029AC234603C31A8020E7334B0DE5334B33
:10DA6000334C93E8070023AD2B4603C31A7094E8A8
:10DA7000070029AC234603C31A70D8E42D4BFCE4FD
:10DA80002D4B63E7186921F029FC23ADCDE9000196
:10DA90002A4A2846162123F09FF8F0E640F24C412E
:10DAA00027480BF06FFA0346C3E5264BE5E4264B07
:10DAB0004CE7194B4AE7254B48E7184B46E700BFB0
:10DAC000399D52A246DF913F6C7C0020647C00208F
:10DAD00044370500B07B0020807B0020C03005006B
:10DAE000D43005000000B44100C0A84300008742C4
:10DAF0000000E14200801D4300804A4300807743DC
:10DB000000409243982F0500B02F0500942F050088
:10DB1000F430050000310500A82F0500A02F0500F6
:10DB20000000B442E8300500B42F05003031050094
:10DB30003C310500B82F05009C2F0500B0300500D2
:10DB400010790020C42F0500AC2F0500A42F05007C
:10DB500010B5044614F01AFB204610BD10B5012183
:10DB600082B00C2015F01EFA01210C2015F09EFA4F
:10DB700001210A2015F016FA01210A2015F096FA63
:10DB80000121052015F00EFA0121052015F08EFA6D
:10DB900000210F2015F006FA0221112015F002FADB
:10DBA00002210E2015F0FEF90221122015F0FAF9DB
:10DBB0000121032015F0F6F90121042015F0F2F9F6
:10DBC00003225B49112011F0F1FD03225949122073
:10DBD00011F0ECFD584802F057F8574800F020FFCC
:10DBE0000021554802F05AF8FF21534802F060F82E
:10DBF000FFF77CF9514800F00BFB51490124A1F5D6
:10DC0000157002F02FFE0C234E4A4F4900944C48E9
:10DC100002F05CF9002240F24C414C480AF092FFBD
:10DC20004B4B1870002878D10122772149480BF01E
:10DC300031FB494B1870002858D10C2147480DF092
:10DC4000A9FE474B187018B1012144480DF06AFF36
:10DC500000220121434810F0DDFA0421414810F070
:10DC600095FC41493F4810F069FC40493D480FF0A0
:10DC70001FFA3F493B480FF01DFA3E480FF096FF50
:10DC800012213D480EF002FE002211213A480EF00A
:10DC900003FEC82138480EF0FDFD37480EF08CFB1E
:10DCA000062136480EF0D8F934480EF0BDF9314956
:10DCB00032480EF075F932480EF088F901212F48EC
:10DCC0000EF002FAF42220212C480EF0F9F91E2160
:10DCD0002A480EF0F3F9002128480EF063FA0121DA
:10DCE000042002B0BDE8104015F0E0B90421194845
:10DCF0000BF0E0FB022117480BF0ECFB0321154869
:10DD00000BF0F8FB022113480BF004FC96224FF4B1
:10DD1000A07110480BF0B6FB8FE740F24C43009324
:10DD200022460323174909480BF004F87CE700BF9B
:10DD300095CC020005CC0200B07B0020907C002036
:10DD4000647B0020404B4C007C7C0020107900203C
:10DD5000A07B002068780020787B0020FC780020E1
:10DD6000797B002070810020782F050009CC02000B
:10DD70000DCC02004C780020EC770020B08700200A
:10DD8000F48700200A20912110B5044B044640F886
:10DD9000083B0FF047FF204610BD00BFE45A0500C6
:10DDA000F0B5324C324B334A236004F108070023AC
:10DDB00085B03846C4F8B4206360C4F8B83001F0C8
:10DDC000D3FD2D492D4D216038462D4B2D4A2E492E
:10DDD0002E4E2F4C00F034FE092205213846062332
:10DDE00000F01AFD284602F099F82A4B2B6005F541
:10DDF000157002F059F80223324627492B71284644
:10DE000020F070FA254A2648264F0A210BF024FA02
:10DE1000254B2046282237210DF0A6FD324620460C
:10DE20002249234C20F05EFA684622490FF010FF89
:10DE3000694638460FF0D6FE68460FF0F3FE3246CC
:10DE400038461D4920F04EFA68461C490FF000FF85
:10DE5000694620460EF0E0FC68460FF0E3FE3246CD
:10DE60002046174920F03EFA05B0F0BDA87B0020FF
:10DE70009C2E050059F90200B42E050010790020EF
:10DE80001DE6020031E70200B04A050000600020F4
:10DE9000FC780020CC2E050015CC02007C7C0020F4
:10DEA000687800204C780020907C002011CC020083
:10DEB000EC770020002F050089DD0200282F0500E7
:10DEC00085C30300437C03B1704730B5012285B0A0
:10DED00042740321FF22019304468DF803208DF83C
:10DEE00006208DF80510827B417B8DF800204FF0D5
:10DEF00080451A4602958DF80110057BC37369466B
:10DF0000037403938DF8025014F04EFAA37B1F2B79
:10DF100086BF03F01F030C4A4FF0A04203F5E073E5
:10DF200040F2013142F82310637B1F2B86BF03F0C0
:10DF30001F0305494FF0A04103F5E07340F203329F
:10DF400041F8232005B030BD0003005010B483B069
:10DF500002AB03E906009DF805309DF80410026845
:10DF600013F1FF3318BF012300240229C2F8004532
:10DF70001C460374C17332D003292DD0012925D04A
:10DF8000224B0099B3FBF1F3B3F5007FC2F854457F
:10DF90001FD2FF2B0FD87F2B24D83F2B25D81F2B28
:10DFA00026D80F2B27D8072B02D819498A4225D00B
:10DFB0004FF0004101E04FF080610723C2F82415C3
:10DFC000C2F8003503B05DF8044B704743F002041B
:10DFD000D6E74FF00071F0E743F00604D0E743F0D6
:10DFE0000404CDE74FF00061E7E74FF08051E4E72C
:10DFF0004FF00051E1E74FF08041DEE7042B34BFE2
:10E000004FF0A0514FF02061D7E700BF0090D00340
:10E0100000F0024003680022C3F80025704700BFEB
:10E02000002B3AD02DE9F047814684B00D461746C3
:10E030001E464FF6FF784FF0000A4645344628BF8B
:10E040004446002D14BF2346002300950297361B3B
:10E0500001938FB1002269464846039414F0ECFA0C
:10E0600005B125442744002EE7D104B0BDE8F08770
:10E07000CDE900550295361B002269464846CDF889
:10E080000CA014F0D9FA4DB94645344628BF444691
:10E09000002EEDD104B0BDE8F08770472544002E76
:10E0A000CBD1E2E78AB32DE9F041074684B00D46B3
:10E0B00014464FF6FF784445264628BF46460022C0
:10E0C000694638460095A41B55B1CDE90165039614
:10E0D000354414F0B1FA002CEDD104B0BDE8F08164
:10E0E0004FF6FF7604E0B442009594BF241BA41BB6
:10E0F000002269463846CDE90155039514F09CFA93
:10E10000002CF0D104B0BDE8F081704710B586B0A6
:10E1100006AB012403F8111D002202A90293CDE9E8
:10E120000343059414F088FA9DF8070006B010BD6B
:10E13000094A0A4B30B4D2E91910146E1C7300223C
:10E140000124074D1C7198735973DA731A741D609A
:10E150005A749A6030BC7047145C05007C7C0020C7
:10E1600000F00240704700BF203011F007BB00BF35
:10E17000203011F0F5BA00BF203011F005BB00BF10
:10E1800038B5437F0BB9002038BD00F16804204644
:10E190000D4611F001FB0028F5D12046294611F06B
:10E1A000CDFA012038BD00BF2DE9F0475AB306462D
:10E1B000DFF8588033681B684D1E434517464FF003
:10E1C000000400F1680915F801AF16D1737F13B987
:10E1D0002046BDE8F087484611F0DEFA0028F7D166
:10E1E0005146484611F0AAFA0134A742F0D03368EC
:10E1F00015F801AF1B684345E8D0514630469847B3
:10E200000028F1D1E4E71446E2E700BF81E1020013
:10E2100010B4837E1F2B4FF0010288BF03F01F0351
:10E22000C27603F5E0738CBF284A4FF0A04240F25B
:10E230000C6142F82310437E1F2B86BF03F01F039F
:10E24000224A4FF0A04203F5E07340F20C6142F81D
:10E25000231003694FF0CC72C3F82425036906220A
:10E26000C3F800250369827EC3F808250369427E4E
:10E27000C3F80C2590F91830002B14DA144A03F077
:10E280000F031A446023137690F91830002B07DB34
:10E29000104903F01F0001225B09824041F823204E
:10E2A0005DF8044B70475909603103F01F030124E6
:10E2B000084A04FA03F342F8213090F91830002B91
:10E2C000DCDB1344602283F80023DDE70003005009
:10E2D000FCEC00E000E100E00AB9104670472DE9CF
:10E2E000F041054600F12008404614461E460F4600
:10E2F00011F032FA2B69C3F888752A690123136279
:10E300002A69C2F834852A69C2F838452A69136037
:10E310002A6902E0D2F824311BB9D2F84C11002945
:10E32000F8D00023C2F84C312A6902E0D2F8241157
:10E3300019B9D2F85C110029F8D00023C2F85C3179
:10E340002B696EB9D3F8242152B90122DA612A6906
:10E35000D2F84831002BFBD00023C2F8483109E045
:10E3600001225A612A69D2F80431002BFBD0002324
:10E37000C2F804312B69D3F824211AB10022C3F862
:10E3800024212B69D3F83C052866C0B2BDE8F08192
:10E3900010B50446683084F8B01011F0DDF901239F
:10E3A000637710BDF8B50446026990F8B000002309
:10E3B0006377C2F888052269C2F80431236901270E
:10E3C0001F62236904F16806C3F8446530460D46B0
:10E3D00011F0D4F92369C3F8480523699F602369C4
:10E3E00002E0D3F824211AB9D3F85021002AF8D03A
:10E3F0000022C3F85021304611F0C0F9236940BB18
:10E400000022C3F86021236915B9D3F824212AB367
:10E4100001225A612269D2F80431002BFBD000237B
:10E42000C2F804312369D3F8240168B10022C3F88B
:10E4300024212369D3F8C404C3F8C404022803D0F8
:10E44000042814BF04200320F8BDD3F82421002A97
:10E45000D6D1D3F86021002AF7D0D1E70122DA61C2
:10E460002269D2F84831002BFBD00023C2F8483192
:10E47000D8E700BF70B5026990F8B0100023437769
:10E48000C2F888150269C2F80431036901261E62C8
:10E49000036900F168050446C3F84455284611F0A5
:10E4A0006DF92369C3F8480523699E60236902E07A
:10E4B000D3F824211AB9D3F85021002AF8D0002229
:10E4C000C3F85021284611F059F9236918BB0022DE
:10E4D000C3F86021236901225A612269D2F804310C
:10E4E000002BFBD00021C2F804112369D3F82401CA
:10E4F00060B1C3F824112369D3F8C404C3F8C40479
:10E50000022803D0042814BF0420032070BDD3F8D0
:10E510002421002ADBD1D3F86021002AF7D0D6E7E6
:10E5200070B5294C6369D3F86421002A3AD1D3F835
:10E530006821E2B9D3F8042162B1227F0021C3F837
:10E5400004113AB1D4F8B820D3F83C0520660AB1DA
:10E5500090476369D3F8242142B10022C3F82421F3
:10E56000D3F8D024C3F8D02401225A6170BD002210
:10E57000C3F86821154822770123637711F0ECF87E
:10E58000D4F8B43003B1984763691048C3F8440520
:10E590000023637711F0F2F863690122C3F848059C
:10E5A0005A63C7E7002204F12006C3F8642101255D
:10E5B0003046257711F0D0F863694022C3F83465FE
:10E5C000C3F838251D63B2E7907C0020F87C00205A
:10E5D00038B50E4C0E4A20464FF47A7340F8202B83
:10E5E0000025C4E9015311F09FF804F1680011F00F
:10E5F0009BF8084A084B6577D2E91612032020766B
:10E600006176A276C4E9043338BD00BF907C002057
:10E6100064310500145C05000030004030B5A1F104
:10E62000280383B00546252B14D8DFE803F05A2AC7
:10E630002727414E13131313131313131313131319
:10E64000131313131313131313131313131313139A
:10E65000131330303F295DD901F03F03E91891F8D9
:10E660002C00FF280AD00F2B56D9102B59D014F0AC
:10E6700039FD003018BF012085F82700012003B0C4
:10E6800030BD104611F0F8F9012003B030BD01F0A3
:10E690003F031D4495F82C00002A36D1114614F092
:10E6A00005FD95F82C00012114F07CFC0120E6E723
:10E6B000002A14BF01200020E0D01C4B800143F051
:10E6C00001039847012003B030BD184B022A8CBFCC
:10E6D00080204FF4A07043F001039847012003B05D
:10E6E00030BD2B35002415F8013FFF2B4FF0010101
:10E6F000184605D00F2C84BF1846022114F052FC96
:10E700000134E4B2162CEED1B8E7022114F04AFC31
:10E710000120B4E70020B2E7114614F0C7FC012045
:10E72000ADE7019014F0B8F90198A0E79031050029
:10E7300070B5143982B005461C460C2965D8DFE84F
:10E7400001F00D64641D2C52646464646464070009
:10E750004A2101F0C1FA012002B070BD826903684C
:10E760000AB99A68826128465A78492101F0B4FAB8
:10E770002748FFF7A7FB012002B070BD002AFAD09E
:10E78000551EEDB20135224E254414F8011B3046CA
:10E79000FFF7BCFCA542F8D1EDE703681B7B013B0A
:10E7A000DBB2022B96BF1B4A0022D25C8369009326
:10E7B000012402AB8DF804208DF8054013E9060012
:10E7C0001348FFF7C3FB2B6828461A78492101F04C
:10E7D00083FA2B686E699A78284600232C21B0476B
:10E7E000204602B070BD03684469DA782C2100230A
:10E7F000A0472B6828465A78492101F06DFA044851
:10E80000FFF708FC012002B070BD0020A4E700BFA4
:10E810007C7C00208031050080F8351080F836209F
:10E8200080F83730704700BF2DE9F04383B01F46B2
:10E83000BDF8289002EB0905ADB2CB1800959BB24C
:10E8400014460E46804600F039FE80B1B9F1000F43
:10E850000DD04FF0000922460134CDF800903B4620
:10E8600031464046A4B200F061FDA542F3D103B0A9
:10E87000BDE8F0832DE9F04782B0CC18BDF82860E0
:10E880009519A4B2ADB29846009523460F4691461D
:10E89000824600F013FE10B902B0BDE8F0870023F5
:10E8A00000934A4643463946504600F03FFD012E4C
:10E8B000F2D9023E09F10105B6B2ADB256B9002453
:10E8C00043462A46394650460A9402B0BDE8F0470E
:10E8D00000F02CBD4FF001092A4633463946504618
:10E8E000CDF8009000F022FD611E2A46CDF8009080
:10E8F00089B233465046354400F018FDADB2DEE72C
:10E900002DE9F043036890F8508093F8119090F847
:10E91000517083B00646002502E0994518D9336846
:10E920001B7CF26CD80005FB00F04FF6F87101403B
:10E93000ECB20A443919013400923046CAB20135AA
:10E940000021E4B201F082F97B19A045DBB2E4D8E2
:10E9500003B0BDE8F08300BF026890F85030127C2D
:10E96000C06CDB00002102FB03F221F098BA00BF6B
:10E9700010B50446FFF7C4FF2046BDE8104001F083
:10E98000A1B900BF10B5836C80F8511004461B6814
:10E990009847A36C20465B68BDE81040184700BF4D
:10E9A00010B590F8AB30044653B1026890F850307F
:10E9B000127CC06CDB0002FB03F2002121F06FFA35
:10E9C00020460021BDE81040FFF7DCBF38B5054602
:10E9D000FFF796FF95F8514095F850302A681C448F
:10E9E000517CE4B2A14216D995F8AB1029B928465A
:10E9F0002146FFF7C7FF012038BD127CE86CDB0021
:10EA000002FB03F2002121F04AFA28462146FFF7D3
:10EA1000B9FF0120F0E7284601F054F9002038BD85
:10EA200010B50446FFF7BCFF2046FFF7CFFF0028D4
:10EA3000FAD101462046BDE81040FFF7A3BF00BF52
:10EA400030B585B00D46009309491346094A04467E
:10EA500001F04AF90DF10F0001F064F99DF80F2063
:10EA600000950146044B204600F04EFF05B030BD36
:10EA7000D9FA020089FA02001DF602004218435C2E
:10EA8000507800EB032080B2704700BF0020704731
:10EA90000378407800EB032080B27047012B0BD045
:10EAA00007D3022B02D1801A80B27047401A80B27D
:10EAB0007047104480B27047084480B2704700BF6E
:10EAC000012B0BD007D3022B02D1401A80B2704722
:10EAD000104480B27047084480B27047801A80B2F8
:10EAE000704700BF2DE9F04F824690F89000CAF8B9
:10EAF000781000238AF8843007288BB00C7840F215
:10EB000024810131A0F10802CAF87810D2B24FF086
:10EB1000FF33834024EA03049AF891608AF8842042
:10EB200064B28AF8824093190878DBB2072B40FA66
:10EB300002F740F215814D1CCAF87850C2F1080264
:10EB40004878D2B29040083B3843DBB2C0B29AF862
:10EB5000AA109AF892708AF884304FF0FF32B240CF
:10EB600020EA0200B1FA81F246B252098AF88720FF
:10EB70008AF883608AF88610FA1829780896D2B243
:10EB8000072A41FA03F140F2E8806E1CCAF8786067
:10EB9000C3F108036D78DBB205FA03F3083A1943B1
:10EBA000D2B2C9B29AF893C08AF884200CEB02035F
:10EBB0003578DBB2072B45FA02F540F2CB8006F13F
:10EBC0000108CAF87880C2F108027678D2B206FA53
:10EBD00002F2083B1543DBB2EDB29AF894608AF872
:10EBE0008430F21898F800E0D2B2072A4EFA03FEF9
:10EBF00040F2AD8008F10109CAF87890C3F108032A
:10EC000098F80180DBB208FA03F3083A43EA0E03EE
:10EC1000D2B2DBB24FF0FF3E06EB0E080EFA06F65C
:10EC200023EA06035FFA88F8012606FA08F8A3EB40
:10EC300008035BB2002C8AF88420099340F381809A
:10EC40000CEB0E0207EB0E030EFA0CFCD2B225EA17
:10EC50000C0C06FA02F20EFA07F5DBB2A2EB0C027C
:10EC600006FA03F321EA0505161AED1A9AF88870D8
:10EC7000BAF87C0076B26DB2324629463B46FFF7C1
:10EC80001FFFAAF87C008046BAF87E00FFF706FF57
:10EC90000246AAF87E00032F00F28281DFE817F017
:10ECA000390140014C0163004FFA89F30593BAF82A
:10ECB0007C3003939AF88850BAF87E30029321464C
:10ECC000DDF8148003982B464246FFF7F9FE06460E
:10ECD0000298FFF7E3FE9AF8863000950246314627
:10ECE0008AF8AA3050463B4600F020FB27449AF8A9
:10ECF0008410DAF878008AF881807FB28AF8807010
:10ED00004A1C0378D2B2072A43FA01F340F2248165
:10ED1000451CCAF878504078C1F10802D2B2904040
:10ED20000343CA1FD2B2D9078AF884205ED4DDF823
:10ED300014902846089B4B452DDC9AF886308AF8BB
:10ED4000AA3009980BB0BDE8F08F0246DFE65FFA03
:10ED50008EF35FE7EDB2B0463FE7C9B22E4621E73A
:10ED6000F8B20D46F3E6089AC4F10103034408EB38
:10ED7000020101309AB280B28BB2009041465046F7
:10ED800000F09CFB0028DCD000239AF88420DAF8FD
:10ED90007800AAF880309AF88E700178BB18DBB240
:10EDA000072B41FA02F400F2DF80E1B29AF88F40BB
:10EDB0008AF88430E2184FF0FF360578D2B2BE40B0
:10EDC00021EA0601072A45FA03F5079100F2DA80E5
:10EDD000EBB24FF0FF31A1409AF981909AF980701F
:10EDE0008AF8842023EA0103CDE905939AF9823059
:10EDF000BAF87C209AF888500392DBB2BAF87E20E9
:10EE00000292FEB29DF814900493DDF81C802F4608
:10EE10000BE0444509F10103A8EB040439D85FFA7B
:10EE200083F9049B5FFA84F8002675B24FFA89FBD8
:10EE300029465A469C1B03983B46FFF741FE059026
:10EE40000298FFF72BFE9AF88530E4B25D46002B5E
:10EE5000DFD19AF8873005990097444502468AF831
:10EE6000AA305046234628BF434600F05FFA9AF97D
:10EE70008230BAF87C200392DBB2BAF87E20049389
:10EE800044459AF888700292A8EB040409F1010342
:10EE9000C5D906EB0804049B0595E4B23D461E1B4C
:10EEA000069F8AF881B0F6B24FFA84F8B7428AF822
:10EEB00080804146FFF404AF03982B465A464146F2
:10EEC000FFF7FEFD04460298FFF7E8FD9AF886304A
:10EED0000095024621468AF8AA305046334600F093
:10EEE00025FABF1B9AF88260FFB209F10109BE4200
:10EEF0005FFA89F94FF000043FF6D6AEBAF87E30DB
:10EF00009AF88850BAF87C000293A0464FFA89FB21
:10EF1000D3E7089908EB040308449BB280B22CE7BE
:10EF2000089BC3F10101204408F10103414480B270
:10EF30001FFA81F89BB220E7089BC4F10104C3F1DA
:10EF40000101014408F10103444401301FFA84F82F
:10EF50009BB28AB280B210E7DB078AF884203FF5C3
:10EF600045AFDDF81490E5E6451CCAF878504178C5
:10EF7000C2F10802D2B29140083B2143DBB2C9B2D0
:10EF8000284613E7411CCAF87810C3F108034178FA
:10EF9000DBB201FA03F3083A2B43D2B2DBB218E733
:10EFA0004346EAE62DE9F04F83B01D468A460092BB
:10EFB000814600F0D9FC0023013D01934FF6FF7715
:10EFC0004FF6FE78D9F8043015F8011F48469847E7
:10EFD000B842834600F08C804045F3D099F88830E1
:10EFE000032B00F29280DFE803F03C332A02D9F8C9
:10EFF000743048469847504483B20098D9F870401E
:10F00000A9F87C30BBF1FF0FA9F87E0004F11704CA
:10F0100043D8BBF1600F6FD9B9F8A0301C4403E0AE
:10F0200023785B456FD0044460780028F8D199F8C4
:10F030008830032BC6D8DFE803F02C27221DD9F82F
:10F04000743048469847009B181A80B25346D5E75B
:10F05000D9F8743048469847AAEB000083B200986C
:10F06000CCE7D9F8743048469847009B184480B2E2
:10F070005346C3E7009B181A83B20093A2E7AAEB9A
:10F0800000001FFA80FA9DE7009B03449BB20093A7
:10F0900098E750441FFA80FA94E7B9F8A2100C449C
:10F0A00026463046FFF7F4FC022104443046FFF7C1
:10F0B000E5FC834506F10406F3D8208840BA80B207
:10F0C0000028B4D0834508D0A3781C44208840BAD7
:10F0D00080B20028ABD08345F6D1E11CC1B14846CF
:10F0E000FFF700FD019B80B203449BB201939EE7B2
:10F0F000019803B0BDE8F08FBBF1400F94D9B9F887
:10F100009E301C4490E7A11CE8E70098534675E741
:10F1100008468CE72DE9F041054690F888008846BE
:10F1200017461E46032809D8DFE800F05D554F0258
:10F130006B6F2846984780441FFA88F82C6FA5F813
:10F140007C80FF2EA5F87E7004F117040FD8602E86
:10F1500035D9B5F8A0301C44607830B12378B3427B
:10F1600047D0044460780028F8D1BDE8F081B5F8B4
:10F17000A2100C4427463846FFF78AFC02210444BB
:10F180003846FFF77BFC864207F10407F3D8208856
:10F1900040BA80B20028E8D0864208D0A3781C4448
:10F1A000208840BA80B20028DFD08642F6D1E11C28
:10F1B00009B32846FFF796FC80B2BDE8F081402EE7
:10F1C000D0D9B5F89E301C44CCE76B6F28469847E1
:10F1D0003F1ABFB2B2E76B6F28469847A8EB00080A
:10F1E0001FFA88F8AAE76B6F284698470744BFB212
:10F1F000A4E7A11CDCE70846B7E700BF10B4034C46
:10F2000044605DF8044BFFF7CDBE00BF59F9020022
:10F21000014B4367704700BF8DEA0200036F8B42CA
:10F220006DD02DE9F04F044683B021670B7880F84C
:10F230008C304B7880F88D308B7880F88E30CB789E
:10F2400080F88F300B7980F890304B7980F89130CE
:10F250008B7980F89230CB7980F893300B7A80F8F4
:10F2600094304B7A80F8953091F80AA04FFA8AF8DA
:10F2700080F89680CB7A80F897300B7B01934FFA19
:10F2800083F980F8989091F90D7080F8997091F950
:10F290000E6080F89A6091F90F2080F89B2091F918
:10F2A00010B080F89CB00D46284611210092FFF75F
:10F2B000E5FB1321A4F89E002846FFF7DFFB15218C
:10F2C000A4F8A0002846FFF7D9FB94F8A51084F80D
:10F2D000A76084F8A670A4F8A20069B10129DDE94D
:10F2E00000230DD0C8444745BCBF9A4484F8A6A06B
:10F2F000B145B8BF84F8A79003B0BDE8F08F704760
:10F300009742B8BF84F8A6205E45F5DD84F8A7B023
:10F31000F2E700BF70B4B0F85640456C9DF80C6041
:10F320000396121BAC4692B270BC604770B490F862
:10F33000A4409DF80C506CB363B3012B05F001049D
:10F3400003D9022D28D0032D4FD044B3B0F860501C
:10F350008D421FD8B0F862508D421BD913449BB226
:10F360009342B0F86460B0F8665043D2954240D9F9
:10F370006B1E9BB29E420DD2B24238BF32469D42B6
:10F3800094BFC2EB0503C2EB03039BB227E03146F7
:10F390008D4218D870BC70470131C91A89B2B0F8D3
:10F3A00064509542F6D8B0F866509542F2D90B44B5
:10F3B0009BB28B42B0F86060B0F86250E8D28D42E8
:10F3C000E5D96B1E9BB29E42E4D2B14238BF3146B2
:10F3D0009D4294BFC1EB0503C1EB03039BB2856C57
:10F3E0000394AC68A44670BC60470132D21A92B252
:10F3F000ACE732469542CDD9BCE700BF70B590F876
:10F40000A44082B004B10BB902B070BDB0F8644042
:10F410009442F9D8B0F866409442F5D90B449BB2B7
:10F420009942B0F86040B0F8625016D9A94213D2A0
:10F430006B1E9BB29C42E7D2A14238BF21460026F8
:10F44000846C00969D4294BFC1EB0503C1EB03039E
:10F450009BB2A468A047D7E721468D42D4D9E9E7FB
:10F46000B0F86430934212D8B0F8663093420ED9A7
:10F47000B0F860308B420AD870B5B0F862408C4268
:10F4800082B002D990F8A45015B902B070BD70478F
:10F490004D1CADB2A94284BF04F1FF35ADB2AB4201
:10F4A000F3D2AC4294BFC1EB0403C1EB05030026C9
:10F4B000846C00969BB2A468A047E6E770B4B0F8ED
:10F4C0006660B0F86450BDF80C4096420FD9A54272
:10F4D0000FD2B0F86240B0F860208C420ED99A4248
:10F4E00013D3994294BF0020012070BC7047A542FD
:10F4F00001D2A242EDD8002070BC70479A42FAD2E5
:10F50000994294BF00200120EFE7012070BC7047B2
:10F510002DE9F84F9B46BDF8283059458CBFA1EB2B
:10F520000B08ABEB01089A420C46814616461FFABF
:10F5300088F849D9D71ABFB2B8454DD211464046CE
:10F540002246B8465E461C468B46074601211346B6
:10F550004FF6FF7A9E4238BF4FF0010A48F34F053D
:10F560004FF6FF724FF6FE73934508BF9B46A345C7
:10F5700013D3A1B12246ED1B31464846FFF770FF79
:10F58000ABB21DB20134002DA4B204DA564403EB31
:10F590000805B6B22DB2A345ECD2BDE8F88F3246CD
:10F5A0002146ED1B4846FFF75BFFAAB215B20134B6
:10F5B000002DA4B204DA564402EB0805B6B22DB20F
:10F5C000A345ECD2BDE8F88F9F1ABFB2B84519D356
:10F5D00059450DD80021BBE75945FBD922461E46A7
:10F5E0005C4648F34F05934600214FF0010AB7E708
:10F5F00022461E465C4648F34F05934600214FF6CF
:10F60000FF7AADE7594640462246B8469B46344607
:10F610000B460746012116469AE700BF2DE9F04741
:10F6200090F8AA609DF820C002F007050124AC40C4
:10F63000012EE4B240F2BE8000270668D0F84CA04C
:10F64000367C22F0070202FB06F24FF6F8761640EF
:10F6500031440AEB0106BCF1000F40F08D8072428C
:10F6600002F00302D51C042D03F1FF3038BF04253E
:10F670001FFA80FCAC4557D3002A00F09F801AF88F
:10F68000010038436040012A0AF8010006F1010830
:10F6900015D0707838436040A3F1020C032A7070D3
:10F6A0001FFA8CFC06F1020809D1B078384360409B
:10F6B000A3F1030CB07006F103081FFA8CFC4FF0A5
:10F6C00000099B1A4E461FFA83FE67F3070964F38D
:10F6D00007061144AEF1040567F30F2964F30F2602
:10F6E0005144C5F38D0567F3174964F31746013597
:10F6F00067F31F6964F31F660B1F002053F8042F84
:10F70000013049EA02021FFA80FA7240554541F879
:10F71000042BF3D8AD00ADB2ACEB0503AE459BB204
:10F7200008EB050622D0581E32783A43624080B278
:10F730003270D8B172783A436240022B727015D0A1
:10F74000B2783A436240032BB2700FD0F2783A435A
:10F750006240042BF27009D032793A436240052BA3
:10F76000327103D073793B435C407471BDE8F0871C
:10F7700027D11746002BF9D03278691C3A436240F2
:10F78000013B11F0070532709BB24FEA47014FEA87
:10F7900044020AD190F8AA20B0F85210012A0E446F
:10F7A000E6D90124002BE7D1E0E7CFB2D4B2002B99
:10F7B000E2D1DBE7274608BF00243EE7B0469C467F
:10F7C0007DE701242746002BD6D1CFE770B4B0F8EF
:10F7D0005E50B0F85C409DF80C60AA1A611A92B2B3
:10F7E00089B26EB1012E03D0039670BCFFF792BDB3
:10F7F0000139D21A039689B292B270BCFFF78ABD62
:10F80000013AC91A039692B289B270BCFFF782BD61
:10F8100030B50446B0F85E00B4F85A30B4F8585029
:10F82000B4F85C10A4F86210984283B028BFC31AE1
:10F830004FF00002A0EB0500B4F86E50A4F864206D
:10F84000A4F8602028BFA4F86430A4F86600B4F8D7
:10F850006A30B4F86C20B4F8681000952046FFF7C1
:10F860002DFE20B3B4F86830B4F860209A4238BF57
:10F87000A4F86030B4F86220B4F86A309A4288BFC5
:10F88000A4F86230B4F86420B4F86C309A4238BFFF
:10F89000A4F86430B4F86620B4F86E3001219A42BE
:10F8A00084F8A41088BFA4F8663003B030BD84F893
:10F8B000A40003B030BD00BFF0B490F8501002684F
:10F8C00090F85170CB00A0F85430167C1FFA87FCDA
:10F8D000F6004FEACC05A0F85260A0F85650547CD0
:10F8E0003944A14203DDA4EB0C03DB009BB2918AF7
:10F8F000D28AA0F85E202B44A0F85850A0F85A30C5
:10F90000A0F85C10F0BC704738B580F85020012298
:10F91000002580F8AA2080F8AB20049A80F8515086
:10F92000044680F8855080F8A95080F8A550C1643D
:10F9300043648264136805679847064BA26C2046AF
:10F940005268C4E91A3390472046FFF761FC84F8F7
:10F95000885038BD0000FFFF19B10A2901D088B2D4
:10F9600070474FF6FF707047002380F826307047CD
:10F9700010B404690A46A446002320215DF8044B14
:10F98000604700BF10B404691346A4460A465DF8F8
:10F99000044B1721604700BF00B583B002AA02F8EC
:10F9A000011D0121FFF7EEFF03B05DF804FB00BF6E
:10F9B00010B4C4680A46A446002315215DF8044B20
:10F9C000604700BF10B4C4680A46A446002316214D
:10F9D0005DF8044B604700BF10B4C4681346A446EA
:10F9E0000A465DF8044B1721604700BF10B4C46895
:10F9F0000023A4461A4618215DF8044B604700BF57
:10FA000010B4C4680023A4461A4619215DF8044BBB
:10FA1000604700BF70B5064682B00D462C78172CA3
:10FA200013D01DD90023192C1A462146304626D959
:10FA3000FE2C4FF0290120D16A788DF8072002357D
:10FA400000F04AF92C78172CEBD16B788DF8073041
:10FA50000DF10702012130460235FFF7BDFFDDE75A
:10FA6000152C4FF000032146304606D36A788DF8F6
:10FA70000720F4680235A047D0E702B070BDF468F3
:10FA80000135A047CAE700BF70B50D46143982B0F2
:10FA90000446164605291CD8DFE801F01203030DC1
:10FAA00012120021FFF764FF31462046FFF774FF72
:10FAB000012002B070BD01210193FFF759FF019BA6
:10FAC0002946256932462046AC4602B0BDE8704062
:10FAD00060470020EDE700BF0E29F8B51446054643
:10FAE0003ED00F2910D00B2907D00A295BD00D2951
:10FAF0004FD0092948D00020F8BD002A3FD1324913
:10FB0000FFF788FF0120F8BD1E46FFF76FFF7379EE
:10FB100095F8227007EBC30707F0FF07390941F09A
:10FB200010012846FFF744FF07F00F012846FFF7B2
:10FB30003FFFB179284641F0B001FFF739FF317935
:10FB40003268C90001F0F8012846FFF745FF621E40
:10FB500012F0FF04F3D12846FFF752FF0120F8BD51
:10FB6000FFF744FF81212846FFF722FF2146284660
:10FB7000FFF728FF2846FFF743FF0120EFE713496F
:10FB8000FFF748FF0120F8BD114900F029F80120D6
:10FB9000F8BD82B90F49FFF73DFF2B689B7C85F8C4
:10FBA00022300120F8BD00F021F828460A49FFF76D
:10FBB00031FF0120F8BD0949FFF72CFF2B68DB7CE2
:10FBC00085F82230012097E7F84A0500004B050030
:10FBD000084B0500E84A0500BC4A0500F04A05004C
:10FBE00001608B7C80F82230704700BF38B500235D
:10FBF00004461A4645692821A84700231A46E568A5
:10FC000020461421A847204601224B2100F064F829
:10FC1000236820461A79292100F05EF82046002248
:10FC20004B2100F059F8236820461A79292100F069
:10FC300053F8204601224B2100F04EF8236820465D
:10FC40005A792921BDE8384000F046B830B583B074
:10FC500002AC069D44F8085D8DF805108DF806206D
:10FC60008DF804308568234601220F21A84703B090
:10FC700030BD00BF10B484680023A4461A46092191
:10FC80005DF8044B604700BF10B484680023A446AD
:10FC90001A460A215DF8044B604700BF10B484681F
:10FCA0000A46A44600230B215DF8044B604700BFC1
:10FCB00010B484680A46A44600230E215DF8044B64
:10FCC000604700BF10B484680023A4461A46102180
:10FCD0005DF8044B604700BF10B444690023A4469C
:10FCE0005DF8044B604700BFF0B4FF27002580F8A3
:10FCF000247080F82870049F056080F8235080F8F5
:10FD0000265085614FF0FF35C56205634563856305
:10FD1000C563A0F84050C0E90437C0E90212F0BC46
:10FD2000FFF7A8BF08230370004870474C7D0020F0
:10FD3000002070470020704743686BB110B500F198
:10FD40000802044606CA1846FEF700F9207C002186
:10FD5000BDE8104013F0AAB9704700BF10B5406865
:10FD600009781446FEF7D2F9207010BD10B540682E
:10FD70001446FEF7CBF9207010BD00BF10B5044645
:10FD80000121007C13F092F96068BDE81040FEF795
:10FD900041B900BFF8B50546406810B317460AB927
:10FDA0003846F8BD05F108030C4693E80600FEF757
:10FDB000CDF87E1E0021287CF6B213F077F90136CB
:10FDC000264414F8011B6868FEF7A0F9A642F8D192
:10FDD0000121287C13F06AF96868FEF71BF93846A0
:10FDE000F8BD07463846F8BDF8B50546406818B373
:10FDF00017460AB93846F8BD05F108030C4693E8E2
:10FE00000600FEF7A3F87E1E0021287CF6B213F050
:10FE10004DF901362644FF216868FEF777F904F8AA
:10FE2000010BA642F7D10121287C13F03FF9686845
:10FE3000FEF7F0F83846F8BD07463846F8BD00BF73
:10FE40002DE9F0410546406848B3984613B940464D
:10FE5000BDE8F08105F108030E46144693E806005C
:10FE6000FEF774F808F1FF370021287CFFB213F089
:10FE70001DF90137013E274416F8011F6868FEF797
:10FE800045F904F8010BBC42F6D10121287C13F09E
:10FE90000DF96868FEF7BEF84046BDE8F08180467F
:10FEA0004046BDE8F08100BF064A0749026010B431
:10FEB00000244FF48072C0E9014182815DF8044B57
:10FEC000704700BF284B050000093D0030B545686C
:10FED00083B004469DF81800A5B100210125A26059
:10FEE0002173657313B9184603B030BD18462374E7
:10FEF000294613F057F8207C294613F0D7F82846F6
:10FF000003B030BD61600028E7D00846CDE900238A
:10FF1000FDF7D8FFDDE90023DFE700BF644A026098
:10FF200070B400222024027142718271C0E9022261
:10FF3000C0E90422C0E90622C0E90822C0E90A2279
:10FF4000C0E90C22C0E90E22C0E91022C0E9122249
:10FF5000C0E91422C0E91622C0E91822C0E91A2219
:10FF60000267C471C0E91D22C0E91F22C0E9212235
:10FF7000C0E92322C0E92522C0E92722C0E92922BD
:10FF8000C0E92B22C0E92D22C0E92F22C0E931228D
:10FF9000C0E93322C0E93522C0E93722A0F8702138
:10FFA00080F87221C0F87821C0F87C21C0F8802147
:10FFB00080F8AC414FF49A74C0F8A84100F5C774BA
:10FFC000C0F8B84100F5C874C0F8C84109256424D8
:10FFD0003849394E80F8F55180F8094240F6FC3531
:10FFE0000124C0F8F161C0F88421C0F8882180F8AC
:10FFF0008C2180F88D21C0F89421C0F89821C0F898
:020000023000CC
:100000009C21C0F8A021C0F8A421C0F8B021C0F8FC
:10001000B421C0F8C021C0F8C421C0F8D021C0F874
:10002000D421C0F8D821C0F8E021C0F8E421C0F8FC
:10003000E82180F8F021C0F8F821C0F81022C0F8BB
:10004000BC11C0F8CC11C0F8DC11C0F8EC11A0F85C
:100050001C5280F85042C0F80442C0F81822C0F880
:10006000202280F82422C0F82822C0F82C22C0F8D0
:100070003022C0F83422C0F83822A0F83C2280F8A0
:100080003F2280F84022A0F84222C0F84422A0F883
:100090004822C0F84C22C0F80022C0F8142280F890
:1000A000E820C0F86821C0F86C2170BC704700BF20
:1000B000544B0500000002020264646470B50446FB
:1000C000D0F8280268B194F88C31002B40F02583D9
:1000D00012F05EF80023C4F82832A4F82C32A4F8F9
:1000E0003232D4F8340230B112F052F80023C4F89E
:1000F0003432A4F83832D4F8440220B112F048F86F
:100100000023C4F84432A06818B112F03FF800236D
:10011000A360E06818B112F039F80023E360A06C26
:1001200018B112F033F80023A364206948B1036AC0
:100130001BB1184612F02AF8206912F027F80023A4
:100140002361606948B1C3691BB1184612F01EF8FB
:10015000606912F01BF800236361A06948B1036A6B
:100160001BB1184612F012F8A06912F00FF8002324
:10017000A361606A48B1C36E1BB1184612F006F85D
:10018000606A12F003F800236362206A48B1C36A10
:100190001BB1184611F0FAFF206A11F0F7FF002397
:1001A0002362A06A48B1036A1BB1184611F0EEFF42
:1001B000A06A11F0EBFF0023A362206B48B1036A31
:1001C0001BB1184611F0E2FF206B11F0DFFF002396
:1001D0002363606B48B1036B1BB1184611F0D6FF67
:1001E000606B11F0D3FF00236363A06B48B1836A97
:1001F0001BB1184611F0CAFFA06B11F0C7FF002316
:10020000A363E06B48B1036B1BB1184611F0BEFF4E
:10021000E06B11F0BBFF0023E363206C50B1D0F81A
:1002200084301BB1184611F0B1FF206C11F0AEFF05
:1002300000232364E06A48B1036A1BB1184611F039
:10024000A5FFE06A11F0A2FF0023E362606C48B1F1
:10025000036A1BB1184611F099FF606C11F096FF0C
:1002600000236364E06C48B1436B1BB1184611F086
:100270008DFFE06C11F08AFF0023E364206D48B12C
:10028000C36C1BB1184611F081FF206D11F07EFF89
:1002900000232365606D48B1C3691BB1184611F096
:1002A00075FF606D11F072FF00236365E06948B16E
:1002B00003691BB1184611F069FFE06911F066FF90
:1002C0000023E361A06D50B1D0F8083C1BB1184683
:1002D00011F05CFFA06D11F059FF0023A365E06DE4
:1002E00050B1D0F8D4351BB1184611F04FFFE06D76
:1002F00011F04CFF0023E365206E48B183681BB109
:10030000184611F043FF206E11F040FF00232366D2
:10031000606E48B183681BB1184611F037FF606EFC
:1003200011F034FF00236366A06E48B183681BB1EF
:10033000184611F02DFFA06E11F028FF0023A366D0
:10034000E06E48B183681BB1184611F01FFFE06EE4
:1003500011F01CFF0023E366236F73B1586D10B1D9
:1003600011F014FF236FD86D10B111F011FF236F3E
:10037000184611F00BFF00232367606F50B1D0F8CF
:10038000983B1BB1184611F001FF606F11F0FEFEA3
:1003900000236367A06F50B1D0F8D8381BB118465E
:1003A00011F0F4FEA06F11F0F1FE0023A367E06FDF
:1003B00048B1836A1BB1184611F0E8FEE06F11F0F6
:1003C000E5FE0023E367D4F8800058B1C36923B188
:1003D000184611F0DBFED4F8800011F0D7FE0023A0
:1003E000C4F88030D4F8840060B1D0F82C3123B147
:1003F000184611F0CBFED4F8840011F0C7FE00239C
:10040000C4F88430D4F8880058B1836C23B11846FE
:1004100011F0BCFED4F8880011F0B8FE0023C4F837
:100420008830D4F88C0058B1C36923B1184611F054
:10043000ADFED4F88C0011F0A9FE0023C4F88C3076
:10044000D4F89C0058B1836B23B1184611F09EFE7E
:10045000D4F89C0011F09AFE0023C4F89C30D4F824
:10046000900058B1036B23B1184611F08FFED4F8F9
:10047000900011F08BFE0023C4F89030D4F8940063
:1004800060B1D0F8903023B1184611F081FED4F855
:10049000940011F07BFE0023C4F89430D4F8980047
:1004A00060B1D0F8403223B1184611F06FFED4F895
:1004B000980011F06BFE0023C4F89830D4F8B00017
:1004C00020B111F063FE0023C4F8B030D4F8B400BA
:1004D00020B111F05BFE0023C4F8B430D4F8A400BE
:1004E00058B1C36A23B1184611F050FED4F8A400E5
:1004F00011F04CFE0023C4F8A430D4F8A80058B181
:10050000036B23B1184611F041FED4F8A80011F096
:100510003DFE0023C4F8A830D4F8A00058B1436DC4
:1005200023B1184611F032FED4F8A00011F02EFECF
:100530000023C4F8A030D4F8AC0058B1C36A23B18A
:10054000184611F023FED4F8AC0011F01FFE002372
:10055000C4F8AC30D4F8B80060B1D0F8D03023B1D2
:10056000184611F013FED4F8B80011F00FFE002366
:10057000C4F8B830D4F8BC0060B1D0F8D03023B1A2
:10058000184611F003FED4F8BC0011F0FFFD002363
:10059000C4F8BC30D4F8C00060B1D0F8D03023B17A
:1005A000184611F0F3FDD4F8C00011F0EFFD002360
:1005B000C4F8C030D4F8C40060B1D0F8D03023B152
:1005C000184611F0E3FDD4F8C40011F0DFFD00235C
:1005D000C4F8C430D4F8C80060B1D0F8D03023B12A
:1005E000184611F0D3FDD4F8C80011F0CFFD002358
:1005F000C4F8C830D4F8CC0060B1D0F8D03023B102
:10060000184611F0C3FDD4F8CC0011F0BFFD002353
:10061000C4F8CC30D4F8D00058B1C36E23B118461A
:1006200011F0B4FDD4F8D00011F0B0FD0023C4F8EF
:10063000D030D4F8D40058B1C36E23B1184611F0AD
:10064000A5FDD4F8D40011F0A1FD0023C4F8D430E6
:10065000D4F8D80060B1D0F8D03023B1184611F0EA
:1006600095FDD4F8D80011F091FD0023C4F8D830DE
:10067000D4F8DC0060B1D0F8D03023B1184611F0C6
:1006800085FDD4F8DC0011F081FD0023C4F8DC30D6
:10069000D4F8100258B1436823B1184611F078FD20
:1006A000D4F8100211F072FD0023C4F81032D4F80F
:1006B000180220B111F06AFD0023C4F81832D4F8F2
:1006C000E00058B1436C23B1184611F05FFDD4F837
:1006D000E00011F05BFD0023C4F8E030D4F82062A4
:1006E000AEB1706810B90CE0064628464568002D8A
:1006F000FAD111F04BFD7560D4F8206270680028C3
:10070000F4D1304611F042FD0023C4F820322368B2
:100710000B4ADB6893420FD170BDD4F88831002BAF
:100720003FF4D6AC184607490EF054FFD4F828021F
:1007300000283FF4CFACCBE42046BDE8704018471A
:10074000FDCB0200B055050010B50E4B036004460A
:10075000FFF7B4FCD4F8980120B111F019FD002383
:10076000C4F89831D4F89C0120B111F011FD002398
:10077000C4F89C31D4F8A00108B111F009FD20465D
:1007800010BD00BF544B05002DE9F04104460D4655
:10079000D0F8980189BBA0B111F0FAFC94F88C3123
:1007A000C4F89851C4F8D851C4F89451002B50D0D3
:1007B000D4F8880110B129490EF00CFF0120BDE8E2
:1007C000F0814FF00808284611F0DEFCD4F8A8317B
:1007D000C4F898019845C4F8D801C4F89451EDD9EB
:1007E00094F88C3163B3D4F888010028E6D01C4912
:1007F0000EF0F0FE0120BDE8F08101F108080028AC
:10080000E1D0084611F0C0FCD4F89421D4F89871D6
:10081000AA4228BF2A46394606461FF01CFB384626
:1008200011F0B6FCD4F8A831C4F898619845C4F822
:10083000D861C4F89451C1D994F88C31002BD2D12D
:1008400094F88D31002BB9D0D4F888010028CED18E
:10085000B4E794F88D31002BAAD1AFE744550500D9
:1008600070550500C0F87411704700BF10B40BB18B
:1008700000241C80013927291BD8DFE801F02A6EEB
:100880001A1A1A1A1A1A1A881A1A961A1AA41A1A54
:10089000141A1A1A1A1A1A1A1A1A1A1A1A1A1A1ABE
:1008A0001A1A1A1ABA1E602A00F0E980802A00F08B
:1008B000BA8000205DF8044B7047002A40F0A58004
:1008C0000BB148221A80D0F8A000003018BF0120D8
:1008D000F0E7012A00F0F780032A00F0B680042A2E
:1008E00000F00A81052A00F02081072A00F03881F3
:1008F000092A00F03D81112A00F04281122A00F0FD
:100900004781132A00F05181142A00F05681172ADA
:1009100000F05B81212A00F06081222A00F06581CD
:10092000262A00F06A813B2A00F077813C2A00F0F9
:100930006C81602A00F08A81612A00F07F81352A6B
:1009400000F07381432AB4D113B14FF4B9621A8015
:10095000C06D003018BF0120ACE7132A00F0BB8047
:10096000152A7AD0732A00F0BE80342A00F0D58090
:10097000142A00F0EC80722A9BD113B14FF4047258
:100980001A80036E002B00F00B81012092E7362ABB
:1009900000F08680092A8CD10BB13C221A80D0F855
:1009A0008800003018BF012084E7032A70D0012A94
:1009B0007FF47FAF0BB110221A80D0F88000003096
:1009C00018BF012076E7142A74D0152A34D0022AE1
:1009D00000F09A80032A00F0B080102A7FF469AFFB
:1009E0000BB12C221A80D0F89C00003018BF0120D7
:1009F00060E7092A7FF45DAF0BB11C221A80D0F8A2
:100A0000AC00003018BF012054E7012A2ED0022A82
:100A10007FF44FAF0BB124221A80D0F8A800003029
:100A200018BF012046E70BB1A4221A80D0F8B40009
:100A3000003018BF01203DE70BB124221A80D0F806
:100A40009000003018BF012034E70BB110221A804B
:100A50004069003018BF01202CE713B14FF4396210
:100A60001A80406F003018BF012023E70BB120220D
:100A70001A80D0F8A400003018BF01201AE70BB18B
:100A800008221A80D0F8B000003018BF012011E70A
:100A90000BB11C221A80C06F003018BF012009E77B
:100AA00013B14FF490721A80D0F88400003018BF50
:100AB0000120FFE60BB110221A80D0F88C00003024
:100AC00018BF0120F6E60BB114221A80006900302D
:100AD00018BF0120EEE60BB148221A80006F0030EB
:100AE00018BF0120E6E613B14FF484721A80806EBD
:100AF000003018BF0120DDE60BB112221A80806998
:100B0000003018BF0120D5E60BB188221A80D0F83A
:100B10009400003018BF0120CCE60BB10C221A80E3
:100B2000C06E003018BF0120C4E60BB120221A802D
:100B3000006A003018BF0120BCE613B14FF40D72FB
:100B40001A80D0F89800003018BF0120B2E613B127
:100B500040F6CC021A80806F003018BF0120A9E651
:100B60000BB15C221A80406A003018BF0120A1E658
:100B70000BB114221A80806A003018BF012099E658
:100B80000BB114221A80006B003018BF012091E6CF
:100B90000BB124221A80406B003018BF012089E677
:100BA000406E003018BF012084E60BB11C221A8071
:100BB000806B003018BF01207CE60BB124221A8024
:100BC000C06B003018BF012074E60BB174221A808C
:100BD000006C003018BF01206CE60BB114221A80A3
:100BE000C06A003018BF012064E60BB114221A80DD
:100BF000406C003018BF01205CE60BB118221A804F
:100C0000806C003018BF012054E60BB140221A80DE
:100C1000006D003018BF01204CE60BB128221A806D
:100C2000C06C003018BF012044E613B140F6FC321E
:100C30001A80806D003018BF01203BE60BB1042202
:100C40001A80C069003018BF012033E60BB11022B2
:100C50001A80406D003018BF01202BE670B5D0F827
:100C60000C228C4D90F8001290F80D4222F0FF02F9
:100C7000AA4201F0010346D0472C20D086498A427F
:100C80000DD086498A4240F0968090F8021289077A
:100C900009D5D0F81052002D46D0012070BD90F833
:100CA0000212CC07F5D47E498A4240F08C8090F83D
:100CB0000222D106EDD4002BEBD1002070BDB0F89C
:100CC0000E4245F24115AC4270D045F24215AC429D
:100CD0004BD111F0080F18BF012345F24C15AC425F
:100CE0004BD111F0800F18BF012345F252318C42D5
:100CF0004DD190F8011211F0100F674918BF012370
:100D00008A42BED1CBE711F0020F18BF0123472C56
:100D1000D5D064498A42C6D190F802221407CAD5B8
:100D2000D0F81052002DB8D10446082011F02AFA4C
:100D30000646C4F8100294F90902756011F024FA0D
:100D4000D4F8103270605B68002BA6D194F88C3117
:100D50001BB994F88D31002BAFD0D4F8880100284E
:100D6000ABD051490EF036FCA7E745F24235AC4214
:100D700033D111F0100F18BF012345F24E118C42F0
:100D800033D190F8011211F0010F18BF012344F282
:100D900053118C4233D190F8011211F0200F3E49CB
:100DA00018BF01238A427FF46CAF78E711F0040F7B
:100DB00018BF012391E73D498A4261D190F80212A0
:100DC0004E063FF566AF3A498A427FF474AF90F819
:100DD000022292063FF55DAF6DE744F24715AC4243
:100DE00035D111F0200F18BF012345F24E318C424E
:100DF00014D190F8011211F0020F18BF012345F22F
:100E000053418C4214D190F8011211F0400F224945
:100E100018BF01238A427FF434AF40E745F25011F6
:100E20008C421DD190F8011211F0040F18BF01235C
:100E300045F253618C427FF421AF90F901120029F1
:100E40001549B8BF01238A427FF41BAF27E744F658
:100E50004C45AC427FF441AF11F0400F18BF012365
:100E600045F251118C427FF440AF90F8011211F01D
:100E7000080F094918BF01238A427FF402AF0EE729
:100E80000C498A427FF445AF90F8022255073FF59E
:100E900000AF10E70044544D00524C4D00524D43FA
:100EA0000056544700564C57FC4D0500005448531B
:100EB000005A44410054585490F80412CA0716D4FA
:100EC00010B4D0F80C22684B22F0FF029A4210D0E6
:100ED00090F80D32472B1ED0644B9A4214D0644BCD
:100EE0009A423ED190F80602C0F3400009E001208A
:100EF000704711F0020330D190F80D42472C0AD010
:100F000018465DF8044B704790F806025DF8044BF4
:100F100000F001007047B0F80E3245F24114A342D0
:100F200027D045F24214A34231D045F24234A342C5
:100F300022D044F24714A3422CD044F64C44A3429E
:100F40002BD045F24C14A3422AD045F24E118B42CD
:100F500031D190F80532DB07BED501205DF8044B96
:100F60007047444B9A420AD190F80602C0F38010B1
:100F7000C7E74B07B0D5F0E7C906ADD5EDE73E4B67
:100F80009A4210D190F80602C0F38000B9E70C072E
:100F9000A2D5E2E78B069FD5DFE74C069CD5DCE7C0
:100FA000090699D5D9E7354B9A420DD190F806023A
:100FB000C0F3C000A5E745F24E318B420CD190F84A
:100FC00005329C0788D5C8E72D4B9A420ED190F880
:100FD0000602C0F3001094E745F250118B420DD188
:100FE00090F8053259077FF577AFB6E7254B9A425F
:100FF0000ED190F80602C0F3401082E745F251117D
:101000008B4207D190F805321B077FF565AFA4E747
:10101000002076E745F252318B4205D190F8053237
:10102000DC067FF559AF98E744F253118B4205D1A6
:1010300090F8053299067FF54FAF8EE745F25341A0
:101040008B4205D190F805325B067FF545AF84E70A
:1010500045F253618B427FF43FAF90F90532002B8C
:10106000BFF63AAF79E700BF0044544D00524C4DF3
:1010700000524D43005448530054585400564C57A6
:1010800000565447005A4441704700BF30B5594B91
:10109000054693E8030083B005F20B240090ADF8F9
:1010A00004106846214605221EF0C6FE28B9D5F870
:1010B000B83013B1012003B030BD4F4B93E80300AB
:1010C00005220090ADF80410684621461EF0B4FEDB
:1010D00000287AD0494B93E8030005220090ADF830
:1010E0000410684621461EF0A7FE18B9D5F8C03096
:1010F000002BDFD1424B93E8030005220090ADF8AE
:101100000410684621461EF097FE002863D03D4B30
:1011100093E8030005220090ADF8041068462146CC
:101120001EF08AFE18B9D5F8C830002BC2D1364B54
:1011300093E8030005220090ADF8041068462146AC
:101140001EF07AFE18B9D5F8CC30002BB2D12F4B57
:1011500093E8030005220090ADF80410684621468C
:101160001EF06AFE18B9D5F8D030002BA2D1284B5A
:1011700093E8030005220090ADF80410684621466C
:101180001EF05AFE68B3234B93E80300052200903B
:10119000ADF80410684621461EF04EFE18B9D5F889
:1011A000D830002B86D11C4B93E803000522009019
:1011B000ADF80410684621461EF03EFEB8B9D5F8D9
:1011C000DC0000287FF476AF75E7D5F8BC30002B43
:1011D0007FF470AF7EE7D5F8C430002B7FF46AAFA0
:1011E00095E7D5F8D430002B7FF464AFCBE700202F
:1011F00061E700BFE44F0500EC4F0500F44F050028
:10120000FC4F0500045005000C500500145005006B
:101210001C500500245005002C50050030B5754BBE
:10122000054693E8030083B005F20B240090ADF867
:1012300004106846214605221EF0FEFD58B9D5F877
:10124000B83043B1D3F8D0202AB1D3F8CC3013B1A1
:10125000012003B030BD684B93E8030005220090E5
:10126000ADF80410684621461EF0E6FD48B9D5F8F1
:10127000BC3033B1D3F8D0201AB1D3F8CC30002B26
:10128000E6D15E4B93E8030005220090ADF8041010
:10129000684621461EF0D0FD48B9D5F8C03033B1BC
:1012A000D3F8D0201AB1D3F8CC30002BD0D1544B86
:1012B00093E8030005220090ADF80410684621462B
:1012C0001EF0BAFD48B9D5F8C43033B1D3F8D020F8
:1012D0001AB1D3F8CC30002BBAD14A4B93E80300B3
:1012E00005220090ADF80410684621461EF0A4FDCA
:1012F00048B9D5F8C83033B1D3F8D0201AB1D3F8F3
:10130000CC30002BA4D1404B93E803000522009081
:10131000ADF80410684621461EF08EFD48B9D5F898
:10132000CC3033B1D3F8D0201AB1D3F8CC30002B65
:101330008ED1364B93E8030005220090ADF80410DF
:10134000684621461EF078FD40B9D5F8D0302BB163
:10135000DA6E1AB19B6E002B7FF47AAF2C4B93E8B8
:10136000030005220090ADF80410684621461EF0E7
:1013700063FD40B9D5F8D4302BB1DA6E1AB19B6E4B
:10138000002B7FF465AF234B93E803000522009008
:10139000ADF80410684621461EF04EFD50B9D5F850
:1013A000D8303BB1D3F8D02022B1D3F8CC30002BC9
:1013B0007FF44EAF184B93E8030005220090ADF880
:1013C0000410684621461EF037FD68B9D5F8DC00E8
:1013D00000283FF43EAFD0F8D03043B1D0F8CC0075
:1013E00000287FF435AF34E7002003B030BD184645
:1013F0002FE700BFE44F0500EC4F0500F44F050058
:10140000FC4F0500045005000C5005001450050069
:101410001C500500245005002C50050030B5584BD9
:10142000054693E8030083B005F20B240090ADF865
:1014300004106846214605221EF0FEFC00287BD0E1
:10144000504B93E8030005220090ADF80410684665
:1014500021461EF0F1FC002869D04B4B93E80300B5
:1014600005220090ADF80410684621461EF0E4FC09
:10147000002866D0454B93E8030005220090ADF8A4
:101480000410684621461EF0D7FC00285ED0404B71
:1014900093E8030005220090ADF804106846214649
:1014A0001EF0CAFC002855D03A4B93E803000522F1
:1014B0000090ADF80410684621461EF0BDFC0028DF
:1014C0004CD0354B93E8030005220090ADF8041092
:1014D000684621461EF0B0FC002843D02F4B93E80D
:1014E000030005220090ADF80410684621461EF066
:1014F000A3FC00283AD02A4B93E803000522009071
:10150000ADF80410684621461EF096FC90B3254BBA
:1015100093E8030005220090ADF8041068462146C8
:101520001EF08AFC50BBD5F8DC00013002E0D5F893
:10153000BC00013003B030BDD5F8B800013003B0B5
:1015400030BDD5F8C000013003B030BDD5F8C400BF
:101550000130EFE7D5F8C8000130EBE7D5F8CC0053
:101560000130E7E7D5F8D0000130E3E7D5F8D40043
:101570000130DFE7D5F8D8000130DBE70020D9E7FC
:10158000E44F0500EC4F0500F44F0500FC4F05004B
:10159000045005000C500500145005001C500500B7
:1015A000245005002C50050030B5584B054693E8F3
:1015B000030083B005F20B240090ADF804106846D8
:1015C000214605221EF038FC00287BD0504B93E8C2
:1015D000030005220090ADF80410684621461EF075
:1015E0002BFC002869D04B4B93E8030005220090A8
:1015F000ADF80410684621461EF01EFC002866D097
:10160000454B93E8030005220090ADF804106846AE
:1016100021461EF011FC00285ED0404B93E80300E9
:1016200005220090ADF80410684621461EF004FC27
:10163000002855D03A4B93E8030005220090ADF8FE
:101640000410684621461EF0F7FB00284CD0354BAD
:1016500093E8030005220090ADF804106846214687
:101660001EF0EAFB002843D02F4B93E8030005222D
:101670000090ADF80410684621461EF0DDFB0028FE
:101680003AD02A4B93E8030005220090ADF80410ED
:10169000684621461EF0D0FB90B3254B93E803002B
:1016A00005220090ADF80410684621461EF0C4FBE8
:1016B00050BBD5F8DC00023002E0D5F8BC000230A7
:1016C00003B030BDD5F8B800023003B030BDD5F856
:1016D000C000023003B030BDD5F8C4000230EFE7DF
:1016E000D5F8C8000230EBE7D5F8CC000230E7E7C8
:1016F000D5F8D0000230E3E7D5F8D4000230DFE7B8
:10170000D5F8D8000230DBE70020D9E7E44F050028
:10171000EC4F0500F44F0500FC4F05000450050098
:101720000C500500145005001C5005002450050005
:101730002C50050030B5584B054693E8030083B0A4
:1017400005F20B240090ADF80410684621460522EE
:101750001EF072FB00287BD0504B93E8030005225B
:101760000090ADF80410684621461EF065FB002885
:1017700069D04B4B93E8030005220090ADF80410AC
:10178000684621461EF058FB002866D0454B93E87A
:10179000030005220090ADF80410684621461EF0B3
:1017A0004BFB00285ED0404B93E8030005220090DD
:1017B000ADF80410684621461EF03EFB002855D0C7
:1017C0003A4B93E8030005220090ADF804106846F8
:1017D00021461EF031FB00284CD0354B93E8030026
:1017E00005220090ADF80410684621461EF024FB47
:1017F000002843D02F4B93E8030005220090ADF85A
:101800000410684621461EF017FB00283AD02A4BE8
:1018100093E8030005220090ADF8041068462146C5
:101820001EF00AFB90B3254B93E8030005220090BD
:10183000ADF80410684621461EF0FEFA50BBD5F8FC
:10184000DC00663002E0D5F8BC00663003B030BD85
:10185000D5F8B800663003B030BDD5F8C0006630AA
:1018600003B030BDD5F8C4006630EFE7D5F8C80046
:101870006630EBE7D5F8CC006630E7E7D5F8D00066
:101880003430E3E7D5F8D4003430DFE7D5F8D800BA
:101890006630DBE70020D9E7E44F0500EC4F050098
:1018A000F44F0500FC4F0500045005000C500500E6
:1018B000145005001C500500245005002C50050054
:1018C00030B5584B054693E8030083B005F20B246E
:1018D0000090ADF804106846214605221EF0ACFACF
:1018E00000287BD0504B93E8030005220090ADF810
:1018F0000410684621461EF09FFA002869D04B4B21
:1019000093E8030005220090ADF8041068462146D4
:101910001EF092FA002866D0454B93E8030005229A
:101920000090ADF80410684621461EF085FA0028A4
:101930005ED0404B93E8030005220090ADF8041000
:10194000684621461EF078FA002855D03A4B93E8B5
:10195000030005220090ADF80410684621461EF0F1
:101960006BFA00284CD0354B93E803000522009019
:10197000ADF80410684621461EF05EFA002843D0F8
:101980002F4B93E8030005220090ADF80410684641
:1019900021461EF051FA00283AD02A4B93E8030062
:1019A00005220090ADF80410684621461EF044FA66
:1019B00090B3254B93E8030005220090ADF8041086
:1019C000684621461EF038FA50BBD5F8DC00673077
:1019D00002E0D5F8BC00673003B030BDD5F8B800E0
:1019E000673003B030BDD5F8C000673003B030BDFC
:1019F000D5F8C4006730EFE7D5F8C8006730EBE7EB
:101A0000D5F8CC006730E7E7D5F8D0003530E3E70C
:101A1000D5F8D4003530DFE7D5F8D8006730DBE7FC
:101A20000020D9E7E44F0500EC4F0500F44F050016
:101A3000FC4F0500045005000C5005001450050033
:101A40001C500500245005002C50050030B55D4B9E
:101A5000054693E8030083B005F20B240090ADF82F
:101A600004106846214605221EF0E6F900287ED0C3
:101A7000554B93E8030005220090ADF8041068462A
:101A800021461EF0D9F900286BD0504B93E8030093
:101A900005220090ADF80410684621461EF0CCF9EE
:101AA00000286AD04A4B93E8030005220090ADF865
:101AB0000410684621461EF0BFF9002863D0454B4C
:101AC00093E8030005220090ADF804106846214613
:101AD0001EF0B2F900285BD03F4B93E803000522CB
:101AE0000090ADF80410684621461EF0A5F90028C4
:101AF00053D03A4B93E8030005220090ADF8041050
:101B0000684621461EF098F900284BD0344B93E8E4
:101B1000030005220090ADF80410684621461EF02F
:101B20008BF9002842D02F4B93E803000522009048
:101B3000ADF80410684621461EF07EF9002839D021
:101B4000294B93E8030005220090ADF80410684685
:101B500021461EF071F990BBD5F8DC30D3F8D000E7
:101B600003E0D5F8BC30D3F8D00003B030BDD5F8D1
:101B7000B830D3F8D00003B030BDD5F8C030D3F8BA
:101B8000D00003B030BDD5F8C430D3F8D000ECE7B6
:101B9000D5F8C830D3F8D000E7E7D5F8CC30D3F883
:101BA000D000E2E7D5F8D030D86EDEE7D5F8D430F3
:101BB000D86EDAE7D5F8D830D3F8D000D5E70020D2
:101BC000D3E700BFE44F0500EC4F0500F44F0500DC
:101BD000FC4F0500045005000C5005001450050092
:101BE0001C500500245005002C50050030B5634BF7
:101BF000054693E8030083B005F20B240090ADF88E
:101C000004106846214605221EF016F9002800F04F
:101C100082805B4B93E8030005220090ADF804102E
:101C2000684621461EF008F900286DD0554B93E810
:101C3000030005220090ADF80410684621461EF00E
:101C4000FBF800286ED0504B93E80300052200906B
:101C5000ADF80410684621461EF0EEF8002868D062
:101C60004A4B93E8030005220090ADF80410684643
:101C700021461EF0E1F8002861D0454B93E80300AF
:101C800005220090ADF80410684621461EF0D4F8F5
:101C900000285AD03F4B93E8030005220090ADF88E
:101CA0000410684621461EF0C7F8002853D03A4B6E
:101CB00093E8030005220090ADF804106846214621
:101CC0001EF0BAF800284BD0344B93E803000522ED
:101CD0000090ADF80410684621461EF0ADF80028CB
:101CE00043D02F4B93E8030005220090ADF8041079
:101CF000684621461EF0A0F800283CD1D5F8DC301B
:101D0000D3F8D000013004E0D5F8BC30D3F8D000CF
:101D1000013003B030BDD5F8B830D3F8D000013071
:101D200003B030BDD5F8C030D3F8D000013003B0D7
:101D300030BDD5F8C430D3F8D0000130E9E7D5F88C
:101D4000C830D3F8D0000130E3E7D5F8CC30D3F871
:101D5000D0000130DDE7D5F8D030D86E0130D8E7BB
:101D6000D5F8D430D86E0130D3E7D5F8D830D3F8D1
:101D7000D0000130CDE70020CBE700BFE44F0500E5
:101D8000EC4F0500F44F0500FC4F05000450050022
:101D90000C500500145005001C500500245005008F
:101DA0002C50050010B5444B044693E8030082B064
:101DB00004F20B240090ADF8041068462146052279
:101DC0001EF03AF8002871D03C4B93E8030005223E
:101DD0000090ADF80410684621461EF02DF800284A
:101DE00064D0374B93E8030005220090ADF804104F
:101DF000684621461EF020F8002857D0314B93E862
:101E0000030005220090ADF80410684621461EF03C
:101E100013F800284AD02C4B93E8030005220090C9
:101E2000ADF80410684621461EF006F800283DD0A3
:101E3000264B93E8030005220090ADF80410684695
:101E400021461DF0F9FF88B3214B93E803000522DA
:101E50000090ADF80410684621461DF0EDFF40B338
:101E60001C4B93E8030005220090ADF8041068466F
:101E700021461DF0E1FFE0B1174B93E80300052276
:101E80000090ADF80410684621461DF0D5FF68B1FA
:101E9000124B93E8030005220090ADF80410684649
:101EA00021461DF0C9FF08B1002000E0642002B007
:101EB00010BD3220FBE700BFE44F0500EC4F0500EA
:101EC000F44F0500FC4F0500045005000C500500C0
:101ED000145005001C500500245005002C5005002E
:101EE00030B5534B054693E8030083B005F20B244D
:101EF0000090ADF804106846214605221DF09CFFB5
:101F0000002878D04B4B93E8030005220090ADF8F1
:101F10000410684621461DF08FFF002867D0464B0D
:101F200093E8030005220090ADF8041068462146AE
:101F30001DF082FF002862D0404B93E80300052289
:101F40000090ADF80410684621461DF075FF00288A
:101F500059D03B4B93E8030005220090ADF80410E4
:101F6000684621461DF068FF00284FD0354B93E8A6
:101F7000030005220090ADF80410684621461DF0CC
:101F80005BFF002845D0304B93E80300052200900A
:101F9000ADF80410684621461DF04EFF00283BD0E6
:101FA0002A4B93E8030005220090ADF80410684620
:101FB00021461DF041FF90B3254B93E80300052215
:101FC0000090ADF80410684621461DF035FF48B377
:101FD000204B93E8030005220090ADF804106846FA
:101FE00021461DF029FF00BBD5F8DC0001E0D5F843
:101FF000BC0003B030BDD5F8B80003B030BDD5F893
:10200000C00003B030BDD5F8C400F2E7D5F8C80071
:10201000EFE7D5F8CC00ECE7D5F8D000E9E7D5F844
:10202000D400E6E7D5F8D800E3E70020E1E700BFF9
:10203000E44F0500EC4F0500F44F0500FC4F050090
:10204000045005000C500500145005001C500500FC
:10205000245005002C500500704700BF38B5138888
:10206000012B144615D0022B0DD001332380FFF72E
:10207000F3FF2388022B12D90A4A1088984214BF12
:102080000320002038BD074D2A880A4306322A80E3
:10209000EBE70A02034D02F440722A80E5E70320D1
:1020A00038BD00BF4E8100202DE9F04F87B04C882D
:1020B000C37991F800C004F1070A9A450D4680469D
:1020C00000AF4978D0F874015FFA84F94FEA14221E
:1020D00080F2A680073303F4FC73C7F80CD0ADEB95
:1020E000030DB52662238DF802C08DF803108DF81C
:1020F00004908DF805208DF800608DF80130E846D9
:10210000002C00F0FB80AA680DF10601161D0DF1F0
:102110000A03934288BF8E4200F2E3800B2C40F208
:10212000E080534213F003030FD011788DF80610AE
:10213000012B0AD051788DF80710022B05D0917829
:102140008DF808100321B96000E0BB60E11A89B284
:1021500003F1060C79604FEA910BC4441344002646
:1021600096460136B1B253F8042B4CF8042B8B453C
:10217000F7D87E68BB6826F0030189B20B44B142F0
:102180009BB235D0591C08EB030689B21EF803C078
:1021900086F806C08C422BD908EB010C9E1C1EF859
:1021A00001108CF80610B1B28C4221D908EB010C59
:1021B000DE1C1EF801108CF80610B1B28C4217D943
:1021C00008EB010C1E1D1EF801108CF80610B1B2B0
:1021D0008C420DD9053308EB01069BB21EF80110A5
:1021E000B1719C4204D908EB03011EF803308B71D6
:1021F000A11D2A7B6B7B08F8012008F80A300368D0
:1022000009F10802D2B241469B6898470834A042BF
:1022100060D1D7F80CD000201C37BD46BDE8F08F48
:1022200046F2B523F9747A7587F8149087F812C0CE
:102230003B82036807F110019B6806229847062835
:1022400043D126464FF000091DE098F807406B88FF
:10225000D8F87401A968B44228BF344609EB0402D7
:102260009A42A6EB0406A8BFA3EB09040368A8BF23
:10227000A4B249449B68E2B29847A144A042B6B2D6
:102280001FFA89F921D1012EDFD8012ED8F8740167
:102290002A7B6B7B0BD03A747B74036807F11001C7
:1022A0009B680222984702280FD10020B4E7A96852
:1022B00011F8091039747A74BB74036807F11001BE
:1022C0009B68032298470328EFD00C201C37BD469B
:1022D000BDE8F08FD7F80CD00C201C37BD46BDE808
:1022E000F08F661E12FA86F608F10503013A12F81D
:1022F000011F03F8011FB242F9D179E74FF0070A35
:10230000062176E770B54B880E7882B00C468DF8C2
:10231000043005464978D0F874018DF803101B127B
:1023200046F2B5228DF80530ADF800208DF8026038
:10233000036869469B6806229847D5F87401A2781D
:102340000368A1689B689847227B637BD5F874017A
:102350008DF800208DF80130036869469B680222E1
:10236000984702B070BD00BF30B5D0F8A43183B03B
:1023700004461BB91F48204A0370137002AAFF23AA
:1023800002F8013DD4F8740103689B6998479DF8F1
:102390000730FF2B25D0D4F8A421D4F8A8118A4205
:1023A00012D394F88C3113B994F88D31BBB1114D1F
:1023B0002B78A3B9D4F8880110B110490DF05CF85E
:1023C00001232B7003B030BDD4F8A0010A49835417
:1023D000D4F8A43101221344C4F8A4310A7003B024
:1023E00030BDA279002AD6D1034A1278002AD2D170
:1023F000F5E700BF4D8100204C810020F04E050024
:102400002DE9F04FD0F8A03185B00446002B00F044
:10241000C680D0F87401B1F8029003681B690F46BA
:102420009847B5212046FFF79FFF62212046FFF71E
:102430009BFF39782046FFF797FF79782046FFF712
:1024400093FFB9782046FFF78FFF79882046090A65
:10245000FFF78AFF94F8AC3109F107029A421DDABE
:10246000B9F1000F09D00025BB682046595D013540
:10247000FFF77AFFABB29945F6D8397B2046FFF7D4
:1024800073FF797B2046FFF76FFFD4F87401036870
:10249000DB699847002005B0BDE8F08FD4F87401DF
:1024A0000368DB699847B9F1000F6AD00023DFF8B1
:1024B00020B1DFF820A10193B84694F8AC71D4F8AC
:1024C00074014F45036828BF4F46A9EB07091B69F4
:1024D0001FFA89F99847002F46D0019D7E1E6B1C7C
:1024E00013FA86F614E094F88C3113B994F88D3110
:1024F0005BB19BF8003043B9D4F8880110B1324980
:102500000CF0BAFF01238BF800300135AE422BD01E
:10251000D8F80820D4F8A431515D1BB98BF80030ED
:102520008AF80030FF23D4F874018DF80F30036867
:102530000DF10F029B6998479DF80F30FF2B26D0B5
:10254000D4F8A421D4F8A8118A42CCD2D4F8A0118E
:102550008B54D4F8A431012201351344AE42C4F89F
:10256000A4318AF80020D3D1019AD4F874013A44F6
:10257000036892B2DB6901929847B9F1000F9CD1D0
:102580004746D4F8740103681B69984775E7A27938
:10259000002AD5D19AF80020002AD1D1B5E790F8C9
:1025A0008C314BB1D4F8880150B108490CF064FF6C
:1025B000082005B0BDE8F08F90F88D31002BF1D1E7
:1025C000082005B0BDE8F08FF04E0500345005003E
:1025D0004D8100204C81002090F88C31002B70D070
:1025E0002DE9F0410546D0F8880195F8F0711446C0
:1025F0000E46002859D065490CF03EFF3378D5F8D7
:102600008801012B5ED0052B00F0A880062B00F07E
:10261000B5800A2B00F0AA8000284DD05C490CF050
:102620002BFFD5F888013178002845D010220CF016
:10263000A3FFD5F8880100283ED056490CF01CFFB6
:102640003388D5F8880140F20172934276D040F683
:10265000061293427AD078B34D490CF00DFFD5F8AD
:102660008801717840B310220CF086FFD5F88801FC
:1026700010B349490CF000FFD5F88801E0B11022F1
:1026800071880CF079FF012FD5F8880147D1002C13
:1026900045D1A0B141490CF0EFFED5F8883173B1B6
:1026A0001846BDE8F0410CF0ADBF0B78012B03D00C
:1026B000052B01D0062BACD1012F0BD154B9BDE8AD
:1026C000F08170470028F7D035490CF0D5FED5F8D9
:1026D0008801B0E77788B6F806C0A7EB0C03002B9B
:1026E000EDDD0023DFF8D4800024414618467BB19D
:1026F0000CF0C2FEB268D5F88831115D2BB11846D6
:1027000010220CF039FFD5F888317788B6F806C06A
:102710000134A4B2A7EB0C029442E6DBBFE7002829
:10272000D8D020490CF0A8FE7788B6F806C0A7EBF1
:102730000C03002BD5F88831D4DCB0E70028BBD0DF
:1027400019490CF099FED5F8880191E70028B3D01B
:1027500016490CF091FED5F8880189E70028ABD026
:1027600013490CF089FED5F8880164E70028A3D04E
:1027700010490CF081FED5F888015CE700289BD059
:102780000D490CF079FED5F8880154E7204E05007C
:10279000484C0500384E05004C4E0500644E0500BF
:1027A000284E0500584E0500404E0500444E0500D9
:1027B0002C4E0500344E0500304E0500E04D05005E
:1027C0002DE9F041B0F82E32B0F82C62F61A054629
:1027D000B6B2D0F8280296421746184410D8BC1B4F
:1027E0003246A4B288461DF036FB5CB108EB060108
:1027F0002246D5F828021DF02EFBA5F82E4207E050
:102800001DF029FBB5F82E423C44A4B2A5F82E4297
:10281000B5F83032A34285BFB5F82C22D31AE41A9A
:10282000E418B5F83232A4B2A34201D2A5F832427C
:10283000BDE8F08130B5D0F8283283B00446FBB152
:10284000B0F82C32E3B1B0F82E22B0F83002824258
:1028500038BFD2180D46121A498892B208319B1A15
:1028600089B29BB299421ED994F88C31B3B1D4F895
:10287000880118B125490CF0ADFE002003B030BD31
:1028800094F88C010028F9D0D4F888010028F5D0FC
:102890001F490CF09FFE002003B030BD94F88D015D
:1028A0000028E4D1EAE71B4B02A91B8821F8083D68
:1028B00020460222FFF784FF294620460122FFF727
:1028C0007FFF0122A9182046FFF77AFF6B888DF859
:1028D000043001A91B12204602228DF80530FFF7B3
:1028E0006FFF6A88A9682046FFF76AFF05F10C01AF
:1028F00020460122FFF764FF204605F10D01012269
:10290000FFF75EFF012003B030BD00BF384F050068
:10291000104F0500684B05002DE9F0410D46097880
:102920004B1E0446272B00F2FC83DFE813F039002E
:10293000B400FA03FA03FA03FA03FA03FA03FA03F8
:10294000EA01FA03FA032202FA03FA032F02FA0356
:10295000FA035B03FA03FA03FA03FA03FA03FA032E
:10296000FA03FA03FA03FA03FA03FA03FA03FA037F
:10297000FA03FA03FA03FA03FA03D40328002B68D4
:1029800023F0FF03B3F5900F00F0F4857F4A9342E4
:1029900000F0A5847E4A934201F0A8836E78BBE1E3
:1029A0002B687C4A23F0FF03934200F070877A4A39
:1029B000934200F01085794A934201F02284784ACC
:1029C000934201F08085774A934202F06180764A13
:1029D000934202F07582754A934202F0C483744AAE
:1029E000934202F02584734A934202F0D084724AE3
:1029F000934202F0E387714A934202F0FC85704AE9
:102A0000934202F094856F4A934203F0C0826E4A6B
:102A1000934203F070826D4A934203F08F836E7885
:102A2000352E03F01B83432E03F022843C2E03F04B
:102A30001A81B3F5831F03F0D080654A934240F0BA
:102A40006B81E769002F00F06781AA680023013AD3
:102A5000194612F8010F98400833202B41EA000173
:102A6000F7D17960E3694FF0FF329A60E3691A6940
:102A700052B11978090707D45B681360E2691378CB
:102A800043F008031370E3691B785B0700F11D85B1
:102A900029786E7840E16E78722E00F04A87732EA6
:102AA00001F0BE84342E00F0DA84132E01F013847A
:102AB000152E01F0E485142E40F02E81836F002B3B
:102AC00000F02A81AA6812781A71A968826F8B793E
:102AD0004E790879C9791B0443EA0623034343EA84
:102AE00001639360A968A26F8B7A4E7A087AC97ADB
:102AF0001B0443EA0623034343EA0163D360A96846
:102B0000A26F8B7B4E7B087BC97B1B0443EA0623A9
:102B1000034343EA01631361A968A26F8B7D4E7D75
:102B2000087DC97D1B0443EA0623034343EA01638E
:102B30009361A26FAB68597E1B7E43EA01239383A6
:102B4000AB68A26FD97E9B7E43EA0123D383AB6837
:102B5000A26F597F1B7F43EA01231384AB68A26FE6
:102B600093F8211093F8203043EA01239384AA6854
:102B7000A36F92F8222083F82620AA68A36F92F808
:102B8000232083F8272000202C23A2E0000120002E
:102B900000022400000114000003100000041200D1
:102BA0000005200000075C0000091400001114005B
:102BB0000012240000131C000014240000177400ED
:102BC000002114000022140000261800003B2800F9
:102BD000006104006E88A3F12C022C3E96427FDD3A
:102BE00000EB4002D200AE681144F65C81F8306020
:102BF000AE68A16F1E441144767881F83160AE68EA
:102C0000A16F1E441144B67881F83260AE68A16F9E
:102C10001E441144F67881F83360AE68A76F1E44F5
:102C20001744B17996F805E096F804C0F6790904DE
:102C300041EA0E2141EA0C0141EA06617963AE687E
:102C4000A76F1E441744B17A96F809E096F808C0B9
:102C5000F67A090441EA0E2141EA0C0141EA0661D3
:102C6000B963A968A66F194416444F7B097B41EAF2
:102C70000721B187A968A66F19441644CF7B897BC9
:102C800041EA0721F187AE68A76F1E441744B17C63
:102C900096F811E096F810C0F67C090441EA0E217E
:102CA00041EA0C0141EA06613964AE68A16F1E4435
:102CB0001144367D81F84460AE68A16F1E440A4419
:102CC0000130717D82F845105C2803F1180302F091
:102CD0000187A16F91F82660C2B296423FF67AAFA3
:102CE000012381F8D038A16FD1F8D8080B7810B142
:102CF0001A0742F1F2865B0700F1E78329786E78C4
:102D00000AE06E78362E00F036872B68AF4A23F043
:102D1000FF03934201F03F80D4F820323BB31A46C0
:102D200001E05268AAB110788842FAD15078B042D6
:102D3000F7D192786AB129462046FFF77BFD2978C2
:102D40006E78D4F8203293B11A788A4204D05B6846
:102D50006BB11A788A42FAD15A78B242F7D1DB784D
:102D60002BB123689A4A1B69934240F0DC81BDE88D
:102D7000F0812B68974A23F0FF03934200F091867D
:102D8000954A934200F05E826E78C5E72B68934ABD
:102D900023F0FF03934200F0A283914A934200F094
:102DA000C7816E78022E01F02681032E01F008847F
:102DB000102EB1D1D0F89C000028ADD0AA6893782D
:102DC0005678D17812781B0443EA062343EA01635C
:102DD00013434360AA68D4F89C3012791A72AA6827
:102DE000D4F89C30127B1A74AA68D4F89C30D27B39
:102DF000DA74D4F89C30DA7C002A00F0D5806A8836
:102E0000102A40F2D180AA68127C1A75AA68D4F8F8
:102E10009C30527C5A75AA68D4F89C30927C9A7582
:102E2000AA68D4F89C30D27CDA75D4F89C30DA7C6D
:102E3000012A40F2B9806A88142A40F2B580AA6853
:102E4000127D1A76AA68D4F89C30527D5A76AA6808
:102E5000D4F89C30927D9A76AA68D4F89C30D27DC2
:102E6000DA76D4F89C30DA7C022A40F29D806A88B7
:102E7000182A40F29980AA68127E1A77AA68D4F8B4
:102E80009C30527E5A77AA68D4F89C30927E9A770A
:102E9000AA68D4F89C30D27EDA77D4F89C30DA7CF9
:102EA000032A40F281806A881C2A7DD9AA68127F91
:102EB00083F82020AA68D4F89C30527F83F8212020
:102EC000AA68D4F89C30927F83F82220AA68D4F8AC
:102ED0009C30D27F83F82320D4F89C30DA7C042AFB
:102EE00062D96A88202A5FD9AA6892F8202083F8DC
:102EF0002420AA68D4F89C3092F8212083F8252059
:102F0000AA68D4F89C3092F8222083F82620AA6878
:102F1000D4F89C3092F8232083F82720D4F89C30F2
:102F2000DA7C052A40D96A88242A3DD9AA6892F811
:102F3000242083F82820AA68D4F89C3092F8252011
:102F400083F82920AA68D4F89C3092F8262083F8C8
:102F50002A20AA68D4F89C3092F8272083F82B20E6
:102F6000D4F89C30DA7C062A1ED96A88282A1BD914
:102F7000AA6892F8282083F82C20AA68D4F89C30FC
:102F800092F8292083F82D20AA68D4F89C3092F872
:102F90002A2083F82E20AA68D4F89C3092F82B209F
:102FA00083F82F20D4F89C304FF0FF321A63D4F806
:102FB0009C108B6B0A7813B1100742F1C68153073E
:102FC00000F1838229786E78A6E600BF00093C00F4
:102FD00001CC020000031C000001100000141000CE
:102FE000001524002B6823F0FF03B3F5062F00F033
:102FF000F0836E78802E7FF48FAE6B88A42B3FF623
:103000008BAED0F8B470002F3FF486AE3B78787862
:10301000834236BF9A1F1A1A121AD2B2F82A01F244
:10302000B087AC2101FB0373B5229A70D4F8B420A9
:10303000137801FB03236222DA70D4F8B4201378EA
:1030400001FB032313221A71D4F8B420137801FB77
:10305000032380225A71D4F8B4206888137801FBC6
:1030600003239871D4F8B4006A88037801FB030342
:10307000120ADA716B8873B10023D4F8B400AE6819
:103080000278F65C01FB02021A44013316726A8868
:103090009BB29A42F1D8D4F8B420287B1378AC21A3
:1030A00001FB032383F8AC00D4F8B420687B1378C9
:1030B00001FB032383F8AD00D4F8B4201378013367
:1030C0001370D4F8B4301A78FA2A04BF00221A70A8
:1030D00029786E7820E66E78092E7FF41DAED0F840
:1030E000AC30002B3FF418AEAA6812781A71D0F8F1
:1030F000AC301A79012A01F00584022A01F0128409
:10310000012283F82420D4F8AC30DA6A197812B19D
:10311000080741F142864B0700F1D78129786E7884
:10312000FAE56E78F8E529462046BDE8F0411847F3
:10313000D0F89000002801F09D84AA689378567812
:10314000D17812781B0443EA062343EA0163134350
:103150004360A968D4F890208B7A4E7A087AC97AAD
:103160001B0443EA0623034343EA0163D360A968CF
:10317000D4F890208B7B4E7B087BC97B1B0443EAF1
:103180000623034343EA01631361A968D4F890203E
:103190008B7C4E7C087CC97C1B0443EA06230343DA
:1031A00043EA01635361A968D4F890208B7D4E7D7A
:1031B000087DC97D1B0443EA0623034343EA0163F8
:1031C0009361A968D4F890208B7E4E7E087EC97EDC
:1031D0001B0443EA0623034343EA0163D361A9685E
:1031E000D4F890208B7F4E7F087FC97F1B0443EA71
:1031F0000623034343EA01631362A968D4F89020CD
:1032000091F8223091F8216091F8200091F8231074
:103210001B0443EA0623034343EA01635362D4F8E1
:1032200090304FF0FF329A62D4F89020136B1178EF
:1032300013B1080741F152874F0700F14681297801
:103240006E7869E5D0F88000002801F01684AB683C
:103250009A785978DE78120442EA0122197842EA13
:1032600006620A4342609A795E791979D879120424
:1032700042EA06220A43D4F8801042EA00628A60D9
:103280009A7A5E7A197AD87A120442EA06220A43B6
:10329000D4F8801042EA0062CA60587B1A7BD4F8E6
:1032A000801042EA00220A82D4F88020997B91742F
:1032B000D4F88020DB7BD374D4F880304FF0FF3219
:1032C0005A61D4F88030DA69197812B1080741F1EF
:1032D00082864B0700F1F98029786E781CE5D0F8DA
:1032E000A400002801F0C383AA6893785678D178A7
:1032F00012781B0443EA062343EA01631343436045
:10330000AA68D4F8A43012791A72A968D4F8A42053
:103310008B7A4E7A087AC97A1B0443EA0623034360
:1033200043EA0163D360A968D4F8A4208B7B4E7B69
:10333000087BC97B1B0443EA0623034343EA01637A
:103340001361A968D4F8A4208B7C4E7C087CC97CCE
:103350001B0443EA0623034343EA01635361D4F8A1
:10336000A420A9688B7D4E7D087DC97D1B0443EA9E
:103370000623034343EA01639361A968D4F8A420B8
:103380008B7E4E7E087EC97E1B0443EA06230343E0
:1033900043EA0163D361A968D4F8A4208B7F4E7FF0
:1033A000087FC97F1B0443EA0623034343EA016302
:1033B0001362D4F8A4304FF0FF325A62D4F8A4302C
:1033C000DA6A197812B1080741F16C864B077CD490
:1033D00029786E78A0E44069002801F05183AB6839
:1033E0005A789978DE78120242EA0142197842EA64
:1033F00006620A43426062691979117262695979F9
:1034000051726269997991726269D979D1725A7AE5
:103410009E7A197AD87A120242EA06420A43616910
:1034200042EA0062CA605A7B9F7B1E7BD87B61693F
:10343000130243EA0743334343EA00630B616369C2
:103440004FF0FF325A616369DA69197812B10807DF
:1034500041F1D5854B0738D429786E785CE4C36E8A
:10346000002B3FF459AC9B68002B3FF455ACAA6885
:1034700012781A70C36EAA689B6852785A70AA684C
:10348000C16E937956791079D27989681B0443EA21
:103490000623034343EA02634B60AB68E26E597A4A
:1034A0001B7A926843EA01231381AB68E26ED97AF2
:1034B0009B7A926843EA01235381E26E137843F0CA
:1034C0000803137029786E7826E429462046FFF712
:1034D000B1F929786E7800287FF433AC1CE4D0F879
:1034E0008C00002801F06980AA6893785178D6781A
:1034F0001B0443EA0123117843EA06630B4343604C
:10350000D4F88C3011791972D4F88C305179597201
:10351000D4F88C3091799972937A567A117AD07A5C
:103520001B0443EA06230B43D4F88C1043EA0063E0
:10353000CB60507B137BD4F88C1043EA00230B82C2
:10354000D17B937BD4F88C2043EA01235382D4F8B7
:103550008C304FF0FF325A61D4F88C30DA69197828
:1035600012B10F0741F170844E07AED429786E78FE
:10357000FFF7D2BBD0F8A000002801F01B80AA689A
:1035800093785678D17812781B0443EA062343EAED
:10359000016313434360AB68D4F8A02059791B79C9
:1035A00043EA01231381AA68D4F8A03092799A7271
:1035B000AA68D4F8A030D279DA72AA68D4F8A03018
:1035C000127A1A73AA68D4F8A030527A5A73AA6889
:1035D000D4F8A030927A9A73D4F8A030AA68D27A3C
:1035E000DA73A968D4F8A0208B7B4E7B087BC97B5B
:1035F0001B0443EA0623034343EA01631361AA68F9
:10360000D4F8A030127C1A75AA68D4F8A030527C85
:103610005A75A968D4F8A0208B7D4E7D087DC97DA0
:103620001B0443EA0623034343EA01639361A96849
:10363000D4F8A0208B7E4E7E087EC97E1B0443EA10
:103640000623034343EA0163D361D4F8A020A968A9
:103650008B7F4E7F087FC97F1B0443EA0623034309
:1036600043EA01631362A968D4F8A02091F82230DC
:1036700091F8216091F8200091F823101B0443EA8F
:103680000623034343EA01635362A968D4F8A020E8
:1036900091F8263091F8256091F8240091F82710D0
:1036A0001B0443EA0623034343EA01639362A968C8
:1036B000D4F8A02091F82A3091F8296091F82800D8
:1036C00091F82B101B0443EA0623034343EA0163EA
:1036D000D362A968D4F8A02091F82E3091F82D601B
:1036E00091F82C0091F82F101B0443EA06230343A2
:1036F00043EA01631363A968D4F8A02091F832303B
:1037000091F8316091F8300091F833101B0443EACE
:103710000623034343EA01635363A968D4F8A02056
:1037200091F8363091F8356091F8340091F83710FF
:103730001B0443EA0623034343EA01639363A96836
:10374000D4F8A02091F83A3091F8396091F8380017
:1037500091F83B101B0443EA0623034343EA016349
:10376000D363A968D4F8A02091F83E3091F83D6069
:1037700091F83C0091F83F101B0443EA06230343F1
:1037800043EA01631364D4F8A020A96891F8423099
:1037900091F8416091F8400091F843101B0443EA0E
:1037A0000623034343EA01635364D4F8A0304FF087
:1037B000FF32DA64D4F8A010486D0B7810B11F07FF
:1037C00041F107835E073FF580AE29786E78FFF7F9
:1037D000A3BAD0F8B030002B00F0E9865A781878F8
:1037E000904236BF00F11006821AB21AD2B20E2AE7
:1037F00000F26485AA6803EBC00312789A70D4F8CB
:10380000B030AA681978527803EBC103DA70D4F8A3
:10381000B030AA681978927803EBC1031A71D4F812
:10382000B030AA681978D27803EBC1035A71D4F882
:10383000B030AA681978127903EBC1039A71D4F8F1
:10384000B030AA681978527903EBC103DA71D4F861
:10385000B030AA681978927903EBC1031A72D4F8D0
:10386000B030AA681978D27903EBC1035A72D4F840
:10387000B020137801331370D4F8B0301A78102ABE
:1038800004BF00221A7029786E78FFF745BA0069E4
:10389000002800F01586AB685A789978DE78120215
:1038A00042EA0142197842EA06620A4342605A79C2
:1038B0009E791979D879120242EA06420A432169AF
:1038C00042EA00628A605A7A9E7A197AD87A12029B
:1038D00042EA06420A43216942EA0062CA605A7B10
:1038E0009E7B197BD87B120242EA06420A43216979
:1038F00042EA00620A615A7C9F7C1E7CD87C216966
:10390000130243EA0743334343EA00634B612369ED
:103910004FF0FF329A6123691A6A197812B10F07C2
:1039200041F17E824E073FF5D0AD29786E78FFF7E2
:10393000F3B9036E002B7BD09B68002B78D0AA686C
:1039400012781A70AB68026ED9789B78926843EA55
:1039500001235380AA68016E937956791079D27940
:1039600089681B0443EA0623034343EA02634B606E
:10397000AA68216E937A567A107AD27A89681B04E3
:1039800043EA0623034343EA02638B60AA68216E7D
:10399000937B567B107BD27B89681B0443EA06230A
:1039A000034343EA0263CB60AB68226E597C1B7C05
:1039B000926843EA01231382236EAA689B68927C73
:1039C0009A74236EAA689B68D27CDA74236E9B6813
:1039D0001A78002A40F08687AA6892F80D1292F8A9
:1039E0000C2242EA01229A82236EAA689B6892F80E
:1039F0000E229A75216E8A681378002B40F06B872F
:103A000014274FF4FC76002303E0B3F5FC7F0BD0C2
:103A10008A68A96839441A44581CCB5C137682B270
:103A200096420346216EF0D80B7843F008030B70E2
:103A3000636E002B00F0DB829B68002B00F0D782C6
:103A4000B5221A70636E9B6862225A70636E9B681F
:103A500002229A70636E9B687222DA70636E6A88C3
:103A60009B681A71626E6B8892681B125371636E49
:103A70006A889868A96806301CF0EDF9636E2A7BA5
:103A80009B6883F81622636E6A7B9B6883F8172213
:103A9000626E137843F00803137029786E78FFF78D
:103AA0003BB9C26F002A00F00885AB681978117124
:103AB000C26F59785171D8789A78E16F42EA002242
:103AC000CA8058791A79E16F42EA00220A81D879CE
:103AD0009A79E16F42EA00224A819A7A5E7A197AEB
:103AE000D87A120442EA06220A43E16F42EA0062EF
:103AF000CA609A7B5E7B197BD87B120442EA06225D
:103B00000A43E16F42EA00620A61587CE16F9A7CE5
:103B10001E7C120442EA0022D87C324342EA006250
:103B20004A619A7D5E7D197DD87D120442EA0622A3
:103B30000A43E16F42EA00628A619A7E5F7E1E7EDE
:103B4000D87EE16F130443EA0723334343EA00635B
:103B5000CB61E36F4FF0FF321A62E36F9A6A197814
:103B600012B10F0741F144814E073FF5AEAC297801
:103B70006E78FFF7D1B86B88B3F5907F3FF6C5A894
:103B8000D0F88430002B3FF4C7A8AA6812781A71C5
:103B9000AA68D0F8843052785A71AA68D0F8843074
:103BA00092789A71AA68D0F8843012791A72AA6849
:103BB000D0F8843052795A72AA68D0F88430927959
:103BC0009A72AA68D0F88430D279DA720023194642
:103BD000D4F8840046798AB2964240F2BC806A8862
:103BE000083A934280F2B780AE681E4401EB81022E
:103BF000D200777A367A104446EA07268681A8688A
:103C0000D4F8846018441644C77A807A40EA0720C2
:103C1000F081AE68D4F884701E441744B07B96F8E7
:103C20000DE096F80CC0F67B000440EA0E2040EA56
:103C30000C0040EA06603861AE68D4F884001E4487
:103C40001044367C0675AE68D4F884001E441044D7
:103C5000767C4675A868D4F8846018441644C77CFE
:103C6000807C40EA0720F082AE68D4F884701E445D
:103C7000174496F815E0B07D96F814C0F67D000460
:103C800040EA0E2040EA0C0040EA0660B861AE68E7
:103C9000D4F884001E441044367E0677AE68D4F80B
:103CA00084001E441044767E4677A868D4F8846069
:103CB00018441644C77E807E40EA0720F083A86837
:103CC000D4F8846018441644477F007F40EA0720F8
:103CD0003084A868D4F8846018441644C77F807F75
:103CE00040EA07207084A868D4F884601844164419
:103CF00090F8217090F8200040EA0720B084D4F8B2
:103D00008460A8681844324490F8236090F8220038
:103D100040EA0620D084AE68D4F884001E44013105
:103D200096F82E2096F82D7096F82CC096F82F60F5
:103D3000120442EA072201EB810742EA0C0200EB7F
:103D4000C70042EA0662072903F1280382607FF474
:103D50003FAFD4F88400012380F82431D4F88410D4
:103D6000D1F82C010B7878B11F070DD44FF4907265
:103D700004311CF070F8D4F88420137843F0080361
:103D80001370D4F884301B785E073FF59EAB29781A
:103D90006E78FEF7C1BFD4F8880000283EF4BCAFAF
:103DA000AA6893785678D17812781B0443EA0623E0
:103DB00043EA016313434360A968D4F888208B79F0
:103DC0004E790879C9791B0443EA0623034343EA81
:103DD00001639360A968D4F888208B7A4E7A087AB8
:103DE000C97A1B0443EA0623034343EA0163D36011
:103DF000A968D4F888208B7B4E7B087BC97B1B0489
:103E000043EA0623034343EA01631361AB68D4F832
:103E10008820597C1B7C43EA01239382D4F88820B4
:103E2000AB68D97C9B7C43EA0123D382AA68D4F88F
:103E30008830127D1A76AA68D4F88830527D5A7676
:103E4000AA68D4F88830927D9A76A968D4F8882038
:103E50008B7E4E7E087EC97E1B0443EA0623034305
:103E600043EA0163D361AA68D4F88830127F83F8EB
:103E70002020AA68D4F88830527F83F82120D4F813
:103E80008830AA68927F83F82220AA68D4F8883004
:103E9000D27F83F82320AA68D4F8883092F82020B3
:103EA00083F82420AA68D4F8883092F8212083F877
:103EB0002520AA68D4F8883092F8222083F826209A
:103EC000AA68D4F8883092F8232083F82720AA68BB
:103ED000D4F8883092F8242083F82820AA68D4F8EF
:103EE000883092F8252083F82920D4F88830AA68F1
:103EF00092F8262083F82A20AA68D4F8883092F80D
:103F0000272083F82B20AA68D4F8883092F828203C
:103F100083F82C20AA68D4F8883092F8292083F8F6
:103F20002D20AA68D4F8883092F82A2083F82E2011
:103F3000AA68D4F8883092F82B2083F82F20AA683A
:103F4000D4F8883092F82C2083F83020AA68D4F86E
:103F5000883092F82D2083F83120D4F88820A96881
:103F600091F8323091F8316091F8300091F83310C7
:103F70001B0443EA0623034343EA01635363A9682E
:103F8000D4F8882091F8363091F8356091F83400F3
:103F900091F837101B0443EA0623034343EA016305
:103FA0009363A968D4F8882091F83A3091F8396081
:103FB00091F8380091F83B101B0443EA06230343B1
:103FC00043EA0163D363D4F888304FF0FF321A64B8
:103FD000D4F88820936C117813B1080740F14B870F
:103FE0004B073FF572AA29786E78FEF795BE2978BF
:103FF0006E78FEF791BED0F89420002A3EF48CAE85
:10400000AF68B5F802E0BB787978F8781B0443EA2A
:104010000123397843EA00630B43536079793B7994
:10402000D4F8942043EA01231381F979BB79D4F8B9
:10403000942043EA012353813846AEF1080C002254
:1040400016E0BCEB820F02F101021BDD837A417A9C
:1040500090F808801B0443EA0123C17A43EA08036D
:1040600043EA01631F2AF36000F1040001F0578066
:10407000D4F894104B7A1FFA82F8DB08434501EB21
:104080008206DED89B00083373450ED2FA18F85C1E
:1040900093785678D2781B0443EA062343EA0263F6
:1040A0000343C1F88830D4F89410D1F89000A8B137
:1040B0000A88C2F3C50212F0010301F003829607D9
:1040C00041F12C82530741F12F82170741F12982D8
:1040D000D60641F1F681530901F00C820B785B079B
:1040E0003FF5F3A929786E78FEF716BED0F8A82020
:1040F000002A00F0E286A9688B784E78C8780978A3
:104100001B0443EA062343EA00630B435360A96898
:10411000D4F8A8208B7A4E7A087AC97A1B0443EA2D
:104120000623034343EA0163D360A968D4F8A820B7
:104130008B7B4E7B087BC97B1B0443EA062303432E
:1041400043EA01631361A968D4F8A8208B7C4E7CF4
:10415000087CC97C1B0443EA0623034343EA01634A
:104160005361A968D4F8A8208B7D4E7D087DC97D58
:104170001B0443EA0623034343EA01639361A968EE
:10418000D4F8A8208B7E4E7E087EC97E1B0443EAAD
:104190000623034343EA0163D361A968D4F8A82046
:1041A0008B7F4E7F087FC97F1B0443EA06230343AE
:1041B00043EA01631362A968D4F8A82091F8223079
:1041C00091F8216091F8200091F823101B0443EA34
:1041D0000623034343EA01635362D4F8A8304FF047
:1041E000FF329A62D4F8A8100B6B0A7813B1170744
:1041F00040F19B8756073FF568A929786E78FEF74E
:104200008BBD8069002800F03386AA6853789178C6
:10421000D6781B0243EA0143117843EA06630B4355
:10422000436050791379A16943EA00230B81D07967
:104230009379A16943EA00234B81507A137AA169EB
:1042400043EA00238B81D07A937AA16943EA002361
:10425000CB81507B137BA16943EA00230B82D07B87
:10426000937BA16943EA00234B82A169507C137CB4
:1042700043EA00238B82A3694FF0FF329A61A3695E
:104280001A6A19789AB10F0711D453F8041F5E689F
:104290009868DF68D7601160566090601969116195
:1042A000A269137843F008031370A36919784E07C5
:1042B0003FF50BA929786E78FEF72EBD94F88C3166
:1042C000002B40F0D08194F88D31002B40F0CB8151
:1042D0006E78FEF721BD036F002B3EF41DADAA687A
:1042E00011781971036F51785971036FD178D971B1
:1042F000036F11791972036F51795972036F9179B4
:1043000099720021206F077ACBB29F4200EB8106A1
:1043100016D96B88083BB3EB810F01F101010FDD6A
:10432000937A507A177A1B0443EA0023D07A3B43EE
:1043300043EA00631029F36002F10402E2D1206F26
:10434000012680F84C60216F4A6D7AB30B68C3F385
:10435000CD0313EA060001F0D0809F0740F12686C6
:104360005E0741F1D680180741F1D180DF0641F1A7
:104370001F839E0641F1E083580641F1FD831F062D
:1043800041F1F783DE0541F10384980541F1FD8396
:104390005F0541F1F7831E0541F1F183D80440F137
:1043A00004865B0B08BF0D2600F00086CA6D7AB349
:1043B0004B88C3F34D0313F0010600F033869F07CB
:1043C00041F19D805E0741F19E80180741F199807F
:1043D000DF0641F19A809E0641F1F683580641F1CD
:1043E000F9831F0641F1F383DE0541F13684980518
:1043F00041F130845F0541F133841E0541F127848A
:10440000D80440F10E865B0B08BF0D2600F00A862B
:104410000B785F073FF559A829786E78FEF77CBCCA
:10442000826E1378C3F3C10313F0010703D05B0856
:104430007EF472AC01273E013E4493683601B522FA
:104440009A55A36E9B68334462225A70A36E9B6890
:10445000334402229A70A36E9B6833447322DA704D
:10446000A36E6A889B6833441A71A36E6A889B683E
:10447000334412125A71A36E6A889868A96830444E
:1044800006301BF0E8FCA36E297B9B6833440122B5
:1044900083F80E11A36E697B9B681E44BA4086F8B0
:1044A0000F11A16E0B78C3F3C100024362F3C40382
:1044B0000B7029786E78FEF72FBC6E78FEF72CBC57
:1044C0006E78FEF729BC006A002800F02586AA68ED
:1044D00053789678D17812781B0243EA064343EA70
:1044E000016313434360AA68236A12791A72A968A8
:1044F000226A4B7A8E7A087AC97A1B0243EA06430B
:10450000034343EA0163D360A968226A4B7B8E7B35
:10451000087BC97B1B0243EA0643034343EA01636A
:104520001361A968226A4B7C8E7C087CC97C1B02C3
:1045300043EA0643034343EA01635361226AA968DD
:104540004B7D8E7D087DC97D1B0243EA06430343F4
:1045500043EA01639361A968226A4B7E8E7E087EDE
:10456000C97E1B0243EA0643034343EA0163D36166
:10457000A968226A4B7F8E7F087FC97F1B0243EAAE
:104580000643034343EA01631362236A4FF0FF3299
:104590005A62236ADA6A197812B1080740F17787FC
:1045A0004B073EF592AF29786E78FEF7B5BB6E7873
:1045B000FEF7B2BB6E78FEF7AFBB6E78FEF7ACBB12
:1045C000D0F8980000283EF4A7AB6A88131F48BFB4
:1045D000D31CDB10002680F83832324628E0A96868
:1045E0003144462A8B7991F8058091F804E0C97925
:1045F0004FEA034343EA082343EA0E0343EA016315
:10460000CCF80830A968D4F8983011F800C03144CB
:104610001F448B7A4E7AC97A4FEA034343EA062352
:1046200043EA0C0343EA01630646FB6000F01A8785
:104630006B88D4F89810043BD7009E4206F108001E
:1046400001EB070C02F10102C9DBD1F840020B7843
:1046500010B11F0740F10A875E073EF536AF297893
:104660006E78FEF759BBD4F88801002800F08684E4
:10467000A3490AF0AFFF29786E78FEF74DBB436F70
:10468000002B3EF449ABAA6812789A70AA68436F6F
:104690005278DA70AA68436F92781A71AA68436FE9
:1046A000D2785A71AA68436F12799A71AA68436FD7
:1046B0005279DA71AA68436F92791A72AA68436FC5
:1046C000D2795A72426FAB68597A1B7A43EA012356
:1046D0005381AA68436F927A1A73AA68436FD27A99
:1046E0005A73AA68436F127B9A73AA68436F527B0E
:1046F000DA7300201023CBE06E884201103E964210
:1047000040F3CC80AE681144F65C8E74AE68616F85
:104710001E441144367A8E76A968666F0130CF1830
:1047200041010E443F7CB770AF68666F1F4416446A
:104730007F78F774AF68666F1F4416447F7AF77608
:10474000AF68666F1F4416447F7C86F82370AF689D
:10475000666F1F441644BF783775AF68666F1F4495
:104760001644BF7A3777666FAF681F441644BF7C24
:1047700086F82470AF68666F1F441644FF7877751B
:10478000AF68666F1F441644FF7A7777AF68666F2D
:104790001F441644FF7C86F82570AF68666F1F447F
:1047A00016443F79B775AF68666F1F4416443F7B68
:1047B000B777AF68666F1F4416447F79F775AF68A7
:1047C000666F1F4416447F7BF777666FAF681F44A0
:1047D0001644BF793776AF68666F1F441644BF7BB7
:1047E00086F82070AF68666F1F441644FF797776AD
:1047F000AF68666F1F441644FF7B86F82170AF6870
:10480000666F1F440E443F7DB771AF68666F1F44EB
:104810000E447F7DF771AF68666F1F440E44BF7D05
:104820003772AF68666F1F443144FE7D4E72666F0B
:10483000A968194416444F7E097E41EA0721718513
:10484000AE68616F1E441144B67E81F82C60AE687C
:10485000616F1E441144F67E81F82D60AE68616F71
:104860001E441144367F81F82E60AE68616F1E448D
:104870001144767F81F82F60AE68616F1E440A4450
:104880005C28B17F82F8301003F1200300F04386EA
:10489000616F4E7BC2B296423FF62EAF012381F884
:1048A000923B616FD1F8980B0B7868B11E070BD45F
:1048B0004FF4396202311BF0CEFA626F137843F085
:1048C00008031370636F1B7859073EF5FEAD297816
:1048D0006E78FEF721BA5688002E3FF4A5A8182757
:1048E000FFF791B8AA68517D127D42EA01229A82AF
:1048F000236EAA689B68927D9A75FFF77BB800BF0C
:104900009C5105006A880C2A7EF4FAABAA681279D9
:10491000DA72AA68D0F8AC30127ADA73D0F8AC3018
:10492000FEF7EEBBAA6852781A72AA68D0F8AC30CB
:10493000D2789A72D0F8AC20917A0629134629D9F8
:1049400090F88C1109B3D0F88801002801F02D806F
:104950004D490AF091FDD4F88801A0B1D4F8AC30EB
:104960000A22997A0AF09AFDD4F88801002801F009
:104970001A8046490AF080FDD4F8880118B10A224D
:1049800006210AF099FED4F8AC3006229A72D4F8C7
:10499000AC30997A00293EF4B3ABA9688A794E7994
:1049A0000879C979120442EA0622024342EA016206
:1049B000DA60D4F8AC309A7A012A7EF6A1ABA96805
:1049C0008A7A4E7A087AC97A120442EA06220243A7
:1049D00042EA01621A61D4F8AC309A7A022A7EF671
:1049E0008FABA9688A7B4E7B087BC97B120442EAA5
:1049F0000622024342EA01625A61D4F8AC309A7A44
:104A0000032A7EF67DABA9688A7C4E7C087CC97C33
:104A1000120442EA0622024342EA01629A61D4F891
:104A2000AC309A7A042A7EF66BABA9688A7D4E7DFB
:104A3000087DC97D120442EA0622024342EA01626D
:104A4000DA61D4F8AC309A7A052A7EF659ABA968B7
:104A50008A7E4E7E087EC97E120442EA0622024306
:104A600042EA01621A62D4F8AC30FEF749BB6E78B4
:104A7000FEF752B96E78FEF74FB96E78FEF74CB973
:104A80006E78FEF749B900BF205205003C52050080
:104A9000406A002800F05384AA6853789678D17849
:104AA00012781B0243EA064343EA0163134343605F
:104AB000AB68626A59791B7943EA01231381AA68BA
:104AC000636A92799A72AA68636AD279DA72AA687A
:104AD000636A127A1A73AA68636A527A5A73AA6866
:104AE000636A927A9A73636AAA68D27ADA73A96857
:104AF000626A4B7B8E7B087BC97B1B0243EA0643C1
:104B0000034343EA01631361A968626A4B7C8E7CAC
:104B1000087CC97C1B0243EA0643034343EA016362
:104B20005361AA68636A127D1A76AA68636A527D25
:104B30005A76AA68636A927D9A76AA68636AD27D79
:104B4000DA76A968626A4B7E8E7E087EC97E1B0279
:104B500043EA0643034343EA0163D361A968626AF7
:104B60004B7F8E7F087FC97F1B0243EA06430343C6
:104B700043EA01631362A968626A91F8213091F8EF
:104B8000226091F8200091F823101B0243EA0643AB
:104B9000034343EA01635362A968626A91F82530CE
:104BA00091F8266091F8240091F827101B0243EA3F
:104BB0000643034343EA01639362A968626A91F87A
:104BC000293091F82A6091F8280091F82B101B02E7
:104BD00043EA0643034343EA0163D362A968626A76
:104BE00091F82D3091F82E6091F82C0091F82F104B
:104BF0001B0243EA0643034343EA01631363A968C4
:104C0000626A91F8313091F8326091F8300091F891
:104C100033101B0243EA0643034343EA0163536331
:104C2000A968626A91F8353091F8366091F83400DD
:104C300091F837101B0243EA0643034343EA01633A
:104C40009363A968626A91F8393091F83A6091F8F3
:104C5000380091F83B101B0243EA0643034343EA42
:104C60000163D363626AA96891F83D3091F83E60B0
:104C700091F83C0091F83F101B0243EA06430343BE
:104C800043EA01631364A968626A91F8413091F8BC
:104C9000426091F8400091F843101B0243EA06433A
:104CA000034343EA01635364A968626A91F845309B
:104CB00091F8466091F8440091F847101B0243EACE
:104CC0000643034343EA01639364A968626A91F867
:104CD000493091F84A6091F8480091F84B101B0256
:104CE00043EA0643034343EA0163D364AB68626A61
:104CF00093F84D1093F84C3043EA0123A2F850305A
:104D0000626AAB6893F84F1093F84E3043EA012380
:104D1000A2F85230A968626A91F8553091F856604D
:104D200091F8540091F857101B0243EA06430343DD
:104D300043EA01639365AB68626A93F8591093F88C
:104D4000583043EA0123A2F85C30AB68626A93F8FA
:104D50005B1093F85A3043EA0123A2F85E30626A8E
:104D60004FF0FF331366626A5366616AC86E0B7850
:104D700060B11F070AD45C2204311BF06CF8626A30
:104D8000137843F008031370636A1B785E073EF5DF
:104D90009CAB29786E78FDF7BFBF53F8046F586855
:104DA0009968DF68D76016605060916099691E69E4
:104DB0005869DF69D761166150619161D4F8AC2000
:104DC000137843F008031370D4F8AC301978FEF769
:104DD000A2B9482204311BF03EF8D4F8A020137881
:104DE00043F008031370D4F8A0301B78FEF7EABC38
:104DF00053F8040F59689E68DF68D76010605160EF
:104E00009660596918699E69966110615161E26FF7
:104E1000137843F008031370E36F1978FEF7A4BE0C
:104E200053F8041F5E689868DF68D76011605660A9
:104E30009060196911612269137843F008031370B7
:104E400023691978FEF76EBD53F8046F99685868A6
:104E5000DB68D360166050609160D4F88C201378C2
:104E600043F008031370D4F88C301978FEF77CBB3C
:104E70006E78FDF751BF111D34320F684E68886897
:104E8000D1F80CC0C3F80CC0103191421F605E60B5
:104E9000986003F11003F0D14A6808688968996046
:104EA00018605A60D4F88820137843F00803137010
:104EB000D4F888301978FFF793B86E78FDF72CBFD7
:104EC000836A002B00F03E82AA6812781A71A968E2
:104ED000826A4B798E790879C9791B0243EA0643C5
:104EE000034343EA01639360A968A26A4B7A8E7A0E
:104EF000087AC97A1B0243EA0643034343EA016383
:104F0000D360A968A26A4B7B8E7B087BC97B1B029E
:104F100043EA0643034343EA01631361A968A26AB3
:104F20004B7C8E7C087CC97C1B0243EA064303430E
:104F300043EA01635361A36A4FF0FF329A61A36AA7
:104F40001A6A19789AB1080711D453F8041F5E68D9
:104F50009868DF68D76011605660906019691161C8
:104F6000A26A137843F008031370A36A19784F07F5
:104F70003EF5ABAA29786E78FDF7CEBE6E78FDF7C8
:104F8000CBBE94F88C3123B994F88D31002B3DF4CD
:104F9000C3AED4F8880100283DF4BEAEA3490AF0A0
:104FA00019FB29786E78FDF7B7BE0C2606EBC60014
:104FB000043102EBC00048221AF04DFF216F0B684C
:104FC0000122C3F3CD00B240024362F3D0030B6071
:104FD000216FFFF7EBB953F8046F99685868DB68E5
:104FE000D360166050609160D4F88020137843F04D
:104FF00008031370D4F880301978FEF76AB953F8B3
:10500000046F99685868DB68D360166050609160DF
:105010006269137843F00803137063691978FEF727
:1050200019BA0C2606EB86073F01B523D355236F2B
:10503000DB6D3B4462225A70236FDB6D3B440222DE
:105040009A70236FDB6D3B441322DA70236F6A88FA
:10505000DB6D3B441A71236F6A88DB6D3B4412128F
:105060005A71236F6A88D86DA968384406301AF0DF
:10507000F2FE236F297BDB6D3B44012283F84E1047
:10508000236F697BDB6D1F44B24087F84F10216F9F
:105090004B88C3F34D00024362F34E034B80216FF4
:1050A000FFF7B6B953F8046F58689968DF68D7609E
:1050B00016605060916099691E695869DF69D7610F
:1050C000166150619161D4F8A420137843F008036D
:1050D0001370D4F8A4301978FEF778B9111D243272
:1050E0000F684E688868D1F80CC0C3F80CC0103146
:1050F00091421F605E60986003F11003F0D10A686E
:105100001A60D4F89020137843F008031370D4F891
:1051100090301978FEF790B86E78FDF7FDBDD4F8A1
:1051200094104B7ADB08FEF7ADBF0A1D24311768D7
:1051300056689068D2F80CC0C3F80CC010328A428E
:105140001F605E60986003F11003F0D112681A606E
:10515000D4F8A820137843F008031370D4F8A830CB
:105160001A78FFF747B8006B002800F02484AB687A
:105170005A789978DE78120242EA0142197842EAB6
:1051800006620A4342605A799E791979D8791202E7
:1051900042EA06420A43216B42EA00628A605A7A76
:1051A0009E7A197AD87A120242EA06420A43216BA1
:1051B00042EA0062CA605A7B9E7B197BD87B12024E
:1051C00042EA06420A43216B42EA00620A615A7CC3
:1051D0009F7C1E7CD87C216B130243EA0743334338
:1051E00043EA00634B61236B4FF0FF329A61236BFC
:1051F0001A6A9AB119780E0710D453F8041F5E6822
:105200009868DF68D7601160566090601969116115
:10521000226B137843F008031370236B1B78580735
:105220003EF553A929786E78FDF776BDDC5105006F
:10523000406B002800F05F84AB685A789978DE787C
:10524000120242EA0142197842EA06620A434260C7
:105250005A799E791979D879120242EA06420A43AC
:10526000616B42EA00628A605A7A9E7A197AD87A29
:10527000120242EA06420A43616B42EA0062CA60D5
:105280005A7B9E7B197BD87B120242EA06420A4374
:10529000616B42EA00620A615A7C9E7C197CD87C70
:1052A000120242EA06420A43616B42EA00624A6124
:1052B000987D616B5A7D1E7D120242EA0042D87DC4
:1052C000324342EA00628A615A7E9E7E197ED87E0F
:1052D000120242EA06420A43616B42EA0062CA6174
:1052E0005A7F9E7F197FD87F120242EA06420A4304
:1052F000616B42EA00620A6293F8212093F82270FF
:1053000093F8206093F82300616B130243EA07438C
:10531000334343EA00634B62636B4FF0FF329A62A0
:10532000626B136B1BB11178090740F1EA831378A4
:105330005F073EF5CAA829786E78FDF7EDBC6E7858
:10534000FDF7EABC6E78FDF7E7BC0A1D243117684B
:1053500056689068D2F80CC0C3F80CC010328A426C
:105360001F605E60986003F11003F0D1106851680F
:1053700092689A6018605960D4F89C20137843F0C2
:1053800008031370D4F89C301A78FDF718BE836BAD
:10539000002B00F00583AA6812781A71A968826B45
:1053A0004B798E790879C9791B0243EA0643034396
:1053B00043EA01639360A968A26B4B7A8E7A087AFC
:1053C000C97A1B0243EA0643034343EA0163D360FD
:1053D000A968A26B4B7B8E7B087BC97B1B0243EACF
:1053E0000643034343EA01631361A968A26B4B7C44
:1053F0008E7C087CC97C1B0243EA0643034343EAD4
:1054000001635361A36BAA68127D1A76AA68A36B25
:10541000527D5A76AA68A36B927D9A76AA68A36B8E
:10542000D27DDA76A968A26B4B7E8E7E087EC97E1D
:105430001B0243EA0643034343EA0163D361A36BC0
:105440004FF0FF321A62A36B9A6A1AB119780E07ED
:1054500040F1A1831B7858073EF537A829786E786C
:10546000FDF75ABCD4F89810FFF7EFB84FF40E725E
:10547000083104301AF0EFFCD4F89820137843F088
:1054800008031370D4F898301B78FFF7E5B853F889
:10549000046F58689968DF68D76016605060916043
:1054A00099691E695869DF69D76116615061916118
:1054B000226A137843F008031370236A1978FFF700
:1054C0006FB804231E4603EB031300EBC300043143
:1054D00088221AF0C0FCD4F894100B880122C3F380
:1054E000C500B240024362F3C8030B80D4F89410A5
:1054F000FEF7F4BD05231E46E5E7064656E5012600
:1055000090E503268EE502268CE504268AE503262F
:105510004CE502264AE5616FFFF7C0B901231E463C
:10552000D1E703231E46CEE702231E46CBE7C66A19
:10553000002E00F09786AA680023571E194617F818
:10554000010F98400833202B41EA0001F7D1716028
:105550005379907911791B0243EA0043D0790B43C8
:10556000E16A43EA00638B60537A907A117A1B02F6
:1055700043EA0043D07A0B43E16A43EA0063CB601D
:10558000507B137BE16A43EA00230B82E36A917B41
:105590009974E36AD17BD974E36A117C1975E36A63
:1055A000517C5975E36A917C9975E36AD27CDA750E
:1055B000E36A4FF0FF329A61E36A1A6A9AB1197886
:1055C000090710D453F8041F5E689868DF68D76035
:1055D00011605660906019691161E26A137843F0B6
:1055E00008031370E36A1B785B073DF56EAF2978FB
:1055F0006E78FDF791BB006C002800F0E282AA688B
:1056000053789678D17812781B0243EA064343EA2E
:10561000016313434360AA68236C12791A72AA6863
:10562000236C52795A72AB68226CD9799B7943EA20
:1056300001235381AA68236C127A1A73AA68236C17
:10564000527A5A73AA68236C927A9A73236CAA6866
:10565000D27ADA73AA68236C127B1A74A968226C56
:105660004B7C8E7C087CC97C1B0243EA06430343C7
:1056700043EA01635361A968226C4B7D8E7D087DEE
:10568000C97D1B0243EA0643034343EA0163936176
:10569000AA68236C127E1A77AA68236C527E5A7706
:1056A000AA68236C927E9A77AA68236CD27EDA77F6
:1056B000A968226C4B7F8E7F087FC97F1B0243EA5B
:1056C0000643034343EA01631362A968226C91F81D
:1056D000213091F8226091F8200091F823101B02EC
:1056E00043EA0643034343EA01635362A968226C19
:1056F00091F8253091F8266091F8240091F8271050
:105700001B0243EA0643034343EA01639362A96829
:10571000226C91F8293091F82A6091F8280091F8CC
:105720002B101B0243EA0643034343EA0163D3629F
:10573000226CA96891F82D3091F82E6091F82C0018
:1057400091F82F101B0243EA0643034343EA016327
:105750001363A968226C91F8313091F8326091F8A6
:10576000300091F833101B0243EA0643034343EA37
:1057700001635363A968226C91F8353091F8366063
:1057800091F8340091F837101B0243EA06430343B3
:1057900043EA01639363A968226C91F8393091F868
:1057A0003A6091F8380091F83B101B0243EA064337
:1057B000034343EA0163D363A968226C91F83D3047
:1057C00091F83E6091F83C0091F83F101B0243EACB
:1057D0000643034343EA01631364A968226C91F80A
:1057E000413091F8426091F8400091F843101B025B
:1057F00043EA0643034343EA01635364A968226C06
:1058000091F8453091F8466091F8440091F84710BE
:105810001B0243EA0643034343EA01639364A96816
:10582000226C91F8493091F84A6091F8480091F85B
:105830004B101B0243EA0643034343EA0163D3646C
:10584000A968226C91F84D3091F84E6091F84C00A7
:1058500091F84F101B0243EA0643034343EA0163F6
:105860001365226CA96891F8513091F8526091F853
:10587000500091F853101B0243EA0643034343EAE6
:1058800001635365A968226C91F8553091F8566010
:1058900091F8540091F857101B0243EA0643034362
:1058A00043EA01639365AB68226C93F8591093F84F
:1058B000583043EA0123A2F85C30AB68226C93F8BD
:1058C0005B1093F85A3043EA0123A2F85E30AB68CC
:1058D000226C93F85D1093F85C3043EA0123A2F840
:1058E0006030AB68226C93F85F1093F85E3043EA47
:1058F0000123A2F86230AB68226C93F8611093F830
:10590000603043EA0123A2F86430AB68226C93F85C
:10591000631093F8623043EA0123A2F86630A96865
:10592000226C91F8653091F8666091F8640091F806
:1059300067101B0243EA0643034343EA016393668D
:10594000A968226C91F8693091F86A6091F8680052
:1059500091F86B101B0243EA0643034343EA0163D9
:10596000D366226C4FF0FF339367226CD367216CB0
:10597000D1F8840060B10B781E0709D40431742279
:105980001AF069FA226C137843F008031370216C43
:105990000B7858073DF599AD29786E78FDF7BCB9BD
:1059A0006E78FDF7B9B9D4F8AC201346FEF7EDBF19
:1059B0000426FFF7FBBA6E78FDF7AEB9C36B002B78
:1059C00000F09C80AA6812781A71AA68C36BD2781A
:1059D000DA71A968C26B4B798E790879C9791B0293
:1059E00043EA0643034343EA01639360A968E26B19
:1059F0004B7A8E7A087AC97A1B0243EA064303433C
:105A000043EA0163D360A968E26B4B7B8E7B087B22
:105A1000C97B1B0243EA0643034343EA0163136164
:105A2000A968E26B4B7C8E7C087CC97C1B0243EA34
:105A30000643034343EA01635361A968E26B4B7D6C
:105A40008E7D087DC97D1B0243EA0643034343EA7A
:105A500001639361AA68E36B127E1A77AA68E36B0D
:105A6000527E5A77AA68E36B927E9A77AA68E36BB4
:105A7000D27EDA77A968E26B4B7F8E7F087FC97F81
:105A80001B0243EA0643034343EA01631362A96826
:105A9000E26B91F8213091F8226091F8200091F8A2
:105AA00023101B0243EA0643034343EA01635362A4
:105AB000E36B4FF0FF329A62E26B136B13B1117814
:105AC00009073CD513785F073DF5FFAC29786E7860
:105AD000FDF722B9A16FFDF703B940F6CC020431FE
:105AE0001AF0B9F9A26F137843F008031370A36F8B
:105AF0001B78FDF700B96E78FDF70EB96E78FDF7EB
:105B00000BB9111D24320F684E688868D1F80CC09B
:105B1000C3F80CC0103191421F605E60986003F1C1
:105B20001003F0D10A681A60626B137843F008031F
:105B30001370626BFFF7FBBB0526FFF737BA111D29
:105B400024320F684E688868D1F80CC0C3F80CC0C6
:105B5000103191421F605E60986003F11003F0D134
:105B60000A681A60E26B137843F008031370E26B63
:105B7000A8E70726FFF71ABA0626FFF717BA0B267B
:105B8000FFF714BA0A26FFF711BA0926FFF70EBA73
:105B90000826FFF70BBA53F8040F59689E68DF68B0
:105BA000D760106051609660186959699E69966166
:105BB00010615161A26B137843F008031370A36B5B
:105BC00048E46E78FDF7A8B80526FFF72BBA07263C
:105BD000FFF728BA0626FFF725BA676D002F3DF4B8
:105BE0009BA8AA680023013A194612F8010F9840B1
:105BF0000833202B41EA0001F7D17960AA68636D70
:105C000012791A72AA68636D52795A72636D4FF0F5
:105C1000FF325A61636DDA698AB119780E070ED4C2
:105C200053F8046F58689968DB68D3601660506059
:105C30009160626D137843F008031370636D1B78F5
:105C400058073DF542AC29786E78FDF765B80B260C
:105C5000FFF7E8B90926FFF7E5B90826FFF7E2B92B
:105C60000A26FFF7DFB96A88282A02D0402A7CF486
:105C7000E0AE236D002B3DF44FA8AA6812781A718C
:105C8000AB68226DD9789B7843EA0123D380A96859
:105C9000226D8B794E790879C9791B0443EA062372
:105CA000034343EA01639360A968226D8B7A4E7ABD
:105CB000087AC97A1B0443EA0623034343EA0163D3
:105CC000D360A968226D8B7B4E7B087BC97B1B044C
:105CD00043EA0623034343EA01631361A968226D83
:105CE0004E7C8B7C087CC97C1B0443EA062303435F
:105CF00043EA016353616B88282B00F0AB80A968ED
:105D0000226D8B7D4E7D087DC97D1B0443EA0623F1
:105D1000034343EA01639361A968226D8B7E4E7E43
:105D2000087EC97E1B0443EA0623034343EA01635A
:105D3000D361AA68236D92F8202083F82420AA68F2
:105D4000236D92F8212083F82520AA68236D92F80C
:105D5000222083F82620AA68236D92F8232083F856
:105D60002720A968226D91F8256091F8263091F8D6
:105D7000240091F827101B0443EA0623034343EA57
:105D800001639362A968226D91F82A3091F8296025
:105D900091F8280091F82B101B0443EA06230343D3
:105DA00043EA0163D362A968226D91F82E3091F81D
:105DB0002D6091F82C0091F82F101B0443EA062364
:105DC000034343EA01631363A968226D91F83230FB
:105DD00091F8316091F8300091F833101B0443EAD8
:105DE0000623034343EA01635363A968226D91F8D4
:105DF000363091F8356091F8340091F837101B0473
:105E000043EA0623034343EA01639363A968226DCF
:105E100091F83E3091F83D6091F83C0091F83F10C8
:105E20001B0443EA0623034343EA01631364236D1F
:105E30004FF0FF325A64226DD36C1BB11178090701
:105E400040F1A68213785F073DF53FAB29786E7865
:105E5000FCF762BF236D00219961236DD961AA68A7
:105E6000236D127D83F82420AA68236D527D83F868
:105E70002520AA68236D927D83F82620236D83F860
:105E80002710A868226D837E477E067EC07E1B0495
:105E900043EA0723334343EA00639362A868226D11
:105EA000837F477F067FC07F1B0443EA072333437A
:105EB00043EA0063D362226DA86890F8223090F81C
:105EC000217090F8206090F823001B0443EA072318
:105ED000334343EA00631363236D5963236D99636E
:105EE000A968226D91F8263091F8256091F8240078
:105EF00091F8271094E7866C002E00F0AC80AA6819
:105F00000023013A194612F8010F98400833202B5C
:105F100041EA0001F7D17160AA68A36C12791A7284
:105F2000AA68A36C127A1A73AA68A36C527A5A737D
:105F3000AA68A36C927A9A73AA68A36CD27ADA736D
:105F4000A968A26C8B7B4E7B087BC97B1B0443EA50
:105F50000623034343EA01631361AB68A26C597CD7
:105F60001B7C43EA01239382AB68A26CD97C9B7CA7
:105F700043EA0123D382AA68A36CD27DDA76A36CAC
:105F80004FF0FF32DA6129786E78FCF7C5BE466CB7
:105F9000002E00F06A81AB6800225F1E114617F8E0
:105FA000010F90400832202A41EA0001F7D17160C8
:105FB0009A7958791979120442EA0022D8790A4369
:105FC000616C42EA00628A609A7A587A197A1204FD
:105FD00042EA0022D87A0A43616C42EA0062CA604F
:105FE0005A7B987B197B120242EA0042D87B0A4313
:105FF000616C42EA00620A615A7C9E7C187CD97C02
:10600000130243EA0643626C034343EA01635361AC
:10601000636C4FF0FF329A61636C1A6A9AB1197817
:106020000F0710D453F8041F5E689868DF68D760C4
:1060300011605660906019691161626C137843F0C9
:1060400008031370636C1B785E073DF53EAA297840
:106050006E78FCF761BE6E78FCF75EBE876D002F30
:106060003CF45AAEAA680023013A194612F8010F0F
:1060700098400833202B41EA0001F7D17960AA68E3
:10608000A36D12791A72AA68A36D52795A72002010
:1060900008220C2645E06F88083F9F4240F3AD81FF
:1060A000A968895C8CF80C10AF68A16D174419447D
:1060B0007F784F73AF68A16D17441944BF788F7311
:1060C000AF68A16D17441944FF78CF73A968A76D15
:1060D00011441F4491F805C0097941EA0C21398225
:1060E000A968A76D11441F4491F807C0897941EA56
:1060F0000C217982A968A76D11441F448B7A91F80D
:1061000009E091F808C0C97A1B0443EA0E2343EA68
:106110000C0343EA0163FF2802F10C027B6100F0EB
:106120006B81A16D91F809E087B206FB00F3BE45D3
:1061300001EB030C00F10100ADD85EE1C36C002B54
:1061400000F08D80AA6812781A71A968C26C8B79E8
:106150004E790879C9791B0443EA0623034343EACD
:1061600001639360A968E26C8B7A4E7A087AC97AE7
:106170001B0443EA0623034343EA0163D360A9688F
:10618000E26C8B7B4E7B087BC97B1B0443EA0623B6
:10619000034343EA01631361A968E26C8B7C4E7C84
:1061A000087CC97C1B0443EA0623034343EA0163DA
:1061B0005361E26CA9688B7D4E7D087DC97D1B040F
:1061C00043EA0623034343EA01639361AA68E36C4D
:1061D000127E1A77AA68E36C527E5A77AA68E36C3B
:1061E000927E9A77A968E26C8B7F4E7F087FC97F89
:1061F0001B0443EA0623034343EA01631362A968CD
:10620000E26C91F8223091F8216091F8200091F829
:1062100023101B0443EA0623034343EA016353624A
:10622000E36CAA6892F8242083F82820AA68E36C1B
:1062300092F8252083F82920E36C4FF0FF32DA62D0
:10624000E16C4B6B1BB10A78100740F1B9800B78F9
:106250005A073DF53AA929786E78FCF75DBD6E784E
:10626000FCF75ABD6E78FCF757BD6E78FCF754BD4D
:10627000C76D002F3CF450ADAA680023013A1946BF
:1062800012F8010F98400833202B41EA0001F7D1A2
:106290007960AA68E36D12791A72AA68E36D52797F
:1062A0005A7200200823E16D91F809801FFA80FEE0
:1062B000461C0201F0454FEA061701EB020C30467E
:1062C00049D96E88083E964245DDA968C95C8CF8BC
:1062D0000C10AE68E16D1E44114476784E73AE68C2
:1062E000E16D1E441144B6788E73AE68E16D1E44B4
:1062F0001144F678CE73A968E66D1944164491F8F6
:1063000005C0097941EA0C213182AE68E16D1E4475
:106310001144B6798E74AE68E16D1E440A44F17979
:10632000D174A968E26D19443A44097A1171A968D7
:10633000E26D19443A44497A5171AA68E16D1A44F0
:106340003944D67A927A5C2842EA062203F1100395
:10635000CA80A8D1E16D012381F8CC35E16DD1F877
:10636000D40568B10B781E070AD404314FF4B96222
:1063700019F071FDE26D137843F008031370E16DBD
:106380000B7858073DF5A1A829786E78FCF7C4BCB6
:10639000111D44320F684E688868D1F80CC0C3F8EC
:1063A0000CC0103191421F605E60986003F11003D1
:1063B000F0D1226D137843F008031370226D41E58C
:1063C0000A1D2431176856689068D2F80CC0C3F8CB
:1063D0000CC010328A421F605E60986003F11003A7
:1063E000F0D1116852685A601960E26C137843F07A
:1063F00008031370E16C2AE7A16D012381F8003CCA
:10640000A16DD1F8080C68B10B781B070AD40431D0
:1064100040F6FC3219F01FFDA26D137843F008031B
:106420001370A16D0B785F073DF54FA829786E7842
:10643000FCF772BC2DE9F0410E4682B090F8F111E4
:106440009DF82080044615461F4601BBD0F89431C4
:10645000ADF806306A88AB8803329A420BDB94F8B9
:10646000FE3194F8FF213344DBB21A4484F8FE3144
:1064700084F8FF21AB888BB92E70BDF80620063258
:106480009A427FD00133AB8002B0BDE8F08103298E
:1064900000F0AF800223ADF80630DBE7012B00F0FF
:1064A000A680022B00F0FC80032B6A8800F0F680A7
:1064B000111D994200F01F8105329A424FF00003EE
:1064C00040F0F6806E73A371A989B4F8FE21914261
:1064D00000F013812A78AB73BA4200F0BB81052A21
:1064E00000F0BF8194F88C311BB994F88D31002BEA
:1064F00041D0D4F8880100283DD0914908F0BCFF74
:10650000D4F88801B8B38F4908F0B6FFD4F88801F1
:1065100088B30A22297B08F0C1FFD4F8880150B360
:10652000894908F0A9FFD4F8880120B30A22697BC1
:1065300008F0B4FFD4F88801E8B1844908F09CFF62
:10654000D4F88801B8B10A2294F8FE1108F0A6FF29
:10655000D4F8880178B17E4908F08EFFD4F888011C
:1065600048B10A2294F8FF1108F098FFD4F8880186
:1065700008B109F047F894F8F131032B00F060817D
:10658000AB887AE794F8F021002A7FF47BAF94F887
:106590008C310022A27113B994F88D310BB3D4F869
:1065A0008801F0B16B4908F067FFD4F88801C0B1E9
:1065B000694908F061FFD4F8880190B10A2294F883
:1065C000F11108F06BFFD4F8880150B1634908F06D
:1065D00053FFD4F8880120B10A22BDF8061009F053
:1065E0006BF8AB880133AB8002B0BDE8F0816E7010
:1065F00043E7527829780DF10603FAF737F9D4F812
:106600002022002A51D095F800C095F801E01346E9
:1066100002E05B68002B3DD019786145F9D15978CB
:106620007145F6D19B78002B34D000283DD1B4F8C9
:106630001C32ADF80630002B7FF40CAF94F88C318F
:10664000002B52D0D4F8880100283FF403AF44490E
:1066500008F012FFD4F88801297800283FF4FAAE38
:10666000102208F089FFD4F8880100283FF4F2AE28
:106670003C4908F001FFD4F88801697800283FF40C
:10668000E9AE102208F0DEFFE4E65378734509D046
:10669000526852B113786345FAD1F6E742EA06260A
:1066A0006E80EAE6D378002BBFD1BDF80630C2E792
:1066B0006A782978EF882046FAF7D8F894F8F0211C
:1066C000AB88BDF80610002818BF0027002A7FF409
:1066D000D9AED81EB84240F3B880043BDF1B8F42CE
:1066E00080F2C980AB68DE554AE794F88D31002B03
:1066F0003FF4B0AEA6E72E73BFE60123AB7384F878
:106700003E322978B94200F0C4802B8840F205124D
:10671000934200F0C780052B04D1AB681A78BA42C7
:1067200000F0DA8000236A782046FAF79FF838BB39
:10673000D4F82022002A41D028786E78134616E03B
:10674000144D0500284D0500384D0500484D050045
:106750005C4D0500984D0500CC4D0500E44D05004D
:10676000D84B0500144C05005B68002B5ED01978EF
:106770008142F9D15978B142F6D19B78002B55D09E
:1067800094F88C31002B44D0D4F88801C0B17649FC
:1067900008F072FED4F88801297878B1102208F048
:1067A000EBFED4F8880148B1704908F065FED4F8D2
:1067B0008801697810B1102208F044FF94F88C31F8
:1067C0003BB3D4F8880178B1694908F055FED4F894
:1067D0008801698840B10A2208F060FED4F8880177
:1067E00010B1644908F048FE002229462046FBF714
:1067F000F3FEAB7B012B67D094F8BE31012B5BD04D
:10680000EB7B012B00F09D8094F8BF31012B00F051
:106810008F8094F8F031002B7FF4ADAE29462046EE
:10682000FCF77AF8A7E65268002AC7D013788342AB
:10683000F9D15378B342F6D1D378002BA0D1BDE77C
:106840000023C4F8E831AB8817E6063199427FF49B
:1068500019AE9CE66B7843457FF441AE0023EB73A1
:1068600040E6AB681A78BA427FF43CAE5B784345A9
:106870007FF438AEF2E794F88C31A271002B6ED021
:10688000D4F8880100283FF4ACAE3B4908F0F4FD91
:106890008BE66B7843457FF438AF0123EB7394F8B4
:1068A0008C318DE7AB681A78BA427FF43BAF5B78E6
:1068B00043457FF437AFF0E7D4F88801002849D08A
:1068C0002E4908F087FE9BE7D4F88801002893D072
:1068D0002B4908F07FFE8FE75B7843457FF422AFBA
:1068E0000323EB7394F88C31002B92D0D4F88801F9
:1068F00000283FF465AF234908F0BEFDAB68D4F82B
:106900008801197800283FF459AF102208F034FEAE
:10691000D4F8880100283FF451AF1B4908F0ACFDC2
:10692000AB68D4F88801597800287FF444AF45E774
:10693000D4F8880100283FF46CAF144908F04AFEEF
:1069400067E7D4F8880100283FF463AF104908F0E6
:1069500041FE59E7EB7B012B7FF456AF59E794F8E2
:106960008D31002B8CD13CE6604C0500144C0500A9
:10697000944C0500A84C0500704D0500C84C05005E
:10698000B44C05001C4C05004C4C0500F84C0500AF
:10699000DC4C050038B5D0F82832DBB1B0F82C3229
:1069A000C3B1B0F82E42B0F83052AC4238BFE41850
:1069B000641BA4B21B1B9BB29A421DD990F88C3168
:1069C000ABB1D0F88801E0B10F4908F003FE002315
:1069D000184638BD90F88C31002BF9D0D0F88801DA
:1069E00010B10A4908F0F6FD0023184638BD90F8AA
:1069F0008D31002BE5D1EBE7FBF7E2FE01231846D2
:106A000038BD0346E4E700BF985005006C50050010
:106A10002DE9F843D0F8346286B1B0F838326BB162
:106A2000B0F83A72B0F83C52AF4236BFDC197C1B6A
:106A3000641BA4B21C1BA4B2A24202D90020BDE870
:106A4000F883DC1BA4B2A24281461546884606EBB9
:106A5000070010D32E1B2246B6B219F0FCF966B11E
:106A600008EB04013246D9F8340219F0F4F9A9F818
:106A70003A620120E3E719F0EEF9B9F83A222A4424
:106A8000A9F83A220120BDE8F88300BF2DE9F043C0
:106A900016784FFA86F84FEAE8794FEAD974271941
:106AA000750648BF47F00107F819B40648BF40F023
:106AB00001000418F70648BF44F001042019340708
:106AC00048BF40F0010007180B46710748BF47F068
:106AD0000107FC19B70748BF44F001042019F40767
:106AE000547848BF40F001000518270648BF45F01C
:106AF00001056819650648BF40F001000518A706A2
:106B000048BF45F001056819E40648BF40F00100A0
:106B10001880561C0C2000240025082137783942A3
:106B200018BF44F00104491012BFC9B201368021D8
:106B3000012800F1FF305BD15C80D47866B2F71792
:106B4000F80F0518670648BF45F001056819A50646
:106B500048BF40F001000518E70648BF45F00105B1
:106B60006819250748BF40F001000518670748BFAE
:106B700045F001051D71D178C1F340015971D178FB
:106B800001F0010199711179C909D9711179C1F324
:106B90008011197292F8048002F1040946464FF000
:106BA000260E4FF0FF304FF0FF31002400254FF04C
:106BB000200C1CEA060F18BF44F001040EF1FF3E42
:106BC000061841EB01071FFA8EFE5FEA6C0C304697
:106BD000394612BF5FFA8CFC09F101094FF0800CB5
:106BE000BEF1000F08D024196D4199F80060E0E76C
:106BF000241980B26D4191E718F0200F01D0344381
:106C00003D43C3E90445517AC9091976517AC1F364
:106C100080115976567A02F1090806F020094FF0E2
:106C2000260E4FF0FF304FF0FF31002400254FF0CB
:106C3000200C1CEA060F18BF44F001040EF1FF3EC1
:106C4000061841EB01071FFA8EFE5FEA6C0C304616
:106C5000394612BF5FFA8CFC08F101084FF0800C36
:106C6000BEF1000F04D024196D4198F80060E0E7F0
:106C7000B9F1000F01D034433D43C3E90845947B8B
:106C800066B2F7174FEAD77818EB0800640648BFDA
:106C900040F0010083F82800967B02F10E0E4FF0C1
:106CA000260C06F020084FF0FF304FF0FF31002493
:106CB00000252022164218BF44F001040CF1FF3CCD
:106CC000061841EB01071FFA8CFC5210304639467A
:106CD00012BFD2B20EF1010E8022BCF1000F04D01F
:106CE00024196D419EF80060E4E7B8F1000F01D06F
:106CF00034433D43C3E90C45BDE8F0832DE9F04F33
:106D000085B0904604460D469DF83820ABB9A2B92F
:106D1000D4F8840118B1036829461B689847A37901
:106D2000012B41D90022022BADF80E200AD0032BF3
:106D300000F0158105B0BDE8F08F804E804F3370B4
:106D40003A70E5E7B4F8FC11002940F0AB80B52DAE
:106D500094F8F13100F01682784E794FA171012B31
:106D600000F02282002B00F00082022B00F0BC8198
:106D700033783A780092294604F5F0722046FFF7FE
:106D800059FBD4F88001D4F88431834204D018B17F
:106D9000036829461B689847B4F8FC310133A4F80E
:106DA000FC3105B0BDE8F08FB52D00F08E81242DAB
:106DB00000F0B880D32D00F0CB800022012BADF87D
:106DC0000E20B7D194F90832002B40F09781242D82
:106DD00000F0AF800023A3712A2D94F9093200F04E
:106DE000DC8194F8085201356DB29D4208BF002342
:106DF00084F8085208BFA371002D9BD12046FAF7F2
:106E000045F9002840F00C832046F9F727FF0028B9
:106E100043D094F90972012F3FDDD4F810321A786B
:106E2000052A3AD95968A2F1040E0D46022300261C
:106E300005E0734503F101030AD02A280AD015F8AA
:106E4000010F4FFA83FC2A2818BF4640BC45F0DBEF
:106E50002A2822D1300900F13003DBB2392B06F0A9
:106E60000F0688BF00F1370311F80C5006F130000F
:106E700088BFDBB2392888BF06F137009D4200F099
:106E8000928494F88C3113B994F88D312BB1D4F8E5
:106E9000880110B12B4908F09DFB0023A37105B0B8
:106EA000BDE8F08F012900F07081022900F0868191
:106EB000032900F0E581042900F06081052900F034
:106EC000E382062940F02286B4F8C231002B40F05C
:106ED000618494F88C3113B994F88D31DBB1D4F816
:106EE0008801C0B1184908F0C7FAD4F8880194F8AD
:106EF000C01180B1102208F03FFBD4F8880150B1D6
:106F0000124908F0B9FAD4F8880194F8C11110B107
:106F1000102208F097FB84F8CC5194F8F131074E19
:106F2000074F1CE70023012284F80832ADF80E3029
:106F3000A271234483F80A524EE700BF508100201B
:106F4000588100209C580500BC570500144C0500D2
:106F500000230322A4F87031ADF80E30A271D4F8EA
:106F600018623146002E73D0B4F87031002B40F017
:106F700036813572D4F818225360D4F81862B4F808
:106F800070313146022B16D93088471D9F421A4670
:106F90000EDB40F20447BB420AD833441D72B4F8FA
:106FA0007021022A40F20586D4F8186230883146F2
:106FB000831C934267DB4B6883EA05435B00DE0179
:106FC00005D583F0C37383F4994383F07B035B009F
:106FD000D80105D583F0C37383F4994383F07B0311
:106FE0005B00DA0105D583F0C37383F4994383F022
:106FF0007B035B00DF0105D583F0C37383F4994302
:1070000083F07B035B00DE0105D583F0C37383F45B
:10701000994383F07B035B00D80105D583F0C373EC
:1070200083F4994383F07B035B00DA0105D583F099
:10703000C37383F4994383F07B035B00DF0100F1AA
:10704000E38023F07F434B60B4F87021022A16D806
:1070500004F5B87229462046FBF700F8D4F87C31D5
:10706000D4F88421A0719A423FF464AE002B3FF41F
:1070700061AE1A6829461268184690475AE6D4F855
:10708000181208880E46431D9342E1D1331832444A
:1070900093F80BC01F7B137A726847EA0C2743EA08
:1070A00007239A4294F88CC100F09782BCF1000F3C
:1070B00003D194F88D31002BCAD0D4F88801002870
:1070C000C6D0C54908F086FAC2E700230222C34EA3
:1070D000C34FA4F8FC31A4F8C43184F8F031ADF802
:1070E0000E30A27184F8F12133783A780092294663
:1070F00004F5E0722046FFF79DF942E6012B7FD0B0
:10710000DAB2052A40F2BA832046F9F7BFFF002819
:1071100040F081802046F9F7A1FD68B1D4F8102233
:1071200094F9091213788B4206DA5268D554D4F8D0
:1071300010221378013313702046F9F7BDFE0028A2
:107140003FF44AAE20462946F9F79EFFD4F878016D
:10715000D4F8843183423FF43FAE00283FF43CAE84
:10716000036829461B68984736E633783A780092D8
:10717000294642462046FFF75DF902E6A4F8C251CF
:1071800094F8F131954E964FE9E5622D94F8F1317E
:10719000F8D0A271914E924FE1E5FC22043384F8BD
:1071A00008227FF4C7AD78E633783A780092294612
:1071B00004F5D8722046FFF73DF9E2E584F8C051A6
:1071C000A4F8FE21A4F8C42184F8CE11B8F8063042
:1071D000A4F8C631814E94F8F131814FBFE5012BFF
:1071E00041D0022B7FF4CEAEB572D4F818221388AA
:1071F0002B431380D4F81862B4F870313146C1E6DD
:10720000472D7FF4E7AD94E683F0C37383F499438D
:1072100083F07B0315E72046FAF700F9064620467F
:10722000FAF7C2F907462046FAF7BCFD33788342E5
:10723000BFF470AFFD5433780133DBB28342337057
:107240007FF468AF94F88C3123B994F88D31002B1A
:107250003FF460AFD4F8880100283FF45BAF614988
:1072600008F0B8F956E77572D4F818222B0203F427
:1072700040731380D4F81862B4F87031314681E657
:1072800094F8C01184F8C15105293FF479AF2A461A
:107290000DF10E032046F9F7E9FAD4F8202294F80C
:1072A000C01194F8C1C18146002A00F0F88013464D
:1072B00003E05B68002B00F0868018788842F8D1E4
:1072C00058786045F5D193F802A0BAF1000F7AD052
:1072D000424E434F3378994200F08E80B9F1000F4F
:1072E00000F07281BDF80E201046002A40F0FC80AC
:1072F00094F88C31002B40F0D48094F88D01002854
:1073000040F0CF80D4F89C21002A00F0E283C4F83A
:10731000E8210320D4F8C42184F8E01184F8E1C105
:1073200084F8F101C4F8E421002B3FF421ADD4F836
:107330008801002800F088832B4908F09DF8D4F8D4
:10734000880194F8C011002800F07E83102208F014
:1073500013F9D4F88801002800F07683234908F057
:107360008BF8D4F8880194F8C111002800F06C83E0
:10737000102208F001F9D4F88801002800F0648395
:107380001B4908F079F8D4F88801002800F05C83E4
:1073900049460A2208F082F8D4F88801002800F053
:1073A0005383144908F068F8D4F88801002800F0E5
:1073B0004B8351460A2208F07FF994F8F131CEE46C
:1073C0005268002A6BD013788B42F9D15378634509
:1073D000F6D192F803A07BE7EC580500508100201D
:1073E000588100202458050060570500144C050002
:1073F00094570500A85705003B789C457FF46EAF75
:10740000002384F8F13188F8001094F8C13188F82D
:107410000130B4F8C431A8F8043094F8F1319EE496
:107420002046F9F7FBFF07462046FAF7BDF8064667
:107430002046FAF7B7FC80460138012813DD397879
:10744000043901290FDD012303E08B4209DA2A2ADE
:107450005DD0F25C01332A2ADBB218BF554083426B
:10746000F3DB2A2A53D094F88C3123B994F88D3168
:10747000002B3FF4C9ACD4F8880100283FF4C4AC19
:10748000CE4908F0A7F8BFE4B4F8C22194F8F1316E
:10749000CB4ECC4F42EA0522A4F8C2215FE49246CB
:1074A00016E7D4F88801002800F0E082C64907F00A
:1074B000E3FFD4F8880194F8C01198B1102208F0C5
:1074C0005BF8D4F88801002800F0CE82BF4907F0AD
:1074D000D3FFD4F8880194F8C1C118B161461022D5
:1074E00008F0B0F8BDF80E00D4F89C21DFF8F4B233
:1074F000002A00F03E81DBF800308342C0F02F818B
:1075000094F8C01194F8C1C194F88C31FFE62A09AF
:1075100002F130095FFA89F9B9F1390F88BF3732C2
:1075200005F00F0588BF5FFA82F905F1300AF25CB9
:10753000BAF1390F88BF05F1370A4A4506EB030552
:1075400000F0598194F88C3123B994F88D31002BD7
:107550003FF45AACD4F8880100283FF455AC9C495C
:1075600007F08AFFD4F88801F8B1036849461B6820
:107570009847D4F8880100283FF446AC0368514688
:107580001B689847D4F8880100283FF43DAC914926
:1075900007F072FFD4F8880100283FF435AC036887
:1075A00029781B689847D4F88801697800283FF447
:1075B0002BAC03681B689847D4F8880100283FF477
:1075C00023AC08F01FF81FE4BAF1000F00F00C81A3
:1075D000B4F81C02ADF80E0086E7337B727BF77AB5
:1075E0004FEA032808F470681B1148EA020843EACE
:1075F0000717BCF1000F20D0D4F88801002800F054
:107600003082754907F038FFD4F88801002800F06F
:1076100026820A22394607F041FF40F6E8739F426E
:10762000D4F8880100F08980002800F018826B49A6
:1076300007F0D0FFD4F81812088840F2E9339F42CF
:1076400000F0B48140F2EA339F4200F0018240F240
:10765000EB339F4240F0338294F8143213F0090F59
:1076600008D0821D083192B22046FFF793F9D4F872
:1076700018120888B4F83A32B4F83CC2B4F8382288
:10768000634538BF9B18A3EB0C039BB2D31A461D6E
:107690009BB29E4205DA821D92B208312046FFF766
:1076A000B7F940F2ED339F427FF4D2ACD4F8182200
:1076B0001388132B7FF4CCACD4F8E01000293FF4EE
:1076C000C7AC0B3208312046FFF7E0F9D4F8E020D0
:1076D000137843F001031370D4F8E0301A786FF395
:1076E00041021A70D4F8E0104B6C002B3FF4B0ACA0
:1076F0000A6C002A3FF4ACAC0A7852073FF5A8ACFC
:1077000001F108023831176856689068D2F80CC049
:10771000C3F80CC010328A421F605E60986003F1AB
:107720001003F0D1116852685A601960D4F8E02053
:10773000137843F0040313708AE4002800F08F816B
:10774000274907F099FED4F88801002800F0198233
:107750000A22414607F0A2FED4F8880164E71046E9
:107760000AF016FD0023BDF80E00C4F89C31CBF8DA
:1077700000300AF009FDBDF80E30CBF80030C4F837
:107780009C01C4F8E80194F88C3194F8C01194F885
:10779000C1C1BEE5D4F8C831094E1D7094F8F1316D
:1077A000084FFFF7DCBA01EB0C035B7883427FF4F0
:1077B00068AB2046FFF7EEF8FFF76FBB785805007F
:1077C000508100205881002024570500144C0500EA
:1077D0004458050070580500C4580500D0610500E4
:1077E000E858050054810020012384F8F03194F812
:1077F000F131FFF7B4BA6B7853457FF4A3AE20465E
:10780000F9F798FF05462046FAF75AF84246002154
:1078100018F045FB3A78314618F01DFB3B782B7089
:107820002046FAF75DFB8146204699F8003043F088
:1078300001056FF3410589F80050F9F7EFFC0028C6
:107840003FF4E2AA15F0040B7FF4DEAA2046FAF713
:10785000FDF882462046FAF7C9F94246594618F023
:107860001EFB31463A7818F0F6FA3B788AF8003079
:1078700045F0040389F80030FFF7C6BAE218052B7B
:1078800082F80A527FF4A8AA94F83E322BB994F8F1
:107890000A222A2A52D084F83E322046F9F7F6FB13
:1078A00098BB2046F9F7DAF908BB2046F9F704FB44
:1078B000B8B104F20A2604F50477204616F8011B35
:1078C000F9F7E2FBD4F87831D4F884219A421846CB
:1078D00005D023B11B6816F8011C1B689847BE42EF
:1078E000EBD194F80832052B7FF676AA0CE4D4F895
:1078F0001022D4F80A1252681160B4F80E32938044
:10790000D4F8103206221A70CFE72046F9F786FD28
:1079100007462046F9F748FE06462046FAF742FA9F
:10792000062302463B703046002118F0B8FAD4F81E
:107930000A223260B4F80E32B380B2E794F80B2218
:10794000472AA8D1D4F80C32C44A23F0FF0393424B
:107950002AD094F80D22472A00F08A80C04A934228
:1079600022D002F1764202F5803293421CD0BD4A09
:10797000934219D002F18872934215D002F102228B
:1079800002F5740293420FD002F1704202F5002218
:10799000934209D0B44A9F1A7B427B417BE7B348AC
:1079A00020FA01F1C9076BD5012374E794F814326A
:1079B0009E077FF456AE5DE6D4F8C811AC4E0F7842
:1079C0003078874240F0B580AA4F91F801C03878EE
:1079D00084457FF489ABB4F8C201022800F0B4807A
:1079E00094F88C3123B994F88D31002B3FF47CABA3
:1079F000D4F8880140B3A04907F03EFDD4F8C8315F
:107A0000D4F888011978C8B1102207F0B5FDD4F870
:107A10008801C8B1994907F02FFDD4F8C831D4F8CE
:107A20008801597880B1102207F0A6FDD4F88801AA
:107A300050B1934907F020FDD4F88801B4F8C21181
:107A400010B10A2207F038FE94F8F131FFF787B938
:107A500094F8143213F0050F7FF403AE0AE6D4F85D
:107A6000186230883146E8E5BDF80E2010463BE547
:107A7000B4F80E22A2F5A241413989B210298ED95B
:107A800022F0100145F2423081428DD044F247117C
:107A90008A4289D044F64C418A4285D045F24E3123
:107AA0008A4281D044F253118A423FF47DAF22F4DE
:107AB000007245F253418A427FF450AF74E7B7F544
:107AC0007B7F18D194F8143213F0110F7FF4C9ADF5
:107AD000D0E510460AF058FB6A4BBDF80E201A603C
:107AE000C4F89C01C4F8E80194F88C3194F8C011F2
:107AF00094F8C1C10DE440F2ED339F425DD194F89A
:107B0000143213F0210F7FF4ACADB3E507297FF4F5
:107B100037ABB4F8C2317BB984F8CD5194F8F13168
:107B2000022B7FF42FAB94F8C021052A3FF444AF19
:107B30004F4E504FFFF7D8BA012B16BFD4F8C831BB
:107B400084F8CC515D70E9E784F8B021A4F8B23133
:107B500094F8C121B4F8C431A4F8B431012084F8F8
:107B6000F10184F8B121D4F8B8310A781A70D4F848
:107B7000C821D4F8B83152785A7094F8F131FFF72F
:107B8000EEB8D4F818120888B8F1000F06D13E4AB2
:107B9000D4F814321A427FF464AD6BE5B8F1010FEA
:107BA0007FF468AD394AD4F814321A423FF462AD1A
:107BB00057E5D4F81812FFF7FEB940F2EE339F42B2
:107BC00006D194F8143213F0410F7FF44AAD51E519
:107BD00040F2EF339F4206D194F8143213F0810F34
:107BE0007FF43FAD46E540F2F1339F4207D1B4F850
:107BF000143240F201121A427FF433AD3AE540F2FA
:107C0000F2339F4207D1B4F8143240F201221A42F3
:107C10007FF427AD2EE540F2F3339F4207D1B4F84D
:107C2000143240F201421A427FF41BAD22E5B7F54F
:107C30007D7F07D1B4F8143240F601021A427FF476
:107C400010AD17E540F209439F4221D1B4F8143238
:107C500041F201021A427FF404AD0BE50044544D99
:107C600000524C4D00544853005A444103A80100AF
:107C70005081002058810020EC570500144C05006D
:107C80001C58050054810020010000040100000878
:107C900040F232439F4207D1B4F8143242F201025B
:107CA0001A427FF4DEACE5E440F233439F4207D151
:107CB000B4F8143244F201021A427FF4D2ACD9E48F
:107CC00040F235439F4206D1B4F814323F4A1A427B
:107CD0007FF4C7ACCEE440F23C439F4206D1D4F8D7
:107CE000143213F0011F7FF4BCACC3E440F23D43F7
:107CF0009F4207D1D4F81422354B1340002B7FF458
:107D0000B0ACB7E440F23F439F4207D1D4F814220D
:107D1000304B1340002B7FF4A4ACABE440F246435D
:107D20009F4207D1D4F814222B4B1340002B7FF431
:107D300098AC9FE440F247439F4207D1D4F8142205
:107D4000264B1340002B7FF48CAC93E440F2494364
:107D50009F4207D1D4F81422214B1340002B7FF40B
:107D600080AC87E440F264439F4207D1D4F81422E8
:107D70001C4B1340002B7FF474AC7BE440F2654352
:107D80009F4207D1D4F81422174B1340002B7FF4E5
:107D900068AC6FE440F267439F4206D1134AD4F8BF
:107DA00014321A427FF45DAC64E440F2CE439F4249
:107DB00006D10F4AD4F814321A427FF452AC59E477
:107DC00040F6E8739F423FF4DFAE53E40180FFFFCB
:107DD0000100020001000400010008000100100081
:107DE00001002000010040000100800001000001AE
:107DF000010000022DE9F04F85B0804602AF9246A7
:107E00009B46894607F02CFED8F8F83198F8F22105
:107E1000C01A904205D2012528460C37BD46BDE860
:107E2000F08FD8F8740103685B6898477860002881
:107E30006BD0010498F88C3171D4ABB1D8F88801BB
:107E400078B13A4907F018FBD8F8880148B10A22FE
:107E5000796807F023FBD8F8880110B1344907F09E
:107E6000B9FB7B68002BD6D098F807507B68D8F810
:107E70007401C7F800D0EA1D9D4202F4FC7228BFCD
:107E80001D46ADEB020D0368ADB202AC2146EAB26D
:107E90001B6A9847A8421ED1A5B16E1E5B4614FA14
:107EA00086F6AB460DF107041D4614F8011F009538
:107EB00053464A464046FEF721FFA642F5D12B46DF
:107EC0005D469B467B685D1BABB27B60D7F800D0FC
:107ED000002BC9D19FE798F8503213B1002388F8DE
:107EE000063098F88C3113B998F88D312BB1D8F849
:107EF000880110B10F4907F06DFB0025D7F800D0BD
:107F000028460C37BD46BDE8F08F07F0A9FD7D6817
:107F1000C8F8F8010C372846BD46BDE8F08FC0F31D
:107F20000E027A60002B9CD088E700BF884F0500C6
:107F3000984F0500AC4F05002DE9F0470F46D0F8EB
:107F4000A01184B0044690469946002960D0D0F82C
:107F5000A431002B35D19A46D4F87401036804AEDD
:107F60001B699847FF2106F8011DD4F874010368C6
:107F700032469B6998479DF80F50FF2D0DD137E091
:107F8000CDF80090FEF7BAFED4F8740103683246CB
:107F90009B69FF2198479DF80F50FF2D29464346C6
:107FA0003A462046ECD1A579002DE9D1D4F87401E8
:107FB0000368DB6998474FF0010A504604B0BDE8FA
:107FC000F087002501E0D4F8A011495DCDF80090BC
:107FD00043463A462046FEF791FED4F8A4310135D7
:107FE000AB42F0D80023C4F8A4314FF0010AB3E744
:107FF000A379002BD1D1D4F874010368DB699847C9
:1080000094F8F50107F038FD504604B0BDE8F0875C
:108010008A46A1E72DE9F04F0D4687B00221A973EA
:1080200080F8BE1180F8CE1180F8EE11E97380F867
:10803000BF1180F8CF1180F8EF11044691469A469F
:10804000BDF84070DFF8288207F00AFD40F2011BFE
:1080500006460FE0012B00F0A280022B00F0CE803C
:1080600023687C4A9B68934201D0204698470120B0
:1080700007F002FD07F0F4FC801BB84280F0C680D8
:1080800023685B6843455FD12379002BE2D15346D7
:108090004A4629462046FFF7ADFE034622686D4951
:1080A00092688A4240F0D080002BE0D0EA895A459D
:1080B00026D0EB7B012B4CD040F201218A42D6D056
:1080C000002BD4D194F88C31B3B1D4F8880110B11D
:1080D000614907F0D1F907F0C3FCD4F888315BB1EE
:1080E000811B89B218460A2207F0D8F9D4F8880112
:1080F00010B15A4907F06EFA022007B0BDE8F08FC0
:108100002B784B452CD0EB7B012BD9D194F88C31BB
:10811000B3B1D4F8880110B1514907F0ADF907F0B7
:108120009FFCD4F888315BB1811B89B218460A22C2
:1081300007F0B4F9D4F8880110B1484907F04AFAB9
:108140000E2007B0BDE8F08F2046984700288ED05B
:108150009AE72B784B45D9D16B78534587D0D5E733
:108160006B785345CFD194F88C31B3B1D4F88801F2
:1081700010B13C4907F080F907F072FC0146D4F8D1
:10818000880150B1891B89B20A2207F087F9D4F817
:10819000880110B1314907F01DFA0B2051E0D4F8E5
:1081A000740103685B68984700283FF459AF534651
:1081B000B2461E460CE0D4F8740103681B6A984767
:1081C0009DF8171000964B462A462046FEF796FD6E
:1081D000D4F8740103685B6898470DF11701012218
:1081E0000028E8D1334656469A462368194A9B68C8
:1081F00093423FF45BAF2046984757E753464A46C1
:1082000029462046FFF798FE034647E794F88C314D
:10821000B3B1D4F8880110B1134907F02DF907F074
:108220001FFCD4F888315BB1811B89B218460A2241
:1082300007F034F9D4F8880110B10C4907F0CAF9F5
:10824000032007B0BDE8F08F039320469047039BBF
:108250002AE700BFF9CB0200C4540500885405008A
:10826000905405004C5405000055050028550500A4
:10827000F5CB02002DE9F04F0D4687B00221A9731E
:1082800080F8BE1180F8CE1180F8EE11E97380F805
:10829000BF1180F8CF1180F8EF11044691469A463D
:1082A000BDF84070DFF82C83DFF82CB307F0D8FB63
:1082B00006460EE0012B00F0DD80022B00F0048169
:1082C00023689B685B4501D020469847012007F052
:1082D000D3FB07F0C5FB801BB84280F01E812368EA
:1082E0005B68434540F095802379002BE2D15346EB
:1082F0004A4629462046FFF77DFD034622689268DC
:108300005A4540F0A381002BE0D0EA7B94F8BF31BE
:10831000012A24D0022A53D1012B00F05F81032BC4
:10832000D4D194F88C31B3B1D4F8880110B19F49FD
:1083300007F0A2F807F094FBD4F888315BB1811BF9
:1083400089B218460A2207F0A9F8D4F8880110B1BA
:10835000974907F03FF9042007B0BDE8F08F012BE3
:108360005DD0032BDDD0002BB0D1AB7B012BADD189
:108370002B784B45AAD16B785345A7D194F88C3113
:10838000002B00F01081D4F8880110B1894907F062
:1083900073F807F065FB0146D4F88801002800F067
:1083A0000281891B89B20A2207F078F8D4F8880183
:1083B000002800F0F8807E4907F00CF90B20CBE78D
:1083C000012B7ED1E989002938D0002A7FF47EAFC5
:1083D000002B7FF47BAF94F88C31B3B1D4F88801D3
:1083E00010B1754907F048F807F03AFBD4F8883126
:1083F0005BB1811B89B218460A2207F04FF8D4F806
:10840000880110B16A4907F0E5F8012007B0BDE81E
:10841000F08F2046984700283FF458AF64E7AB7BC5
:10842000012B2B7858D04B4540F0F4806B785345A6
:1084300040F0F080EB89002B7FF448AF94F88C314A
:10844000B3B1D4F8880110B15C4907F015F807F012
:1084500007FBD4F888315BB1811B89B218460A2228
:1084600007F01CF8D4F8880110B1514907F0B2F8B0
:10847000022071E7D4F8740103685B68984770B90B
:108480001EE7D4F8740103681B6A98479DF817101B
:10849000CDF800A04B462A462046FEF72FFCD4F824
:1084A000740103685B6898470DF1170101220028E9
:1084B000E7D123689B685B453FF427AF2046984788
:1084C00023E7032B81D12CE753464A462946204611
:1084D000FFF732FD034611E74B45A4D16A785245B8
:1084E000A1D194F88C31002B5DD0D4F8880110B163
:1084F000334906F0C1FF07F0B3FAD4F88831811B85
:1085000089B2002B4FD018460A2206F0C7FFD4F8D4
:10851000880100287FF44FAF45E0EA7B94F88C3166
:10852000012A1BD0B3B1D4F8880110B1254906F057
:10853000A3FF07F095FAD4F888315BB1811B89B2AB
:1085400018460A2206F0AAFFD4F8880110B11E4985
:1085500007F040F8032007B0BDE8F08F94F8BF2182
:10856000022ADFD1AA7B012ADCD12A784A45D9D157
:108570006A785245D6D1B3B1D4F8880110B1134905
:1085800006F07AFF07F06CFAD4F88831811B89B2C3
:108590004BB118460A2206F081FFD4F8880110B1C9
:1085A0000B4907F017F80B20D6E600BF245305004F
:1085B0008854050060530500A0530500FC520500D7
:1085C000545205002054050044540500E4530500AE
:1085D00018540500F5CB0200F9CB020094F88C3159
:1085E000B3B1D4F8880110B11B4906F045FF07F07C
:1085F00037FAD4F888315BB1811B89B218460A2258
:1086000006F04CFFD4F8880110B1144906F0E2FFDF
:108610000A20A1E694F88C31B3B1D4F8880110B1E6
:108620000F4906F029FF07F01BFAD4F888315BB137
:10863000811B89B218460A2206F030FFD4F888015F
:1086400010B1064906F0C6FF0E2085E603932046CA
:108650009047039B57E600BF9452050088540500DD
:10866000C85205002DE9F04105460E784878B1F86A
:1086700002C03044C0B20C4600EB0C01C9B2064443
:1086800001EB1C20C0B231440144C9B282B016468D
:108690001F4661732073BCF1000F0FD0A2680CF16C
:1086A000FF3C12FA8CFC013A12F8013F1844C0B2A8
:1086B0000144C9B2944561732073F5D195F88C31AA
:1086C00053B1D5F8880110B14C4906F0D5FE01220E
:1086D00021462846F9F780FF2B79002B42D0012B49
:1086E00000F08180022B74D02B68454A9B6893422E
:1086F0006AD1C6B1227895F88C31062A1FD0F7B915
:1087000033B1D5F8880118B13E4906F063FF2278ED
:108710006378009628462146FFF77CFC8046404659
:1087200002B0BDE8F081D5F8A031002B46D0D5F8D5
:10873000A4217ABBB046404602B0BDE8F08133B117
:10874000D5F8880118B1304906F044FF22786378E3
:10875000009628462146FFF78DFD8046404602B030
:10876000BDE8F08121462846F9F79EFC80460028A6
:10877000BAD095F88C312BB1D5F8880110B12349C6
:1087800006F028FF2B681E4A9B689342E6D02846D5
:108790009847E3E7344605F5E87701E0D5F8A031DE
:1087A000995D009400233A462846FEF7A7FAD5F8CB
:1087B000A4310136B342F1D8C5F8A4414FF0000806
:1087C000404602B0BDE8F08128469847002EAAD066
:1087D00090E721462846F9F713FE2B68084A9B6864
:1087E000934286D0F0E721462846F9F78BFD2B68A7
:1087F000034A9B6893423FF47CAFE5E7784E05005F
:10880000F9CB0200C44E05009C4E0500844E0500C5
:1088100030B503680B4D5B68AB4283B0044606D1AC
:108820002046002303B0BDE83040FFF71BBFCDE971
:1088300000129847DDE900120028F1D1012003B0B1
:1088400030BD00BFF5CB0200F8B5214DD0F89861DE
:10885000C0F8D0510025A0F8D6513560756035724A
:10886000D0F898711B4E3D70D0F89871BDF8185033
:108870007B70D0F8983121F0706121F4704119714A
:10888000D0F898310F0A5F71D0F898310F0C9F71B2
:10889000D0F89831090ED971D0F8983112781A723F
:1088A00003685B68B342044600F5E8770BD12A46BB
:1088B000394620460023FFF7D5FEA0F10A00B0FAA2
:1088C00080F04009F8BD98470028F0D1F8BD00BFFE
:1088D000068A0900F5CB020070B503682B4A5B6875
:1088E000934284B004460E460FD12379002B35D035
:1088F000012B11D0022B41D000252368244A9B680C
:10890000934236D1284604B070BD984705460028EA
:10891000EBD1284604B070BDD4F8740103685B68DD
:1089200098470028E8D000250CE0D4F874010368CB
:108930001B6A98479DF80F10009500233246204689
:10894000FEF7DCF9D4F8740103685B6898470DF111
:108950000F0101220028E8D10125CEE71A46314651
:108960002046FFF747FA2368094A9B689342054669
:10897000C8D020469847284604B070BD0023314631
:108980001A462046FFF7D8FA0546B6E7F5CB0200AF
:10899000F9CB0200F8B50446D0F898613148C4F824
:1089A000D001012A4FF00000A4F8D6011F46306024
:1089B000706005D0022A4CD0042A0CBF0220072088
:1089C000D4F8983100221A70D4F898315870D4F83D
:1089D000983121F0706525F470451D71D4F89831F7
:1089E0002A0A5A71D4F898312A0C9A71D4F898311D
:1089F0002A0EDA7194F88C318BB1D4F8880170B1F9
:108A0000194906F039FDD4F8880140B129461022F1
:108A100006F0B2FDD4F8880108B106F0F3FD3A463D
:108A200004F5E8712046FFF7F3FE94F88C31054613
:108A30006BB1D4F8880150B10C4906F01DFD0E2D24
:108A400009D9D4F888010A4908B106F0E3FD28469F
:108A5000F8BD0120B4E7074BD4F8880153F825107E
:108A6000F2E700BF068B0800F45605000457050026
:108A7000784F05009C4B050070B5027904460D4601
:108A800092B1012A03D0022A3AD0002070BD637946
:108A90005BB32B4620462549FFF77CFFA0F10B0076
:108AA000B0FA80F0400970BD0368214A5B689342C8
:108AB00032D1D4F8740103681B68984723681D4AB3
:108AC0009B68934206462BD1002EDED02279002AE5
:108AD000D7D12B46204601221749FFF75BFFA0F1B3
:108AE0000B00B0FA80F0400970BD2B4620461349B8
:108AF000FFF750FFA0F10B00B0FA80F0400970BD05
:108B00002B46204601220E49FFF744FFA0F10B003F
:108B1000B0FA80F0400970BD98470028B5D0C8E78A
:108B200020469847002ED1D1AFE700BF0110751144
:108B3000F5CB0200F9CB0200011071110110731185
:108B400001107911F8B50368714F1B68BB420446E8
:108B50000E46154640F0B280D4F89431002284F8D5
:108B60003E22002B00F0A480B4F82C0200286CD127
:108B700094F88C312BB1D4F8880110B1654906F016
:108B800029FDB4F8380220B1D4F83472002F00F077
:108B900097802379022B25D1D4F8A001D4F8A821FD
:108BA000002800F0948052B10023FF2101E0D4F8A6
:108BB000A001C154D4F8A82101339A42F7D894F8FF
:108BC0008C31002B51D194F88D31002B4DD1D4F83C
:108BD00094310833934205D9D4F8880110B14E4935
:108BE00006F0F8FC31462046FFF746FF50BB94F8EC
:108BF0008C31002B54D194F88D31002B50D131465B
:108C00002046FFF739FFE8B994F88C31002B3FD1AB
:108C100094F88D31002B3BD131462046FFF72CFFD5
:108C200080B985B194F83E526DB194F88C3113B986
:108C300094F88D3133B1D4F8880118B1374906F072
:108C4000C9FC00E001252846F8BDD4F82832002BE5
:108C500045D094F88C31002B93D0D4F888010028AB
:108C60008FD02F4906F0B6FC8BE7D4F88801002896
:108C7000B8D02C4906F000FCD4F88801D4F8A8112B
:108C80000028AFD00A2206F017FDD4F8A8219EE7ED
:108C9000D4F888010028BFD0234906F09BFCBBE72D
:108CA000D4F888010028AAD0204906F093FCA6E752
:108CB0004FF496712046F7F767FD55E798474BE765
:108CC00009F062FAC4F83A72C4F8340261E7104657
:108CD00009F05AFAD4F8A821C4F8A00163E709F012
:108CE00053FA94F88C31C4F828026BB1D4F8880197
:108CF00050B10F4906F0C0FBD4F88801B4F82C122B
:108D000010B10A2206F0D8FC0023C4F82E3238E74E
:108D1000F1CB0200DC50050044560500C0560500AA
:108D200030510500245605009C5605007856050074
:108D30007451050030B585B004ACBDF8205004F87E
:108D4000042D00952246FFF77FFD05B030BD00BF22
:108D500030B5456A83B00446FDB12B7803F00303B8
:108D6000032B26D0012B15D040F2017000230A46B8
:108D7000C4F8D001A4F8D63104F5E8712046FFF715
:108D800047FD0B2820D0A0F10E00B0FA80F040097A
:108D900003B030BD002003B030BD7020019109F058
:108DA000F1F9019960620570C0E91A55C0E91855DA
:108DB000DAE704F5E871FFF78FFD636A93F8600066
:108DC00000F0010003B030BD0120E1E710B504461A
:108DD000406A82B0C8B190F860305B0710D590F857
:108DE00060306FF3820380F86030636A93F860202C
:108DF0006FF3000283F86020636A188902B010BD27
:108E00002046FFF7A5FF606AE9E77020019109F0AD
:108E1000B9F9002360620370C0E91A33C0E918335E
:108E20000199D8E710B50446406A82B0C8B190F8FD
:108E300060301B0710D590F860306FF3C30380F8E3
:108E40006030636A93F860206FF3000283F860205B
:108E5000636A987A02B010BD2046FFF779FF606A16
:108E6000E9E77020019109F08DF900236062037039
:108E7000C0E91A33C0E918330199D8E710B50446A0
:108E8000406A82B0C8B190F86030DB0610D590F827
:108E900060306FF3041380F86030636A93F86020E9
:108EA0006FF3000283F86020636AD87A02B010BDC5
:108EB0002046FFF74DFF606AE9E77020019109F055
:108EC00061F9002360620370C0E91A33C0E9183306
:108ED0000199D8E710B50446406A82B0C8B190F84D
:108EE00060309B0610D590F860306FF3451380F822
:108EF0006030636A93F860206FF3000283F86020AB
:108F0000636A187B02B010BD2046FFF721FF606A3C
:108F1000E9E77020019109F035F9002360620370E0
:108F2000C0E91A33C0E918330199D8E710B50446EF
:108F3000406A82B0C8B190F860305B0610D590F8F6
:108F400060306FF3861380F86030636A93F86020B6
:108F50006FF3000283F86020636A587B02B010BD93
:108F60002046FFF7F5FE606AE9E77020019109F0FD
:108F700009F9002360620370C0E91A33C0E91833AD
:108F80000199D8E710B50446406A82B0D8B190F88C
:108F90006130DB0712D590F861306FF3000380F881
:108FA0006130636A93F860206FF3000283F86020F9
:108FB000636AD87B00F0010002B010BD2046FFF7C5
:108FC000C7FE606AE7E77020019109F0DBF8002333
:108FD00060620370C0E91A33C0E918330199D6E71B
:108FE00010B50446406A82B0D8B190F861309B0752
:108FF00012D590F861306FF3410380F86130636AF5
:1090000093F860206FF3000283F86020636AD87BD6
:10901000C0F3400002B010BD2046FFF799FE606A21
:10902000E7E77020019109F0ADF80023606203705A
:10903000C0E91A33C0E918330199D6E710B50446E0
:10904000406A82B0C8B190F861305B0610D590F8E4
:1090500061306FF3861380F86130636A93F86020A3
:109060006FF3000283F86020636A187E02B010BDBF
:109070002046FFF76DFE606AE9E77020019109F074
:1090800081F8002360620370C0E91A33C0E9183325
:109090000199D8E710B50446406A82B0C8B190F88B
:1090A0006330DB0710D590F863306FF3000380F86E
:1090B0006330636A93F860206FF3000283F86020E6
:1090C000636AD86902B010BD2046FFF741FE606AAE
:1090D000E9E77020019109F055F800236062037000
:1090E000C0E91A33C0E918330199D8E710B504462E
:1090F000406A82B0C8B190F863309B0710D590F8F1
:1091000063306FF3410380F86330636A93F8602043
:109110006FF3000283F86020636A186A02B010BD22
:109120002046FFF715FE606AE9E77020019109F01B
:1091300029F8002360620370C0E91A33C0E91833CC
:109140000199D8E710B50446406A82B0C8B190F8DA
:1091500064309B0710D590F864306FF3410380F8BA
:109160006430636A93F860206FF3000283F8602034
:10917000636A186C02B010BD2046FFF7E9FD606A13
:10918000E9E77020019108F0FDFF002360620370A1
:10919000C0E91A33C0E918330199D8E748B108B5D6
:1091A000054B800143F001039847BDE8084009F0F2
:1091B00073BC09F071BC00BFF059050070B584B0F4
:1091C00004AC1E4604F8010D0125234630460095E7
:1091D0000AF04AF96840404240B204B070BD00BF96
:1091E00030B585B004AC60F07F0004F8010D0025B7
:1091F0000092184601950B46012221460AF0E4FA36
:1092000080F00100404240B205B030BD30B585B0BD
:1092100004AC1D4604F8010D012300942846019377
:109220000AF040F880F00100404240B205B030BD85
:1092300070B584B004AC012504F8010D1E460092FF
:109240000B463046214601952A460AF059F86840F7
:10925000404240B204B070BD2DE9F041002582B01B
:109260000446C0E90455856105628584382090462E
:109270000F4608F087FFCDE9005839460123044A1C
:1092800006460AF091F82046666102B0BDE8F0811A
:1092900040420F002DE9F04104464069164670B384
:1092A0000AF0A0F840B33E493E4A6069E062C4E972
:1092B0001A12002384F8283084F8343019223A4BEB
:1092C00084F8362004F128052367284600F0AAFB1D
:1092D00090B904F1800796BB84F8806039462A462D
:1092E000012001F08BFD2946012000F0FBFCB0FAC3
:1092F00080F04009BDE8F0810020BDE8F0812069E0
:109300000D4608B108F042FF102008F03BFF294647
:109310000746A26909F0A6FF27613846012109F036
:10932000ABFF0028E8D0214A214B216984F828505E
:10933000012084F83400E162C4E91A23BEE704F195
:1093400078064FF00208294684F87B80304600F00A
:1093500061FD082384F87C302946304600F05AFD30
:10936000294684F87880304600F054FD032384F8C1
:109370007A302946304600F04DFD042384F87930D8
:109380002946304600F046FD0A4BC4F882300120E1
:1093900084F8800039462A4601F030FDA3E700BF7B
:1093A000E1910300BD9103009D9103003192030000
:1093B0000D9203004001960070B5056A88B004461E
:1093C0002DB1808C451924D1002008B070BD00F16A
:1093D00028063146012000F085FC0028F4D13246F1
:1093E00004F17801012001F05BF8B4F884504FF4E7
:1093F0007A7303FB050506F033FB214B2062A3FBC8
:1094000005239B0910FA83F5A384002DDCD038B125
:1094100001E004F1280606F023FB281A00282BDCC3
:10942000002533462562A5840DF1070202A901201B
:1094300001F09CF80028C7D19DF807308BB1DDED15
:10944000057A9DF808300499069A2160FCEEE77AC7
:1094500013F03003A260C4ED017A05D1E36001206E
:10946000B3E7012008B070BDDDED077AFCEEE77AC6
:109470000120C4ED037AA8E7400006F0FDFACFE72B
:10948000D34D621008B529B18AB1A0F88210A0F8B6
:109490008420012180F8801000F1280200F1800171
:1094A000012001F0ABFCB0FA80F0400908BD114684
:1094B000F0E700BF052901D90020704708B580F802
:1094C000791000F12801783000F0A4FCB0FA80F0A7
:1094D000400908BD052901D90020704708B580F86A
:1094E000781000F12801783000F094FCB0FA80F098
:1094F000400908BD052901D90020704708B580F84A
:109500007A1000F12801783000F084FCB0FA80F085
:10951000400908BD072901D90020704708B580F827
:109520007B1000F12801783000F074FCB0FA80F074
:10953000400908BDB1F9263091ED0E5A9FED4B7AE6
:109540009FED4B6A07EE903A91F92830F6EE005AFB
:1095500006EE903AA5EE257A8B8CFAEEC96AF8EE03
:10956000E77A27EE066AE7EE267A82B0F7EE006A1F
:10957000E6EE276A0190F0EE667A06EE903AF8EE93
:10958000666A66EEA72AFDEEE27A17EE903A002BA5
:1095900067D091F92E30DFED370A9FED376A9FEDE6
:1095A000371A9FED372ADFED371AB1F932009FEDF8
:1095B000363AB1F930209FED354ADFED353A9FED6F
:1095C000355A06EE903AB1F92C30FAEEE76A04EE1D
:1095D000903A66EE876AF8EEE44AB0EE000AE4EEEE
:1095E000806AB1F92A30F5EE004A05EE903A27EE8E
:1095F000247AF8EEE55A26EE877ADDED016A91F8D5
:109600003430A5EEA07AF8EE666A07EE903A76EE70
:10961000666AF8EEE77AE7EE416A91F92F3007EED5
:10962000100A66EE826A67EEA17A86EEA20AB8EEAA
:10963000C76A67EE807A07EE102AE6EE037AF8EE44
:10964000C76A67EE807A07EE103AE6EE847AB8EEE3
:10965000C77A27EE237AA0EE277AA7EE050A02B092
:1096600070479FED0D0A02B0704700BF00007AC737
:109670000000802E000080470000804900008039F3
:109680000050C3450000002B0000003000000038EF
:10969000000000430000803D00000000F0B42B4CAF
:1096A000DFED2B6A9FED2B7ADFED2B4A9FED2B0A26
:1096B00026460F4606EE100A07EE902A0FCEA0B0FF
:1096C0006D460FC50FCE0FC50FCE0FC596E80F0024
:1096D000403485E80F000FCC10AD0FC50FCC0FC57F
:1096E0000FCC0FC594E80F0020AC04EB8704F8EE14
:1096F000E77AF7EE005A85E80F00F1EE043A14ED30
:10970000204A14ED105AE7EEA36A0123BB40F0EEA5
:10971000653AE4EE073AB8EE466A66EEA36A36EEBC
:10972000646AF0EE654AE5EE074A86EE267A07EEB1
:10973000903AF8EEE77A37EE257A67EEA47A67EE8C
:10974000277A80EE270A20B0F0BC7047F859050050
:109750000080A7440AD7233C000000440024F44AB8
:109760002DE9F04186B00023CDE90133CDE9033383
:109770000593002A5FD0D2F840801446B8F1000F5C
:1097800059D0576C002F56D0936C002B53D0054600
:10979000002850D00E4600294DD0137B007893B19D
:1097A0000B788DF805308DF80400636801220DF107
:1097B0000501B847002884F84C0018BF6FF001007D
:1097C00006B0BDE8F08110F0800F527B14BF00237B
:1097D00010239A4227D063730DF1030163680122BD
:1097E000F320C04784F84C0040BB9DF80310627B17
:1097F000676C636821F0100102F010020A438DF8D3
:1098000003200DF1030101227320B84784F84C00B6
:10981000A0B9287833788DF8053000F07F008DF8F6
:109820000400676CC1E700F07F000B788DF804003E
:109830008DF80530B9E74FF0FF30C1E76FF0010058
:10984000BEE700BF2DE9F04786B00027CDE90177DC
:10985000CDE903770597002B78D01C6C002C75D0D0
:109860005C6C002C72D09C6C002C6FD000286DD0EA
:1098700000296BD0541E092C71D800F1FF381C460A
:1098800091460E4601AD384601EB020A07E02B7007
:1098900016F8013B6B70B24505F1020540D0227B02
:1098A00018F8013F002AF2D1276C002F51D0616CCB
:1098B00000294ED0A16C00294BD013F0800F607BA3
:1098C00014BF0021102188423ED0617363680122D9
:1098D0000DF10301F320B84784F84C00002841D172
:1098E0009DF80310627B6368676C21F0100102F041
:1098F00010020A438DF803200DF1030101227320A9
:10990000B84784F84C0098F8003028BB03F07F0378
:109910002B7016F8013B6B70B24505F10205BED104
:1099200078B94FEA4902013A656C63689DF8040012
:109930000DF10501A847002884F84C0018BF6FF00E
:10994000010006B0BDE8F0871046DFE74FF0FF30BA
:10995000F7E74FF0FF30D9E76FF00100D6E76FF07F
:109960000300EEE798F800306FF00100CEE700BF8B
:109970002DE9F04383B0002B4BD01E6C1C46002E0B
:1099800047D05B6C002B44D0A36C002B41D00F461A
:1099900000293ED09146227B6368804672B1002543
:1099A0004A4639464046B047002818BF6FF00105C7
:1099B00084F84C00284603B0BDE8F08310F0800F17
:1099C000617B0CBF1022002291421ED062730DF108
:1099D00007010122F320B04784F84C00E0B99DF85C
:1099E0000710627B6368656C21F0100102F01002C1
:1099F0000A438DF807200DF1070101227320A847C3
:109A0000266C84F84C00636840B948F08008002553
:109A1000C6E74FF0FF35CDE7266C63686FF00105B0
:109A2000BEE700BFF0B58DB0E022B6238DF802206E
:109A30008DF80330002800F04681056C002D00F001
:109A40004281436C002B00F03E81836C002B00F0C0
:109A50003A81037B0446002B49D00DF103012246D5
:109A60000DF10200FFF77CFEA36C6168054642F22F
:109A700010709847002D37D1237B256C002B44D0E4
:109A8000002D00F02081636C002B00F01C81A36C82
:109A9000002B00F01881227B6368002A54D0012239
:109AA0002146D020A84784F84C00002847D12378CD
:109AB000612B18BF6FF0020516D10CAE234606F8D5
:109AC0002C0D01223146F020FFF752FF054658B910
:109AD0009DF80430A3603146234617228A20FFF701
:109AE00047FF0546002854D028460DB0F0BD436816
:109AF000012201A9F320A84784F84C00F8B99DF889
:109B0000043003F010036373A7E7002D00F0DB803F
:109B1000636C002B00F0D780A36C002B00F0D38087
:109B20006368012201A9F320A84784F84C0030B9EA
:109B30009DF80430256C03F010036373A0E76FF009
:109B4000010528460DB0F0BD617B0029A7D06273E6
:109B500001A90122F320A84784F84C00002840F016
:109B6000B5809DF80410627B656C636821F010017C
:109B700002F010020A438DF8042001A9012273208B
:109B8000A84784F84C00002840F0A080256C63684A
:109B900085E723460E220DF11B01E120FFF7E8FEC9
:109BA00005460028A0D1234605220DF12901FFF723
:109BB000DFFE0546002897D19DF805609DF8093025
:109BC0009DF804109DF808209DF824709DF823004E
:109BD00041EA062142EA03229DF80B609DF80A3013
:109BE000218440EA072043EA0623E0839DF80F60C2
:109BF0009DF80E009DF81010A28440EA06209DF802
:109C000011609DF81620E38441EA06219DF8176053
:109C10009DF81830608542EA06229DF819609DF88B
:109C20000600A18543EA06239DF80C102286638670
:109C30009DF813209DF8123084F8220084F8281033
:109C400084F82F3084F82E209DF81A209DF81C30BF
:109C50009DF81D0084F8342003F00F0242EA001240
:109C60009DF81B1022821B099DF92D209DF826606E
:109C70009DF825009DF81E70277543EA01139DF895
:109C80002B106382131140EA0620C1F301119DF8E5
:109C9000202084F83E309DF8213060839DF81F60BD
:109CA00084F83C109DF822009DF82710A275E375FA
:109CB0009DF828209DF829306675207661762277F8
:109CC00084F83D3010E74FF0FF350DE7256C6368F1
:109CD00001222146D020A8476FF0010584F84C00EE
:109CE00002E700BF2DE9F04182B074228DF8062012
:109CF000002955D0D1F840804546B8F1000F4FD02B
:109D00004B6C002B4CD08B6C002B49D00C4606467C
:109D10001027227B6368002A48D0742001220DF1AD
:109D20000501A847054684F84C0028B16FF00105ED
:109D3000284602B0BDE8F0819DF805309A0714D19D
:109D4000002EF5D006F0030623F00303334322462A
:109D50000DF105010DF106008DF80530FFF700FD4E
:109D60000546284602B0BDE8F08123F003030DF15B
:109D7000050122460DF106008DF80530FFF7F0FCD5
:109D8000A36C6168054642F210709847002DCFD150
:109D9000256CA84625B1636C13B1A36C002BB8D118
:109DA0004FF0FF35284602B0BDE8F081627B102AF3
:109DB00020D067730DF107010122F320C04784F81A
:109DC0004C00D0B99DF80710627B656C636821F088
:109DD000100102F010020A438DF807200DF107016F
:109DE00001227320A84784F84C0030B9256C6368C1
:109DF000F42093E74546F42090E7256C63680DF165
:109E0000050101227420A8476FF0010584F84C0079
:109E10008EE700BF2DE9F04FB24B06460C4693E8A3
:109E200003008BB0002301908DF808108DF81030DE
:109E300003939CB1256C8DB1636C7BB1A36C6BB14A
:109E4000227B6368002A00F09A81742005AF01220A
:109E50003946A84784F84C0060B12EB94FF0FF3561
:109E600028460BB0BDE8F08F6FF0010528460BB017
:109E7000BDE8F08FD4F840B09DF8148074235D469F
:109E80008DF80330BBF1000FE8D0636C002BE5D0F8
:109E9000A36C002BE2D04FF01009227B6368002AEC
:109EA00000F04581742001220DF10201A84784F8D9
:109EB0004C0038B16FF00105002ECFD028460BB012
:109EC000BDE8F08F9DF8023013F0030A40F00C81DA
:109ED000002EC3D003A9234605227120FFF748FDB9
:109EE00084F84DA005460028BAD1D4F840B0BBF1A3
:109EF000000FB3D0636C002BB0D0A36C002BADD09F
:109F0000F578072D11D90723F37094F84D30D4F864
:109F100040B043F0010384F84D30BBF1000F9DD0F9
:109F2000636C002B9AD0A36C0725002B96D096F873
:109F300001E0BEF1050F11D90521717094F84D3083
:109F4000D4F840B043F0010384F84D30BBF1000F6A
:109F500084D0636C002B81D0A36C8E46002B3FF421
:109F60007DAF96F802C0BCF1050F13D90521B17081
:109F700094F84D30D4F840B043F0010384F84D30EC
:109F8000BBF1000F3FF46AAF636C002B3FF466AF88
:109F9000A36C8C46002B3FF461AF3078052800F2AB
:109FA0001781002B3FF45AAF3279082A09D90822C9
:109FB000327194F84D10D4F840B041F0010184F8AA
:109FC0004D109DF80F109DF80D609DF8103001F0B8
:109FD0001F0141EA4E1121F01C0123F01C0326F061
:109FE000070641EA8C0143EA85033043082A8DF8CD
:109FF0000F105BB28DF80D0000F01A82520152B2C0
:10A0000000209DF80C1003F01F0301F07F010025D4
:10A01000134301438DF810308DF80C100595C7E9F6
:10A020000155C7E90355BBF1000F3FF417AF666C4C
:10A03000002E3FF413AFA36C002B3FF40FAF237B34
:10A040009DF80460002B00F0D7809DF80C208DF85F
:10A0500014608DF815209DF80570002B00F0B0817C
:10A060009DF80D208DF816708DF817209DF806705C
:10A07000002B00F06C819DF80E208DF818708DF883
:10A0800019209DF80770002B00F026819DF80F2005
:10A090008DF81A708DF81B209DF80870002B00F0C9
:10A0A000DA809DF810308DF81C708DF81D30002D71
:10A0B0007FF4D6AE666C63689DF8140009220DF13A
:10A0C0001501B047054684F84C0000287FF4CCAE5B
:10A0D00018F003003FF4C4AE2146FFF703FE054627
:10A0E000BEE600BF7C5A050023F003030DF1020118
:10A0F00022460DF103008DF80230FFF731FBA36C0F
:10A100006168054642F210709847002D7FF4D4AE86
:10A11000256CAB462DB1636C1BB1A36C002B7FF497
:10A12000BCAE4FF0FF35002E7FF4C8AE96E6627BE2
:10A13000102A00F07A8184F80D9001223946F3202C
:10A14000D84784F84C00002840F079819DF814101D
:10A15000627B656C636821F0100102F010020A4313
:10A160008DF81420394601227320A84784F84C004A
:10A17000002840F06481256C6368F42093E6627BDC
:10A18000102A00F05981102205AF6273394601226E
:10A19000F320A84784F84C00002840F05F819DF828
:10A1A0001410627B656C636821F0100102F01002EC
:10A1B0000A438DF81420394601227320A84784F8F9
:10A1C0004C00002840F04A81256C6368F4203EE68C
:10A1D0000520307094F84D30D4F840B043F00103BE
:10A1E00084F84D30BBF1000F3FF438AE636C002BA8
:10A1F0003FF434AEA36CD4E616F0800F617B0CBF45
:10A2000010220022914222D062730DF10301636893
:10A210000122F320D84784F84C00002840F0388110
:10A220009DF80320617B656C636801F0100122F0EA
:10A2300010020A438DF803200DF10301012273205F
:10A24000A84784F84C00002840F02281237B002599
:10A2500006F07F06F9E6256C002D3FF4FFAD666C35
:10A26000002E3FF4FBADA36C002B3FF4F7AD17F0CD
:10A27000800F637B08BF4FF0100A534523D084F84A
:10A280000DA00DF1030163680122F320A84784F8B3
:10A290004C0000287FF4E8AD9DF80310627B656CEC
:10A2A000636821F0100102F010020A438DF80320C8
:10A2B0000DF1030101227320A84784F84C00002807
:10A2C0007FF4D2AD666C9DF810308DF81D3007F02C
:10A2D0007F078DF81C70EEE6256C002D00F0C7801E
:10A2E000666C002E00F0C380A26C002A00F0BF80D4
:10A2F00017F0800F617B0CBF10220022914222D008
:10A3000062730DF1030163680122F320A84784F80A
:10A310004C00002840F0C0809DF80320617B656CF4
:10A32000636801F0100122F010020A438DF8032047
:10A330000DF1030101227320A84784F84C00002886
:10A3400040F0AA80237B002507F07F079EE6256C5E
:10A35000002D00F09280666C002E00F08E80A26CC2
:10A36000002A00F08A8017F0800F617B0CBF10225A
:10A370000022914220D062730DF103016368012233
:10A38000F320A84784F84C0000287DD19DF80310E5
:10A39000627B656C636821F0100102F010020A43D1
:10A3A0008DF803200DF1030101227320A84784F8E2
:10A3B0004C00002868D1237B002507F07F075AE670
:10A3C000256C002D56D0666C002E53D0A26C002A4E
:10A3D00050D017F0800F617B0CBF102200229142F9
:10A3E0001FD062730DF1030163680122F320A847B7
:10A3F00084F84C00002843D19DF80320617B656CF4
:10A40000636801F0100122F010020A438DF8032066
:10A410000DF1030101227320A84784F84C0078BB9A
:10A42000237B002507F07F071AE65D46F4203AE516
:10A4300000226FF07F00E4E5F42005AF07E5256C0E
:10A4400063680DF1020101227420A8476FF0010535
:10A4500084F84C00002E7FF431ADFFE43946256CC2
:10A46000636801227420A84784F84C00F5E44FF09B
:10A47000FF3569E74FF0FF35D4E74FF0FF359CE734
:10A480006FF00105237BCDE76FF00105237B94E797
:10A490006FF00105237BDBE66FF00105237B53E7BB
:10A4A00070B483B0304B009341F20803ADF8043030
:10A4B000A9B1A2B1136C93B1536C83B1936C73B116
:10A4C0004C78052C10D905244C7092F84D30156C41
:10A4D00043F0010382F84D300DB1536C1BB90020DD
:10A4E00003B070BC7047936C002BF8D08D78052DAD
:10A4F00020D8002BF3D00B78052B2BD802AA1344BD
:10A5000013F8081C02AB1C441D4414F8082C15F861
:10A51000083C13445A1840F2AB73022803FB02F3C1
:10A520000BBF03F5865003F5A55005300D3003B081
:10A5300070BC704705258D7092F84D30166C43F055
:10A54000010382F84D30002EC9D0536C002BC6D0C9
:10A55000936CCEE705230B7092F84D3043F0010366
:10A5600082F84D301021CDE7000102042DE9F04FB3
:10A570002DED108BD5B042AD06468B46924628464F
:10A58000482200211C4615F08AFC48AA4EABCDE9B2
:10A590000A520C93002C00F0AA83256C002D00F0C9
:10A5A000A683636C002B00F0A283A36C002B00F049
:10A5B0009E83BBF1000F00F09A83012E12D0023E61
:10A5C000F6B2012E40F2AB8000260127BAF1000F4F
:10A5D00000F08D838AF80060384655B0BDEC108BD2
:10A5E000BDE8F08F0023CDE93233CDE934338DF867
:10A5F000D8304FF00508002D00F08F83636C002BDE
:10A6000000F08B83A36C002B00F08783277B6368AB
:10A61000002F5CD000271D20112232A9A847002856
:10A6200018BF6FF0010784F84C009DF8C9309DF801
:10A63000C8208BF802309DF8CA3000939DF8CB30CB
:10A64000019302F00F009DF8CC308BF801000293CB
:10A650009DF8CD30A16803939DF8CE3004939DF80A
:10A66000D6509DF8CF309DF8D890059301299DF8DC
:10A67000D03006930CBF4FFA89F169B29DF8D13002
:10A68000079322F07F0201F0200352B2134301F03E
:10A6900010010B43DBB28BF800301B069DF8D5C0D0
:10A6A0009DF8D7E00DD487B9A36C616842F21070B1
:10A6B00008F1FF38984718F0FF0800F02681256C54
:10A6C00099E7CDE908CE002F40D000267EE7627BD7
:10A6D000102A22D01022627322A90122F320A84757
:10A6E00084F84C00002840F056839DF88810627B67
:10A6F000656C636821F0100102F010020A438DF8C6
:10A70000882022A901227320A847256C84F84C00D8
:10A7100007466368002840F040839D207CE7332291
:10A72000002115A815F0BBFB1E2200210DA815F075
:10A73000B6FB234615A933221D20FFF719F906465B
:10A74000002800F0FB80002602273FE75A3023460E
:10A7500001220BF10301FFF70BF907460028B4D1E2
:10A760009BF801005030C0B2234601220BF10401D6
:10A77000FFF7FEF807460028A7D19BF801006430D8
:10A78000C0B2234601220BF10501FFF7F1F807469D
:10A7900000289AD1E38B049A9FED607A9FED645A6A
:10A7A000DFED5F5ADFED638A9FED606A06EE903A57
:10A7B000059B1B0943EA0213039A43EA0233F8EEAE
:10A7C000666A07EE903A27EE667AF8EEE77A94F931
:10A7D0002230B4F92020A7EE857A214665EEE66A9C
:10A7E00027EE077AB3EE009AE7EEA86A67EE097AD9
:10A7F00007EE103A05EE902AB8EEC77AF8EEE55A61
:10A8000067EE277A029A009BE6EEA57A1009019A74
:10A8100027EE868A40EA0210C4ED0E7A40EA033041
:10A820008BED028AFEF786FE238A8BED030ADDE9B3
:10A83000061204EE903A94F91630DFED3F3A9FEDA0
:10A840003A4A42EA012205EE903A07EE102A94F9BC
:10A850001530A26805EE103AB8EE477A94F9143034
:10A86000F8EE644AFAEEC65A06EE903AB8EEC55AC9
:10A8700094F91830A4EEC97A65EE885A06EE103ABB
:10A88000E5EE285A638AFAEEEF6A07EE903AA8EEF0
:10A89000667AE37DF7EE006AB0EE665ABAEEE56AD4
:10A8A000A8EE255A05EE903AFBEEC77A26EE086A26
:10A8B000F8EE655A67EE277AB0EE467AA5EEA87AEA
:10A8C00067EE857AE7EE876A66EEA77AF4EEE37ABA
:10A8D000F1EE10FAB8BFF0EE637AF4EEC47AF1EE5E
:10A8E00010FA88BFF0EE447A012ACBED047A00F02A
:10A8F0005882089B94F93E20A80940EA830005F09D
:10A900000F01FEF7CBFE8BED050A9BF90030002B03
:10A91000A6BF00260227002758E600BF0000003926
:10A920000000803A0AD7233C0000C842CDCC4C3905
:10A9300000000037000080380000000023461E227F
:10A940000DA95020FFF714F8002840F04A82E38B4D
:10A950001FED0EEA5FED0E6A5FED0A8A5FED0CFAFD
:10A960001FED0EFA5FED10EA1FED12BACDF814A03C
:10A970000DEE903A94F922300AEE903A238A0AEECC
:10A98000103A94F9153009EE903AE37D09EE103A49
:10A9900094F9143008EE103AB4F920300DEE103A64
:10A9A00094F916300CEE903A638A0CEE103A94F952
:10A9B0001830F8EE6D7A0BEE903AF8EEEAAAB8EE9F
:10A9C0004AAAF8EEE99AB8EE499AB3EE007ABAEEDE
:10A9D000EF8A2EEE67EAA36866EEE77ACDE9030B0D
:10A9E0000AAA6AEE87AA2AEE07AA69EEA89A29EEB1
:10A9F000289AB8EECDDAFAEEC6CABBEEC7CAFAEEAE
:10AA0000E5BACDED027A15AEB1EE488A00929946CC
:10AA1000B379727996F807E0009FF07857F8045BF5
:10AA200096F802A0DDED026A96F8048000971B01FB
:10AA300043EA023343EA1E1307EE103AB8EEC77A30
:10AA4000F0EE4E7AE7EE2F7A96F808C0777A3178F2
:10AA500096F801B085F802B00001E7EE286A40EAF6
:10AA60000A3047EA0C2367EEA77A40EA1810377CD1
:10AA700096F80E800193B9F1010F67EEAA7A01F002
:10AA800080020CBF7BB24FFA88F3E6EE8D7A03F0BA
:10AA9000200C4FFA82FE4EEA0C0E03F0100301F078
:10AAA0000F012A704EEA030E0DAA0DAB0B4467EEA0
:10AAB0008FDA6970515C2971997A1B7DE970C4ED58
:10AAC0000E7A85F800E06B712146C5ED02DAFEF7DB
:10AAD00031FDDDED017A96F80DA096F80FB085ED09
:10AAE000030AF8EE677AB0EE697AADEEAC7A77EEEB
:10AAF000CA7AF7EE006AE8EE2D7AB0EE666AADEE3D
:10AB0000876AF0EE495A67EE8C7AEDEEAB5A67EE43
:10AB1000867AB0EE667AA7EEA57A67EE277A1FED01
:10AB20007A7AF5EEC07AF1EE10FAB8BFF0EE477A15
:10AB3000F4EEEE7AF1EE10FA88BFF0EE6E7AB9F12B
:10AB4000010FC5ED047A00F0B48094F93E30DFF8CF
:10AB5000A8C2DFEDA54A07EE903ABCE80F0022AF8D
:10AB60000FC7BCE80F000FC7BCE80F000FC79CE879
:10AB70000F000CF1100C87E80F00BCE80F0032AF9B
:10AB80000FC7BCE80F000FC7BCE80F000FC79CE859
:10AB90000F000DF5A87E08F00F0C0EEB8C0E87E869
:10ABA0000F00F8EEE77A1EED327A5EED225A4FEA98
:10ABB0009818B1EE045AB0EE666A48EA8A08E7EEE1
:10ABC000854A012303FA0CFCA7EE0B6A07EE908A74
:10ABD000B8EE675ADFED857A64EE864A35EE675A3D
:10ABE000F0EE667A85EE247AE5EE8B7A37EE267AF9
:10ABF000F0EE675A07EE90CAF8EEE77A67EEA57AAC
:10AC000067EE276ADFED7A7AC7EEA67AC5ED057A98
:10AC100011360DF18703B3427FF4FAAEDDE90A3550
:10AC20000C9A93F9001095F9000092F90040DDF8B4
:10AC300014A000284FEAD176B8BF0136002CDDE918
:10AC4000037B01DA0136F6B2002993F802E095F8A9
:10AC500002C05ADB00284DDACDE90A539178002C66
:10AC60006DDB93F90010002905DB92F90010002933
:10AC700001DACDE90B230FCD5C460FC495E8030044
:10AC8000DDE90BC584E80300BCE80F000BF11804F4
:10AC90000FC49CE8030084E803000FCD0BF13004DF
:10ACA0000FC495E80300002E08BF022784E80300C4
:10ACB0008CE4BB0907F00F024FF4802143EA8B0BB1
:10ACC00021FA02F207EE902A0BEB4B0B0BF5206BEF
:10ACD000B8EEE77A06EE90BADFED467AF8EEE66A6D
:10ACE00067EE277A87EEA67A85ED057A90E74FF032
:10ACF000FF3771E4002C04DA11460A920C931A46CD
:10AD00000B4619462B460D46AFE7002808DB2846C0
:10AD1000F4461D4691780346A1E74FF0FF3784E4DF
:10AD2000ACEB0E0189B2881C80B2012894D909B21B
:10AD3000022991DC2946F4461D460B468EE7A1EB1D
:10AD40000C0080B2841CA4B2012C19D900B20228D4
:10AD500016DC93F9000000288BDA284615460246D7
:10AD60009878091A89B2881C80B2144601282A46AC
:10AD700025467FF67EAF09B202297FF77CAF78E7E0
:10AD800093F900000A9200280C95A978E8DB114697
:10AD90002A460D4669E7256C63686FF001071D20A0
:10ADA0003AE40999DFED136A4FEA99134FF48022D0
:10ADB00009F00F0943EA810322FA09F907EE909A94
:10ADC00003EB430303F52063B8EEE77A07EE903A0E
:10ADD00027EE267AF8EEE77AC7EE276ACBED056A0A
:10ADE00093E50227FFF7F2BB0080A7440000004470
:10ADF0000024F44A00247449F85905002DE9F04F65
:10AE0000A54B91B0B3F88030ADF8043000296DD077
:10AE100074238DF82030002A68D0D2F840A055461F
:10AE2000BAF1000F62D0536C002B5FD0936C002BF3
:10AE30005CD00F46144680464FF01009227B6368B1
:10AE4000002A59D07420012205A9A847054684F894
:10AE50004C0060BB9DF8143013F003062DD16E2317
:10AE6000B8F1020F0295CDE90555ADF81C500895D3
:10AE70000B950395ADF810500995ADF828500C9539
:10AE8000ADF834508DF8033000F01681B8F1030F9F
:10AE900058D0B8F1010F00F05C83012509E005A945
:10AEA000256C636801227420A84784F84C006FF079
:10AEB0000105284611B0BDE8F08F23F0030305A972
:10AEC000224608A88DF81430FEF74AFCA36C61688E
:10AED000054642F210709847002DEAD1256CAA462B
:10AEE00025B1636C13B1A36C002BA7D14FF0FF35D4
:10AEF000284611B0BDE8F08F627B102A00F026834F
:10AF000084F80D900BA90122F320D04784F84C005F
:10AF10000028C4D19DF82C10627B656C636821F019
:10AF2000100102F010020A438DF82C200BA9012217
:10AF30007320A84784F84C000028B0D1256C6368C2
:10AF4000F42080E7F8680028D0D0BD68002DCDD06F
:10AF500097F81080B8F1000F00F0F68294F83C30BA
:10AF6000DFED4E0ADFED531ADFED515A9FED4C2A0B
:10AF70009FED4C6ADFED4D2A9FED4B4A06EE903A6D
:10AF8000F8EE666AB1EE003A76EE836A94F93D30E7
:10AF900083EE261A08F15A0B023D02385FFA8BFB4A
:10AFA0000DF1080A0DF114090DF1200E0DF12C0C14
:10AFB0005A2104EE903A94F91C3007EE903A94F935
:10AFC0000E3007EE103A94F91930F8EEE44A03EE29
:10AFD000903AF7EE006AB4F91A30B0EE663A05EE30
:10AFE000103AA4EEA03AF8EEE77AB8EEC77AB8EED7
:10AFF000C55AF8EEE33A27EE877AA5EE026AC1EE6B
:10B00000034AE3EEA15A27EE227ABBEE095A07E083
:10B01000FF230131C9B259450CF8013B00F094827D
:10B020000AF8011B35F8023FB3F5C87F28BF4FF47B
:10B03000C87307EE903AF8EE677AF0EE663AE6EEFD
:10B04000273A01F10A030EF8013BF0EE637AF0EEC5
:10B05000473AE5EEA73AF0EE637AF0EE453AE7EECE
:10B06000A43A63EE847AFCEEE77A17EE903A09F898
:10B07000013B30F8022FB2F57C6FC9D23F2A4FF066
:10B08000000306D9920801333F2ADBB2FAD89B01AC
:10B09000DBB21344DBB2BCE7F85905006F12033B87
:10B0A0006F12833275021A3B9A9959400000803A18
:10B0B000000044420000803DFA68002A3FF416AFC9
:10B0C000B96800293FF412AF788A97F810800028F9
:10B0D00014BF35460325B8F1000F00F00A8294F83A
:10B0E0003C305FED124A1FED122A1FED125A94F9FF
:10B0F00019C05FED102A5FED125A1FED143A1FEDD3
:10B10000164A07EE903AF8EE677AB1EE007A77EEDB
:10B11000877A94F93D30C7EE271A07EE903A5A2302
:10B120008DF808300B88B3F5C87F28BF4FF4C8737B
:10B13000F7EE006AF8EEE77A07EE103AF0EE663ABC
:10B14000B4F91A30E7EEA43AB8F1010FB8EE476A45
:10B1500007EE103A94F91C30B8EEC77A07EE903A31
:10B1600094F90E30C1EEA34AA7EE025AB8EEE77A80
:10B1700007EE903A03EE90CAF8EEE77AF8EEE33A7B
:10B1800067EE277AB0EE662AA5EE062A4FF0640332
:10B190008DF82030E3EEA25A67EE837ABBEE097A8F
:10B1A000F0EE673AE5EE823AB0EE636AF0EE473AC7
:10B1B000E4EE863A23EE846ABCEEC66A16EE103AD6
:10B1C0008DF8143013888DF82C3040F227835B23E0
:10B1D0008DF809304B88B3F5C87F28BF4FF4C8738A
:10B1E00006EE103AB8EE466AF0EE663AE6EE053A3A
:10B1F00065238DF82130B8F1020FB0EE636AF0EEEE
:10B20000673AE6EE253AB0EE636AF0EE473AE6EECC
:10B21000243A23EE846ABCEEC66A16EE103A8DF824
:10B22000153053888DF82D3000F063815C238DF844
:10B230000A308B88B3F5C87F28BF4FF4C87306EE79
:10B24000103AB8EE466AF0EE663AE5EE063A662344
:10B250008DF82230B8F1030FB0EE636AF0EE673A72
:10B26000E5EE863AB0EE636AF0EE473AE4EE863AEF
:10B2700023EE846ABCEEC66A16EE103A8DF81630DC
:10B2800093888DF82E3000F034815D238DF80B30DB
:10B29000CB88B3F5C87F28BF4FF4C87306EE103AC9
:10B2A000B8EE466AF0EE663AE5EE063A67238DF8A8
:10B2B0002330B8F1040FB0EE636AF0EE673AE5EEC2
:10B2C000863AB0EE636AF0EE473AE4EE863A23EE51
:10B2D000846ABCEEC66A16EE103A8DF81730D38831
:10B2E0008DF82F3000F005815E238DF80C300B892E
:10B2F000B3F5C87F28BF4FF4C87306EE103AB8EE16
:10B30000466AF0EE663AE6EE053A68238DF8243098
:10B31000B8F1050FB0EE636AF0EE673AE6EE253A53
:10B32000B0EE636AF0EE473AE4EE863A23EE846AC2
:10B33000BCEEC66A16EE103A8DF8183013898DF8F7
:10B34000303000F0D6805F238DF80D304B89B3F597
:10B35000C87F28BF4FF4C87306EE103AB8EE466AAD
:10B36000F0EE663AE5EE063A69238DF82530B8F13D
:10B37000060FB0EE636AF0EE673AE6EE253AB0EEFD
:10B38000636AF0EE473AE4EE863A23EE846ABCEE56
:10B39000C66A16EE103A8DF8193053898DF831309F
:10B3A00000F0A78060238DF80E308B89B3F5C87F3D
:10B3B00028BF4FF4C87306EE103AB8EE466AF0EEB6
:10B3C000663AE5EE063A6A238DF82630B8F1070FA3
:10B3D000B0EE636AF0EE673AE5EE863AB0EE636A85
:10B3E000F0EE473AE4EE863A23EE846ABCEEC66A93
:10B3F00016EE103A8DF81A3093898DF8323078D0E5
:10B4000061238DF80F30CB89B3F5C87F28BF4FF487
:10B41000C87306EE103AB8EE466AF0EE663AE5EE0C
:10B42000063A6B238DF82730B8F1080FB0EE636A47
:10B43000F0EE673AE5EE863AB0EE636AF0EE473A30
:10B44000E4EE863A23EE846ABCEEC66A16EE103A43
:10B450008DF81B30D3898DF833304AD062238DF8B4
:10B4600010300B8AB3F5C87F28BF4FF4C87306EEBF
:10B47000103AB8EE466A6C23E5EE066A8DF828307D
:10B48000B8F1090FB0EE676AA5EEA66AA4EE867A57
:10B4900027EE047ABCEEC77A17EE103A8DF81C300E
:10B4A000138A8DF8343024D063238DF811304B8A01
:10B4B000B3F5C87F28BF4FF4C87307EE103AB8EE53
:10B4C000477AF7EE006AE5EE076A6D238DF82930BA
:10B4D000BBEE097AE5EEA67AA4EEA77A67EE047AC7
:10B4E000FCEEE77A17EE903A8DF81D30538A8DF80E
:10B4F000353040F28273984200F28E81CB4A4FF48D
:10B500007A7303FB00F382FB03231B093F2B9AB2E0
:10B510004FF0000306D9920801333F2ADBB2FAD874
:10B520009B01DBB21344DBB28DF80230002D7FF4B7
:10B53000C0AC22460DF102010DF10300FEF710F937
:10B54000054600287FF4B5ACC14678E05546F420A6
:10B5500079E494F83C30DFEDB63A9FEDB65A94F9B1
:10B560001C20DFEDB54A94F91910DFEDB45ADFED78
:10B57000B42A9FEDB43A9FEDB44A07EE903AF8EE44
:10B58000677AB1EE007A77EE877A94F93D3087EEEC
:10B59000272A06EE903AB7EE006AF8EEE66AB4F9AA
:10B5A0001A30F0EE467AE6EEA37A07EE103A7B8880
:10B5B000B8EEC77AB3F5C87F28BF4FF4C873C2EEA0
:10B5C000273AE7EE054A07EE902A07EE103A94F97B
:10B5D0000E20F8EE476A05EE101AB8EEE77A07EE8D
:10B5E000902AB8EEC55AF8EEE77AA4EEA66A5A2376
:10B5F000BA888DF80830F0EE656A67EE277AE5EED6
:10B60000226A64238DF8203067EE837ABBEE097AD4
:10B61000E6EE867AB2F57C6FA7EEA37A67EE047A3F
:10B62000FCEEE77A17EE903A8DF81430C0F0E78020
:10B63000FF238DF82C304FF000084FF0010902A8CD
:10B6400023464A4605A9FEF7FDF8054600287FF483
:10B6500030AC4A4623460BA908A8FEF7F3F8054686
:10B6600000287FF426AC08A9234602227020FEF7AA
:10B670007FF9054600287FF41CAC3B78012B52D0A3
:10B6800008219DF821309DF82020D4F8409003F047
:10B69000C00308F00F0843EA080822F0080341EA53
:10B6A000030240EA080800238DF821808DF820204D
:10B6B000CDE90B33CDE90D330F93B9F1000F3FF412
:10B6C00015AC676C002F3FF411ACA36C002B3FF45A
:10B6D0000DAC237B9DF80480002B68D09DF82020C2
:10B6E0008DF82C808DF82D209DF8058013B39DF8E2
:10B6F00021308DF82E808DF82F30002D7FF4D9ABBE
:10B70000676C63689DF82C0003220DF12D01B8478A
:10B710000028054618BF6FF0010584F84C00284644
:10B7200011B0BDE8F08FA368012B14BF10202020BA
:10B730002946A6E7256C002D3FF4D8AB676C002F97
:10B740003FF4D4ABA36C002B3FF4D0AB18F0800FC8
:10B75000637B08BF1026B34220D066736368012262
:10B7600005A9F320A84784F84C0000287FF49FAB7C
:10B770009DF81410627B656C636821F0100102F083
:10B7800010020A438DF8142005A901227320A8474E
:10B7900084F84C0000287FF48AAB676C9DF8213058
:10B7A0008DF82F3008F07F088DF82E80A9E718F06B
:10B7B000800F617B14BF0022102291421CD0627363
:10B7C0006368012205A9F320C84784F84C0040BBF8
:10B7D0009DF81420617B676C636801F0100122F012
:10B7E00010020A438DF8142005A901227320B847DE
:10B7F00084F84C00A8B9237B08F07F086EE73F2A45
:10B80000334606D9920801333F2ADBB2FAD89B01AE
:10B81000DBB21344DBB20CE7FF2385E64FF00108EF
:10B8200067E66FF00105237BE6E700BFC545960894
:10B830006F12033B6F12833275021A3B00004442C1
:10B840000000803D0000803A9A995940704700BF3F
:10B8500010B5282204460846002114F020FB0B22D4
:10B86000094915F098FA01220021C260C17203460D
:10B87000A46806481C610022032459625C611862B6
:10B880009A61DA6110BD00BF845A05000AD7233CD3
:10B890002DE9F047202286B08A460446081D002183
:10B8A00014F0FDFA2423CAF80030A368CAF8043063
:10B8B0000323CAF8083004F0D3F806A9CAF8100028
:10B8C00060681A230024062201F80C3DCDE900240B
:10B8D00004AB0122ADF81440049407F011FD9DF86B
:10B8E00011309DF8100040EA032000B213F0E4FC90
:10B8F00000221C4B13F04AFD9DF8133080469DF842
:10B90000120040EA032000B2894613F0D5FC002261
:10B91000144B13F03BFD9DF8153006469DF81400BE
:10B9200040EA032000B20F4613F0C6FC00220D4B84
:10B9300013F02CFD04460D464046494613F0F6FF31
:10B940003946CAF81400304613F0F0FF2946CAF809
:10B950001800204613F0EAFFCAF81C00012006B0C8
:10B96000BDE8F0870000B03FF8B504460848A16084
:10B970000021C4E90001102016461F4606F002FC13
:10B980003A460546314607F06DFC65602046F8BD35
:10B99000945A05002DE9F043064685B08846406874
:10B9A000002107F069FC552404E00A2004F064F843
:10B9B000013C2BD00121706807F05EFC0546002891
:10B9C000F3D004AF4FF0000907F8049D012470681C
:10B9D000CDF804903B4639460094224607F090FC8F
:10B9E0009DF80C30A02B16D04FF47A7004F044F878
:10B9F00070688DF80C903B46CDE9004922463946E7
:10BA000007F07EFC9DF80C30A02B04D000252846C2
:10BA100005B0BDE8F08300244FF03D0C0123022265
:10BA2000394670683473CDE900448DF80CC08DF848
:10BA30000D4007F037FC1E2004F01EF83F214FF0A8
:10BA4000200C70688DF80C10012302223946CDE9D4
:10BA500000448DF80DC007F025FC1E2004F00CF802
:10BA60004FF0010901E004F007F870688DF80C4010
:10BA70003B46CDE900940122394607F041FC9DF890
:10BA80000C30A02B4FF00A00EDD1322003F0F4FF70
:10BA90004FF03E0C394670688DF80CC0CDE900447B
:10BAA000012302228DF80D4007F0FCFB0A2003F071
:10BAB000E3FF70688DF80D40CDE900444FF0070CAE
:10BAC0003946012302228DF80CC007F0EBFB4FF042
:10BAD0003F0C394670688DF80CC0CDE90044012355
:10BAE00002228DF80D4007F0DDFB0A2003F0C4FFB1
:10BAF000394601230222706886F80C80CDE90044A3
:10BB00003D248DF80D808DF80C4007F0CBFB1E20F6
:10BB100003F0B2FF142003F0AFFF284605B0BDE8E4
:10BB2000F08300BFF0B5054685B000244FF03D0C12
:10BB300040682F7B0194012302222C730E4600944F
:10BB400003A98DF80CC08DF80D4007F0ABFB1E204B
:10BB500003F092FF192003F08FFF68688DF80D4005
:10BB60004FF0070CCDE9004403A9012302228DF810
:10BB70000CC007F097FB68682EBB3F24CDE9006638
:10BB80000123022203A98DF80D608DF80C4007F007
:10BB900089FB0A2003F070FF002303A902226868D2
:10BBA0002F733D24CDE9003301238DF80D708DF8FE
:10BBB0000C4007F077FB1E2003F05EFF142003F01B
:10BBC0005BFF05B0F0BD3F21CDE900448DF80C10BE
:10BBD00080240123022203A98DF80D4007F062FBA7
:10BBE000D7E700BF000000002DE9F0410D4690B0FE
:10BBF00080461646081D2022002114F050F9242307
:10BC00002B60D8F808306B6003F02AFF0024282E40
:10BC10002861CDE90444CDE90644CDE9084411D0BA
:10BC2000082E00F0AC802E2E00F0B6801A2E68D0C0
:10BC3000142E00F0B3800E2E00F01881012010B0F9
:10BC4000BDE8F0810A2310AFAB60D8F8040007F814
:10BC5000186D062200920194394602AB012202942B
:10BC6000ADF80C4007F04CFB9DF809109DF808005A
:10BC70009DF80B209DF80D309DF80A609DF80C4052
:10BC800040EA012000B246EA022644EA032413F007
:10BC900013FB9EA3D3E9002313F078FB36B2CDE962
:10BCA0000A01304613F008FB98A3D3E9002313F0F0
:10BCB0006DFB24B2CDE90C01204613F0FDFA93A3ED
:10BCC000D3E9002313F062FBCDE90E013C460FCC13
:10BCD00004AE0FC694E8030086E80300DDE9040122
:10BCE00013F024FE6861DDE9060113F01FFEA86170
:10BCF000DDE9080113F01AFEE861012010B0BDE88B
:10BD0000F08110AF032307F8186DAB600622D8F856
:10BD100004000194394602AB009201220294ADF86E
:10BD20000C4007F0EDFA9DF809109DF808009DF809
:10BD30000B209DF80D309DF80A609DF80C4040EAFC
:10BD4000012000B246EA022644EA032413F0B4FAC2
:10BD500000226D4B13F01AFB36B2CDE90A013046D2
:10BD600013F0AAFA0022684B13F010FB24B2CDE9BD
:10BD70000C01204613F0A0FA0022634BA2E710AF9B
:10BD8000012207F8186DAA600623D8F80400009372
:10BD90000194394602AB62E7092354E710AF04234C
:10BDA00007F8186DAB600622D8F8040001943946F4
:10BDB00002AB009201220294ADF80C4007F0A0FA09
:10BDC0009DF809109DF808009DF80B209DF80D3096
:10BDD0009DF80A609DF80C4040EA012000B246EA56
:10BDE000022644EA032413F067FA0022464B13F0BC
:10BDF000CDFA36B2CDE90A01304613F05DFA0022E1
:10BE0000414B13F0C3FA24B2CDE90C01204613F0E4
:10BE100053FA00223C4B13F0B9FACDE90E013C462F
:10BE20000FCC04AE0FC694E8030035A3D3E900237A
:10BE300086E80300DDE9040113F0A8FA13F076FDAB
:10BE40002FA3D3E900236861DDE9060113F09EFA10
:10BE500013F06CFD2AA3D3E90023A861DDE90801F2
:10BE600013F094FA13F062FDE861E7E610AF0223E5
:10BE700007F8186DAB600622D8F804000194394623
:10BE800002AB009201220294ADF80C4007F038FAA0
:10BE90009DF809109DF808009DF80B209DF80D30C5
:10BEA0009DF80A609DF80C4040EA012000B246EA85
:10BEB000022644EA032413F0FFF90022124B13F088
:10BEC00065FA36B2CDE90A01304613F0F5F90022E1
:10BED0000D4B13F05BFA24B2CDE90C01204613F0B0
:10BEE000EBF90022084B13F051FACDE90E013E4662
:10BEF0000FCE04AC0FC496E8030084E80300EDE61F
:10BF0000000000A046DF913F0000B03F7B14AE4729
:10BF1000E17A843F72DF704773DF704774DF7047E8
:10BF200077DF704770B5054608460C4601F0B0FE55
:10BF3000102808D0802812D1A36883B1EA7F0D2A87
:10BF40000FDD002070BDEB7FA2881B2BF9DCE91808
:10BF50000320E85448704A80EB7F0433EB770120DC
:10BF600070BDA9181120A85407224A7098681E684D
:10BF70005C68DB68C1F80E30C1F80A00C1F80260E5
:10BF8000C1F80640EB7F1233EB770120DAE700BF00
:10BF900008B50021C1771F2213F081FF08BD00BF43
:10BFA00030B5D1E9035485B04A69074B009369461F
:10BFB000CDE902420195FFF7B5FF0446684601F05E
:10BFC00031FE204605B030BDF85A0500F0B589B005
:10BFD000054620226946134802F0C4FAEB7FC218D6
:10BFE0001D2A0ADDC3F11D04E4B2E2181D2A4FF038
:10BFF000000615DD304609B0F0BD044601260927CC
:10C00000EA18601CE85469465770901C224613F0E9
:10C0100022FFEB7F02331C443046EC7709B0F0BDC1
:10C020000827EDE77081002010B50446094802F0AA
:10C03000FBFAE37F1C2B0ADCE2180221E1540A23FD
:10C0400090705370E37F0333E377012010BD00202D
:10C0500010BD00BF70810020C27F1C2A0DDC10B40F
:10C0600003469C18022098540120A1706070DA7F6A
:10C070000332DA775DF8044B70470020704700BF49
:10C0800038B500242146C4771F2213F008FF094960
:10C09000094A0346C3E90E44C3E90C1240F2FF15F6
:10C0A000012083F8220083F82340DC621C641D8495
:10C0B000184638BD2000F40020001E00C1867047DD
:10C0C000428601868186704780F82210704700BF43
:10C0D0002DE9F041044690F8210002EB82030E4660
:10C0E000811E86B003EB8303C9B215469B00002274
:10C0F0000929CDE902620092ADF80C300192CDE938
:10C1000004228DF8000009D8012303FA01F140F25E
:10C11000A32319421CBF04F12403019394F8233094
:10C12000002B36D11D4B1E4F9F60A7F28467E17F25
:10C1300097F8A306998098816A46194604F1200071
:10C140001C60FFF7E7FE18B1002006B0BDE8F081E3
:10C15000384694F8208002F067FA414602460120F2
:10C16000FFF7DEFE0028EFD1012194F82000FFF751
:10C17000D3FE0028E8D1384602F0C2FA638FA686C3
:10C18000AB4294BFDB1A5B1B0120638784F823005A
:10C19000DBE794F82000FFF7C1FEC3E75C810020D5
:10C1A000F48700202DE9F041044686B041870187DD
:10C1B000FA21324802F03CFA94F82100E58E278EED
:10C1C000029705EB8503811E03EB8303C9B20022AE
:10C1D0009B00092903920092ADF80C300192CDE941
:10C1E00004228DF8000009D8012303FA01F140F27E
:10C1F000A32319421CBF04F12403019394F82330B4
:10C20000002B36D11E4B1F4E9E60A6F28466E17F46
:10C2100096F8A306998098816A46194604F1200091
:10C220001C60FFF777FE18B1002006B0BDE8F08172
:10C23000304694F8208002F0F7F94146024601208A
:10C24000FFF76EFE0028EFD1012194F82000FFF7E0
:10C2500063FE0028E8D1304602F052FA638FA786C9
:10C260009D4294BF5B1BDB1A0120638784F8230087
:10C27000DBE794F82000FFF751FEC3E77081002050
:10C280005C810020F487002030B50B888D88112B4D
:10C2900085B004462CD0262B0FD0102B01D005B032
:10C2A00030BDCB7B012BFAD1C26A03FA05F51543E9
:10C2B0000023C56280F82330F1E70B7A012BEED121
:10C2C000002380F823304FF4FA71274802F0B0F9C8
:10C2D000238F002B30D0658F002D36D0236C0BB10F
:10C2E0009847658F618E2A462046FFF7F1FED6E714
:10C2F000C36AEB40DB07D2D51B4800F0BDFE002827
:10C30000CDD1E36A94F82310012202FA05F523EA5D
:10C310000503E3620029C2D194F82230002BBED07D
:10C32000238F6387FA21104802F082F9E28E218E72
:10C330002046FFF7CDFEB2E7236C03B198470022F9
:10C34000618E2046FFF7C4FEA9E7074802F0ECF92A
:10C35000E26B002AA3D004AB0095294643F8045DA4
:10C36000284606F073FC9AE770810020AADF704728
:10C37000ABDF7047ACDF7047ADDF7047AEDF7047B3
:10C38000B0DF704710B5044B044640F8043B01F0A1
:10C3900049FC204610BD00BFB45A050010B5054B3E
:10C3A000044640F8043B01F03DFC204605F0EEFE5B
:10C3B000204610BDB45A0500F0B5854B04461B68F5
:10C3C000836197B0043001F075FC94F82E30A069B9
:10C3D00013F0320208BF84F82F2013F00C0308BFBB
:10C3E00084F830300DF10102694601F011FC94F837
:10C3F0002F209DF80110100714D09DF8003002F096
:10C400000F0003F00F06B0424FEA13174FEA121560
:10C4100040F2898094F82F2060F3030265F307123D
:10C4200084F82F2094F830301A0711D003F00F024F
:10C4300001F00F05AA424FEA13104FEA11166AD90C
:10C4400094F8303062F3030360F3071384F830305C
:10C4500094F82E2012F030036ED10FAD0F93C5E982
:10C460000133C5E9033394F82F108DF83C201846AA
:10C47000AB6101234FF0000263F34202236A149080
:10C480000020ADF808008DF80A208DF8081013B1CF
:10C490001A78002A33D194F8263013B104F1260318
:10C4A000129394F83130E28AE169099113F0010F97
:10C4B0004FF000030CBF10461846CDF81E30294639
:10C4C000ADF81C00ADF82230184604F12F05ADF888
:10C4D000202004F1080604F1320305AA069505960A
:10C4E000FFF744FF054638B994F82520002A3DD1CE
:10C4F000257D002D65D00025284617B0F0BD1846D3
:10C50000109314F040FC02AB80B2ADF84400ADF8DB
:10C5100046001393BFE74B401B0701D1B0428FD8B1
:10C5200030462A468CE75A40130702D1BD423FF6F7
:10C5300071AF3D4630466DE70023012525490F9335
:10C54000184665F342000FAD0E7894F82F108DF861
:10C550003C208DF806008DF80460C5E90133C5E97B
:10C560000333AB618DF8051001A882E70122014673
:10C5700062F3420194F82F508DF80E10022303AE9F
:10C5800042F60811ADF80C008DF812200B968DF8CC
:10C590000C50ADF8101004F1240504AE0DEB0302AD
:10C5A0000AA9CDF832000E95ADF83600ADF830305E
:10C5B000ADF834300A96FFF7DBFE0546002897D029
:10C5C0009AE72146044800F019FD284617B0F0BD4F
:10C5D0006C810020A85A0500B08500202DE9F041AB
:10C5E0000B888E88502B8AB00C46054609D0512BFB
:10C5F00004D18B79012B42D0022B17D00AB0BDE8B1
:10C60000F081CB88428E9A4226D0EA8E9A42F5D1AA
:10C610006B6D002BF2D095F84420648A920700F1EC
:10C620009B802246294630469847E7E7A27B042AAA
:10C6300058D0062A32D0012AE0D1EB6C002BDDD095
:10C6400095F84420170704F1080400F1C080224641
:10C65000294630469847D1E7076D002FD5D090F88E
:10C660004430B1F810C001F11208D90700F19380ED
:10C670006346424629463046B847E388C5E7836C9F
:10C68000002BBBD090F84420520701F1080773D467
:10C690003A46294630469847A379ADE7EA6B002A27
:10C6A000ACD0002202A93046CDE90222CDE9042215
:10C6B0008DF80830FFF764FE2C6D64B195F84430B6
:10C6C000EF6BB5F842C0D80700F1918063463A4657
:10C6D00030462946A047E86B03F002FA0023C5E97B
:10C6E0000F338BE7E86B002868D0B5F84070218ADB
:10C6F000628A01EB020C00234FF0020EBC45CDE92B
:10C700000633CDE908338DF818E008DD40F209134F
:10C71000ADF81C3006A93046FFF732FE6EE79DF8F3
:10C720001E30ADF8201004F1140743F00103084453
:10C730003946ADF822208DF81E30099713F08BFB97
:10C74000638A228AB5F842101A4493B28B4238BFEA
:10C750000B46A5F84230DDE7032000211A46009081
:10C7600006AB0846CDE90665089406F06FFA002886
:10C770007FF444AF6B6D54E703211A46009106AB7A
:10C7800008213846CDE90665089706F05FFA0028CB
:10C7900082D1AB6C7CE7042300933A46614606AB3A
:10C7A0004046CDE90665CDE9088C06F04FFA002831
:10C7B0007FF463AF2F6DB4F810C059E74FF4806079
:10C7C00003F074F94FF48067C5E90F078FE7032181
:10C7D0001A46009106AB0E212046CDE90665089465
:10C7E00006F034FA00287FF409AFEB6C2FE704233E
:10C7F000009322463846614606ABCDE906650897A8
:10C80000CDF824C006F022FA00287FF464AF2C6D26
:10C81000EF6BB5F842C059E7F0B4D1E90154184ABA
:10C82000CF681178174E856001231A4663F34202E0
:10C83000154D80F83120C460002214240761C0E93E
:10C840000065C48280F82F1080F8301080F84420F2
:10C850000275826102628284C0F82620C0F82A2014
:10C8600080F82E20C261428682860287C286C0E995
:10C870000F22C0E91222C0E91422F0BC704700BFA9
:10C88000A85A0500B45A0500F85A050080F82E1081
:10C89000704700BFC182704780F82F1080F83020A9
:10C8A000704700BF51F8322F02604A6842607047FB
:10C8B0002DE9F04F90F82E30DC0689B005D44FF00A
:10C8C000000B584609B0BDE8F08F044643481546B2
:10C8D0000E4601F0F1FEE38A94F82E209D4228BF17
:10C8E0001D46D206804608D501463C4801F0D8FED8
:10C8F000834608B1E18EA9B9E38A04AF9D4228BFFF
:10C900001D463A460023618EADF810504FF6FF7079
:10C910009B460596ADF81230FFF72CFD584609B03E
:10C92000BDE8F08F002004AF3A464FF0020CADF89E
:10C9300012000DF10E034046ADF810C00593FFF74D
:10C940001BFD43F20142904246D008B9BDF80E00EB
:10C9500000F0010000283FD04146204801F0B8FE19
:10C9600082460028ABD000F0ABF8033883B2002D2C
:10C97000A7D0CDF804B04FF000099B4605E0BDF804
:10C980000E30ED1AADB21E441DB3504600F0ACF8A7
:10C99000AB455B46394628BF2B4600288FD0ADF803
:10C9A0000E304FF00103628ECDF8129040468DF8A4
:10C9B00012300DF10E03ADF81690CDE90636ADF844
:10C9C0001020FFF7DBFC0028D9D0504600F096F885
:10C9D00075E7DDF804B074E7E38A8FE77081002023
:10C9E0008FDF704790DF7047B1DF7047B5DF70476A
:10C9F00010B5074B03600446806A03F049FFE06A04
:10CA000003F046FF206B08B103F042FF204610BD43
:10CA1000CC5A050010B5094B03600446806A03F048
:10CA200037FFE06A03F034FF206B08B103F030FFFA
:10CA3000204605F0ABFB204610BD00BFCC5A0500D8
:10CA400070B504468180174E2660012117251B20F2
:10CA5000E580E0812175217451892181918961816D
:10CA6000D189A18192E803000D0CA061A183A57773
:10CA7000D2796274194618469DF8105003F0D8F820
:10CA80002946A062284603F0D3F8002311214FF66F
:10CA9000FF72E062E175628263752363A3752046CD
:10CAA00070BD00BFCC5A0500007D7047407D7047C7
:10CAB000C07D113818BF0120704700BF407C70470F
:10CAC000C08870470089704710B44B7D4BB918314E
:10CAD0000C688A888B790460828083715DF8044BCE
:10CAE00070471F31F4E700BF08B56621806A03F084
:10CAF00019FD003018BF012008BD00BF08B5002394
:10CB00001A461946806A03F0C5F8003018BF0120A4
:10CB100008BD00BF00F11F028188407C01F0E6BE25
:10CB200038B50A4605460C468188407C01F0CCFEAB
:10CB3000214651F8483FC5F81F308B79888885F821
:10CB400025300123A5F823006B75184638BD00BFBA
:10CB500038B50A4605460C4600F11801407C01F044
:10CB6000F7FE687550B1214651F8482FC5F81F20CF
:10CB70008A88897985F82510A5F8232038BD00BF5B
:10CB800010B5447D24B100F11F01407C01F0C0FECE
:10CB9000204610BD70B50B88113B82B00C4605468F
:10CBA000462B2BD8DFE803F03C3F2A2A2A2A2A2AE0
:10CBB0002A462A2A2A2A2A2A545C62682A2A2A2AE7
:10CBC0002A2A2A2A2A2A2A2A2A2A2A2A2A2A2A2AC5
:10CBD0002A6B2A6E2A2A2A2A2A2A2A2A2A2A2A2A30
:10CBE0002A2A2A2A2A2A2A2A2A247E2A89972C00B3
:10CBF0000023A8881A461946FFF7F6FE02B070BD5A
:10CC00008B79002BFAD0002600231A461946A86A11
:10CC100003F040F80136A379F6B2B342F4D8EDE759
:10CC200000230375EAE74B8903818B894381CB8914
:10CC30008381E3E70B7AC375112BDFD000F11F026C
:10CC40008188407C01F03CFF03460028D6D1D0E724
:10CC500002A9002321F8043D8088FFF7C1FECDE73B
:10CC60000B7A002BCAD14B7A0374C7E70022114616
:10CC70008088FFF7B7FEC1E70B89C381BEE74B8908
:10CC8000C380BBE78B7A002BB8D0002600231A465E
:10CC90001946E86A02F0FEFF0136A37AF6B2B34203
:10CCA000F4D8ABE7006B0123AB750028A6D00023B6
:10CCB0001A46194602F0EEFFA0E7417C0C4801F04D
:10CCC000FFFCE188814228BF014689B2E980A8883B
:10CCD000FFF78CFE92E78B79002B8FD1006BAB7541
:10CCE00000288BD01A46194602F0D4FF86E700BF11
:10CCF00070810020F0B589B085880E4604A84FF4F5
:10CD0000285117464FF6FF7400F094FF0120CDE93B
:10CD100001043346294604AA0097054800F020F88C
:10CD2000044604A800F07EFF204609B0F0BD00BF15
:10CD3000B0850020A0DF704738B50446F82500F51F
:10CD4000F87001F021FD2A462046002113F0A7F8D3
:10CD50002A466019002113F0A2F8204638BD00BF12
:10CD60002DE9F04782B00546BDF82C60BDF8304093
:10CD70001C48ADF8046090469946ADF806400F4651
:10CD8000BDF828A001F0A4FC05F5F875064604E0FE
:10CD90003046FFF797FE02F06FFE284601F04EFD89
:10CDA00004460028F4D10121284601F0F7FC524640
:10CDB0004946284601F00CFD08F10401384601AA55
:10CDC000FFF7B8FF38B94FF4FA71284601F006FDB5
:10CDD00020EAE074A4B2284601F0EAFC204602B042
:10CDE000BDE8F087708100202DE9F04F8F880E8814
:10CDF00085B08846054639467F4801F069FCA6F1B2
:10CE00001003012B814640F28B8095F854203AB3F1
:10CE1000002404F11603502E55F823A059D0512EAA
:10CE20001AD198F80630B8F808B0022B43D0BBF1FD
:10CE3000000F11D051466846FFF734FDBDF80030B1
:10CE40005B4549D0514602A8FFF72CFDBDF80C30D8
:10CE50005B4541D095F854200134E4B29442D8D3D4
:10CE600095F84C31002B00F0C38005F5A67900241D
:10CE700004E095F84C310134A34246DD59F8040F23
:10CE800002F052F8B842F4D1382E03D0392E01D036
:10CE9000362EEED1B8F80AA0BAF1000FE9D0D9F8D1
:10CEA00000B0584602F044F85045E2D15846414699
:10CEB00002F040F8DDE798F80E30062BB7D1DAF82B
:10CEC00000305046DB68414698474846FFF7F0FD82
:10CED000C0E7B8F806B0AAE7DAF800305046414695
:10CEE000DB6898474846FFF7E3FD0028B2D0502E94
:10CEF000B0D1514602A8FFF7D5FCBDF80C305B4518
:10CF0000A8D14846FFF706FEA4E7112E2AD0352EF9
:10CF100003D1B8F80A30002B5BD105B0BDE8F08F23
:10CF20002B78002B3FF471AF112E4FF000040CD082
:10CF300005EB84033946586803685B6898470134F9
:10CF40002B78E4B2A342F3D85FE705EB84033946BC
:10CF5000586803681B68984701342B78E4B2A342F1
:10CF6000F3D852E7002473B105EB8406D6F85001DC
:10CF700001F0DAFFB84204F101031FD095F84C210B
:10CF8000DCB2A242F0D895F8F8100029C5D00024F0
:10CF900005EB8403621CD3F8FC008388BB4203D0FA
:10CFA000D4B28C42F4D3B8E703681B6898470134C5
:10CFB00095F8F810E4B28C42EAD3AEE7D6F8500107
:10CFC00001F0AEFF013495F84C31E4B2A342CBD866
:10CFD000D9E705F5F8752846B8F80C2008F11001D6
:10CFE00001F02EFC284605B0BDE8F04F01F040BC32
:10CFF000112E8CD1C7E700BF7081002090F854300B
:10D00000272B0CD810B4024603F11604013380F824
:10D010005430012042F824105DF8044B7047002082
:10D02000704700BF0378132B06D800EB830201334F
:10D0300003700120516070470020704778DF70470F
:10D040007ADF7047054A034692E80300002283E82E
:10D050000300C3E902221846704700BFD45A0500F6
:10D0600008B5FFF7EDFF08B1002008BDFFF7E6FFA8
:10D07000B0FA80F0400908BDF8B500240B4F2546F2
:10D08000A1B2384601F024FB0134064648B1FFF74F
:10D090000BFD30B13046FFF711FD012804BF01350B
:10D0A000EDB2142CECD12846F8BD00BF70810020F1
:10D0B00081607047C1607047704700BF46DF7047AE
:10D0C0007FDF704780DF704781DF704785DF704703
:10D0D00086DF704738B51C460D4603461146284684
:10D0E0002246984734B1014600222846BDE8384020
:10D0F000FFF7E8BF38BD00BF10B50C4682B003464D
:10D100006946204698476A4620460121FFF7DAFF24
:10D1100002B010BD38B5044608300CF027FD0322DC
:10D120004FF0050362F30613072510202370002338
:10D13000A07022716570E270C4F81034C4F8143421
:10D14000C4F81834C4F81C34204638BD30B5044641
:10D15000ADF55F7D00F108058F480CF09BFC0821C0
:10D1600028460CF007FD68460CF00EFD68460821C5
:10D170000CF00EFD694628460CF0ACFC04F54F712E
:10D18000412268460CF012FD68460CF00BFD94F845
:10D190005C0394F85B2394F83D1394F83E3384F8D1
:10D1A0003D0384F83E2394F85A0394F8592394F8E5
:10D1B0003F5384F85C1384F85B3394F8401394F87D
:10D1C000413384F83F0384F8402394F8580394F8DB
:10D1D000572384F85A5384F8591394F8425394F817
:10D1E000431384F8410384F8583394F8560394F8B1
:10D1F000443384F8422394F8552384F8575384F831
:10D20000430384F8442384F8553384F8561394F880
:10D21000451394F8540394F8532394F8463384F850
:10D22000450384F8462394F8520394F8512394F864
:10D23000475384F8541384F8533394F8481394F8FC
:10D24000493384F8470384F8482394F8500394F84A
:10D250004F2384F8525384F8511394F84A5394F8A6
:10D260004B1384F8490384F8503394F84E0394F830
:10D270004C3384F84A2394F84D2384F84F5384F8B0
:10D280004B0384F84C2384F84D3384F84E1394F800
:10D290005D1394F87C0394F87B2394F85E3384F850
:10D2A0005D0384F85E2394F87A0394F8792394F864
:10D2B0005F5384F87C1384F87B3394F8601394F8FC
:10D2C000613384F85F0384F8602394F8780394F85A
:10D2D000772384F87A5384F8791394F8625394F896
:10D2E000631384F8610384F8783394F8760394F830
:10D2F000643384F8622394F8752384F8775384F8B0
:10D30000630384F8642384F8753384F8761394F8FF
:10D31000651394F8740394F8732394F8663384F8CF
:10D32000650384F8662394F8720394F8712394F8E3
:10D33000675384F8741384F8733394F8681394F87B
:10D34000693384F8670384F8682394F8700394F8C9
:10D350006F2384F8725384F8711394F86A5394F825
:10D360006B1384F8690384F8703394F86E0394F8AF
:10D370006C3384F86A2394F86D2384F86B030120DE
:10D3800084F86F5384F86E1384F86C2384F86D333B
:10D390000DF55F7D30BD00BF28A400200B7803F0A1
:10D3A000FE03042B01D000207047F0B514468DB069
:10D3B0000D461E2200210DF1120012F070FD2068B2
:10D3C0006168A268E3686C460FC49DF800109DF880
:10D3D0000F209DF801609DF80E409DF802008DF829
:10D3E0000F102B469DF80D108DF800209DF803209E
:10D3F0008DF80E608DF801409DF80C609DF804409A
:10D400008DF80D008DF802109DF80B009DF80510A9
:10D410008DF80C209DF80A208DF803608DF80B40E4
:10D420008DF804008DF80A108DF805209DF806206F
:10D4300033F8041FADF810109F789DF807109DF881
:10D4400009C09DF810609DF811408DF80920002357
:10D450009DF808208DF81D7068461F468DF808104D
:10D460008DF807208DF810308DF811308DF81230BE
:10D470008DF81C308DF813308DF81B308DF814307A
:10D480008DF81A308DF815308DF819308DF816306A
:10D490008DF818308DF817308DF806C08DF81F60A4
:10D4A0008DF81E40FFF70AFE9DF82F306A789DF830
:10D4B0002E009DF82D108DF821009A428DF8221033
:10D4C00004D0012080F001000DB0F0BDAA78C3B2F5
:10D4D0009A4205F10201F4D14A789DF822309A422D
:10D4E000EFD13846EEE700BF08B5137CDB0758BF25
:10D4F0001C32084602F11201FFF7E8FDB0FA80F095
:10D50000400908BDF0B58E880D46ADF56B7D04462B
:10D5100031461D4801F0DCF82B88133B0746072BEA
:10D520002FD8DFE813F0E20203030F032E002503D8
:10D5300033000800D4022B7AB3B96B7B9B070ED45F
:10D5400002A83946FFF7C0FA0298BDF80C109DF802
:10D550000E2084F80C24C4F80604A4F80A143846F3
:10D5600004F2BE31FFF7DCFAD4F818244AB1287A65
:10D570000D9002230021009308460CAB0C9605F099
:10D5800065FB0DF56B7DF0BD7081002094F87E3356
:10D5900094F89D2394F87FC394F89C7394F8805377
:10D5A00094F89B0384F89D33042194F89A3384F80B
:10D5B0007D1384F87E2394F8811394F8822384F8F1
:10D5C0009CC384F87F7394F899C394F8837384F8A8
:10D5D0009B5384F8800394F8985394F8840384F858
:10D5E0009A1384F8813394F8971394F8853384F868
:10D5F000992394F8962384F882C384F8987384F866
:10D60000835384F8970384F8841384F8852384F87B
:10D61000963394F8862394F8953394F887C394F856
:10D62000947394F8885394F8930394F8891384F8C6
:10D63000952384F8863394F8922394F88A3384F8F7
:10D6400094C384F8877394F891C394F88B7384F827
:10D65000935384F8880394F8905394F88C0384F8D7
:10D66000921384F8892394F88F1394F88D2384F807
:10D67000913394F88E3384F88AC384F8907384F8D5
:10D680008B5384F88F0384F88C1384F88D3384F8DB
:10D690008E2394F89E2394F8BD3394F89FC394F896
:10D6A000BC7394F8A05394F8BB0394F8A11384F8C6
:10D6B000BD2384F89E3394F8BA2394F8A23384F8F7
:10D6C000BCC384F89F7394F8B9C394F8A37384F827
:10D6D000BB5384F8A00394F8B85394F8A40384F8D7
:10D6E000BA1384F8A12394F8B71394F8A52384F807
:10D6F000B93394F8B63384F8A2C384F8B87384F8C5
:10D70000A35384F8A41384F8B62384F8A53384F8CB
:10D71000B70394F8A60394F8B51394F8A72394F8E4
:10D72000B43394F8A87394F8B35384F8B50384F829
:10D73000A61394F8A90394F8B21384F8B42384F8D8
:10D74000A73394F8AA2394F8B13384F8B37384F818
:10D75000A85394F8AB7394F8B05384F8B20384F8E8
:10D76000A91394F8AC0394F8AF1384F8B12384F8A8
:10D77000AA3394F8AD2394F8AE3384F8AD3384F82B
:10D78000AE2384F8B07384F8AB5384F8AF0384F805
:10D79000AC130CA80CF0F8F90CA808210CF0F8F95F
:10D7A00004F27D310CA841220CF014FA0CA904AA51
:10D7B000202304F108000CF0BBF90CA80CF0F2F9DE
:10D7C0009DF810109DF82F009DF811309DF82E2027
:10D7D0009DF812709DF82D508DF810008DF82F10C7
:10D7E0009DF813009DF82C108DF811208DF82E3027
:10D7F0009DF814209DF82B308DF812508DF82D7067
:10D800009DF815509DF82A708DF813108DF82C0096
:10D810009DF816109DF829008DF814308DF82B20F6
:10D820009DF817309DF828208DF815708DF82A5036
:10D830008DF816008DF817208DF828308DF82910F6
:10D840009DF818109DF827009DF819309DF82620A6
:10D850009DF81A709DF825508DF818008DF8271046
:10D860009DF81B009DF824108DF819208DF82630A6
:10D870009DF81C209DF823308DF81A508DF82570E6
:10D880009DF81D509DF822708DF81B108DF8240016
:10D890009DF81E109DF821008DF81C308DF8232076
:10D8A0009DF81F309DF820208DF81D708DF82250B6
:10D8B0008DF821108DF81F208DF820308DF81E0076
:10D8C00094F87E0394F89D1394F87F2394F89C3386
:10D8D00094F8807394F89B5384F89D0384F87E1326
:10D8E00094F8810394F89A1384F89C2384F87F3386
:10D8F00094F8822394F8993384F89B7384F88053C6
:10D9000094F8837394F8985384F89A0384F88113F5
:10D9100094F8840394F8971384F8992384F8823355
:10D9200094F8852394F8963384F8987384F8835395
:10D9300084F8841384F8962384F8853384F8970355
:10D9400094F8860394F8951394F8872394F8943305
:10D9500094F8887394F8935384F8950384F88613A5
:10D9600094F8890394F8921384F8942384F8873305
:10D9700094F88A2394F8913384F8937384F8885345
:10D9800094F88B7394F8905384F8920384F8891375
:10D9900094F88C0394F88F1384F8912384F88A33D5
:10D9A00094F88D2394F88E3384F8907384F88B5315
:10D9B00084F88C1384F88E2384F88D3384F88F03D5
:10D9C00094F89E0394F8BD1394F89F2394F8BC3305
:10D9D00094F8A07394F8BB5384F8BD0384F89E13A5
:10D9E00094F8A10394F8BA1384F8BC2384F89F3305
:10D9F00094F8A22394F8B93384F8BB7384F8A05345
:10DA000094F8A37394F8B85384F8BA0384F8A11374
:10DA100094F8A40394F8B71384F8B92384F8A233D4
:10DA200094F8A52394F8B63384F8B87384F8B70350
:10DA300084F8A41384F8B62384F8A53384F8A35398
:10DA400094F8A65394F8A72394F8B43394F8B50344
:10DA500094F8A81394F8B37384F8B55384F8B423F6
:10DA600094F8A95394F8AA2384F8A73394F8B1330F
:10DA700094F8B0C384F8A60384F8B31394F8B203FF
:10DA800094F8AB1384F8A87384F8B25394F8AC7389
:10DA900094F8AF5384F8B12384F8AA3394F8AD23F3
:10DAA00094F8AE3384F8A90384F8B013304604A97F
:10DAB00084F8ABC384F8AF7384F8AC5384F8AE2316
:10DAC00084F8AD33FFF700FB0DF56B7DF0BDD4F8A6
:10DAD0001C24002A3FF455AD012300210093084681
:10DAE0000CAB0C9605F0B2F84BE504F2BE3304F231
:10DAF000DA320C9304F2F63300251092119304F2FB
:10DB00003D3204F27E330F921393CDE90D551295F9
:10DB1000FEF7D4FF01280CBF22462A460CAB29464B
:10DB20003046FFF7CDFA0DF56B7DF0BD0CA9FFF780
:10DB30000FF8034660B30CA9304600231AAAFFF77A
:10DB4000C7FA1EE5D4F8101400293FF41AADAB7BD8
:10DB50000C9103F0010308350F93042300930F4A3F
:10DB60000D960CAB284606210E9505F06FF808E5DA
:10DB7000D4F81424002A3FF404AD022300210093BA
:10DB80000C920CAB0846064A0D9605F05FF8F8E4D7
:10DB900030461A461946FFF79BFAF2E4D5D0030047
:10DBA000F9D00300A8DF7047704700BF30B50446C6
:10DBB00083B0083000F07EF804F10C010DF106028C
:10DBC0000120FFF7EFFF054628B9044B04481C600D
:10DBD0002146FFF727FA284603B030BD6C810020AC
:10DBE000B085002070B44C68C460D1E90254064A84
:10DBF000064E8260002111220660C0E90454818033
:10DC00008271C27170BC7047F85A0500E45A050071
:10DC100083790B70C3791370704700BF62DF704760
:10DC200063DF7047704700BF10B5044604F0AEFADA
:10DC3000204610BD10B4054C8180002201210460F3
:10DC40008171C0E902225DF8044B7047F85A050063
:10DC500038B50E4B0360044608460D4613F093F8A2
:10DC6000042806D00023A371E560A380A3602046AA
:10DC700038BD28461022002113F042F9012200236A
:10DC8000A271A080C4E90233204638BDF85A0500CD
:10DC90008379012B0BD082680AB180207047C2685B
:10DCA000002AFAD1012B8CBF802000207047102061
:10DCB000704700BF2DE9F043857983B0002D41D135
:10DCC000C7680646002F41D0102001F0EFFE8046C5
:10DCD000384613F058F8441E00B3A94604E0013456
:10DCE000023C1BD4102D19D03B5D2D2B07EB040CEF
:10DCF0004FF010024FF0000101A8F0D08DF806900F
:10DD00001CF801CC8DF804C08DF8053013F0F8F83C
:10DD10006B1C023C08F80500DDB2E3D5C6F80880AC
:10DD2000B8F1000F0ED0B11D4046FFF777FF321D4E
:10DD3000B1681020FFF774FFB0FA80F0400903B01B
:10DD4000BDE8F083012003B0BDE8F083D0F808807F
:10DD5000E6E700BF4DDF70474EDF70474FDF70478B
:10DD600050DF70474BDF704710DF70477CDF704734
:10DD70007DDF704760DF704769DF704761DF7047A4
:10DD800066DF704767DF7047704700BF042005F00B
:10DD9000CBB900BF30B52C4C2C4D83B04FF0FF31C8
:10DDA000D4F8300702F0BEFB0028F7D06DB301A80D
:10DDB000FFF7D8FF05280346F0D00028F7D1019AD5
:10DDC000911E10460929F2D80FF2040C5CF821F0DC
:10DDD0003BDE03003BDE0300AFDD0300AFDD0300ED
:10DDE000AFDD0300AFDD0300AFDD030025DE030080
:10DDF00025DE030025DE03000A2B04D0092B21D0E9
:10DE00000B2B02D10120EEF71DFB01A8FFF7AAFFA3
:10DE10000528C3D00028F8D1019BA3F10902022AEA
:10DE2000F3D8E9E70A2A04D0092A09D00B2ABED17F
:10DE300001231846EEF706FBB9E70BF00BFDB6E73A
:10DE40000223F6E70220DEE77081002055980400E7
:10DE50002DE9F04F4FF4FA7089B001F027FEB14C74
:10DE600000F108030646039304F5F16704F5C86A58
:10DE70004FF0FF31D4F82C0702F054FB0028F7D004
:10DE80004FF4FA730DF116013046ADF81630FFF776
:10DE900075FF10B10528EBD0F2E7B6F80490B9F1A0
:10DEA000130F00F2228104EB8903D3F83C573DB1F4
:10DEB00031462846FEF76EFE31469B48FFF722FBAF
:10DEC0003388013B1B2B5AD8DFE813F0A20059001E
:10DED000590059005900590059005900590059007A
:10DEE00059005900590059005900A7001C00590059
:10DEF000590059005900590059005900590059005A
:10DF00005900FC00DFF834824FF0000B58F8043F52
:10DF1000184633B1FEF7C8FD18B10BF1010B5FFADB
:10DF20008BFB4745F2D1BBF1000F06D194F838378F
:10DF30001BB15946042005F0B9F82846FEF7BEFD8E
:10DF4000012800F00A81E26962B1022300210093F6
:10DF500096F808C0CDF81890084606ABCDF81CC05E
:10DF600004F074FE09F5E77804EB8803586810B1F3
:10DF700003685B68984704EB880300225A603146C7
:10DF80005046FEF781F93146684801F089F9B4F846
:10DF90003A374B45338800F0AA80102B1ED02DB3A2
:10DFA0002846FEF78BFD012803D131465D48FFF777
:10DFB00083F82846FEF782FD02281BD05C4801F05A
:10DFC000AFF800BB31465B48FEF70EFFD4F8903740
:10DFD000002B3FF455AF3046984751E7F37B012BB8
:10DFE000DDD1B388A4F83A37002DD9D131464D4858
:10DFF000FFF762F85048314600F04EFF4C4801F000
:10E000008FF80028DED03146494801F08BF8D9E777
:10E0100000214846FFF7B4FEB1E74FF00008D4F8FE
:10E020003407CDF80080434642460321434D03F0B8
:10E0300007FE55F8043F184633B1FEF735FD18B119
:10E0400008F101085FFA88F8BD42F2D194F8383738
:10E05000002B57D109F5E77804EB8805686820B1F3
:10E0600003685B68984700236B60F37B012B0BBF51
:10E0700094F81B3794F8213794F81AB794F820B71E
:10E080000293342004F07EF8029B0093039A5B46CF
:10E0900049460546FEF7D4FC04EB880328465D603C
:10E0A000FEF70CFD01284BD0A269002A3FF467AFB0
:10E0B000012300210093084606ABCDF8189004F028
:10E0C000C5FD5CE7D4F88C27002A3FF458AF022343
:10E0D0000021009396F908C0CDF81890084606ABC9
:10E0E000CDF81CC004F0B2FD49E70546E8E6102B68
:10E0F0003FF474AF112B7FF452AF4FF6FF73A4F8C7
:10E100003A374CE718F1000118BF0121042004F050
:10E11000CDFF94F83837002B9CD00121042004F067
:10E12000C5FF97E7708100209081002014880020AF
:10E1300068880020B085002080810020A888002009
:10E14000A268002A3FF41BAF0021009006AB0846EE
:10E15000CDF8189004F07AFD11E7E268002A7FF408
:10E16000F4AEFFE638B50446FEF76CFF04F110008C
:10E1700000F062FE04F12000FEF7CCFF04F5886099
:10E18000FEF7DAFD04F5C860FDF77AFF04F284605B
:10E19000FDF7FEFE04F2A46001F000F804F5DF6074
:10E1A00000F0A4FF4FF480530025C4F81037164840
:10E1B0001649174AC4F8140740F20113C4F8181797
:10E1C000C4F81C27A4F82037A4F82257A4F8245731
:10E1D000294604F23C70502211F061FE01224FF6F4
:10E1E000FF73C4F82C57C4F83057C4F8345784F878
:10E1F0002657C4F89057C4F88C5784F83827A4F8E9
:10E200003A37204638BD00BF010A1700030001015C
:10E2100017000300F0B580F824178DB080F825278B
:10E22000BB4E044604F036F804F03CF803F0F4FF6B
:10E230000CA8336940F8243DB649FFF795FD18B1A5
:10E24000002528460DB0F0BD0120FFF785FD012017
:10E25000FFF780FD0120FFF781FD09A8FFF780FD92
:10E26000099B9B0706D5AC4BD3F8043513B90220A4
:10E27000EEF7E8F80023A94A94F81557049209A983
:10E280000120CDE909330B938DF82450FFF774FD7D
:10E290000028D5D194F825370B90CDE90900181C3A
:10E2A00018BF012094F824578DF82700049A8DF8A0
:10E2B000263009A940208DF82550FFF75DFD002884
:10E2C000BED194F814170990034661F30003CDE919
:10E2D0000A00049A8DF8243009A9A020FFF74CFD0C
:10E2E0000028ADD1D4F810370A900B90049A099306
:10E2F00009A9A120FFF740FD0028A1D194F82437F7
:10E30000002B40F0B68094F82537002B48D000232E
:10E310000225B4F81C77049A099309A92320CDE9B2
:10E320000A338DF82450ADF82670FFF725FD00283C
:10E3300086D1CDE9090094F82577B4F81E370B9003
:10E34000049A8DF8245009A920208DF82670ADF884
:10E350002830FFF711FD00287FF472AF099094F880
:10E360002037049A8DF82450CDE90A0009A922200B
:10E370008DF82630FFF700FD00287FF461AFCDE96E
:10E3800009000B9094F82137049A8DF8245009A9BC
:10E3900021208DF82630FFF7EFFC00287FF450AFE6
:10E3A00004A8FFF7E7FC00287FF44AAFC3B2CDE929
:10E3B000070043F0010307A902208DF81C30FFF786
:10E3C000E1FC00287FF43CAF2046FEF749FE0546FD
:10E3D00000283FF435AF04F12000FEF7B7FE0CA88B
:10E3E000337D00F8283D18224D49FFF7BFFC002877
:10E3F0007FF426AF94F82537002B40F08480032269
:10E400000021012001F0D2FBC4F82C0700283FF4C2
:10E4100017AF05AB0326CDE900634FF4A0620023DC
:10E420004049414802F0CCFB32460021012001F076
:10E43000BDFBC4F8300700283FF402AF06ABCDE9BE
:10E440000063C82200233949394802F0B9FB394B2F
:10E450004FF480021A60384B0093002318460122C3
:10E460004FF4807103F094FBC4F8340700F00CFA09
:10E47000E7E609900123B4F81657049A8DF8243082
:10E48000CDE90A0009A92320ADF82650FFF774FC56
:10E4900000287FF4D5AECDE9090094F82477B4F8CC
:10E4A00018570B90049A8DF8243009A920208DF874
:10E4B0002670ADF82850FFF75FFC00287FF4C0AE4F
:10E4C000099094F81A57049A8DF82430CDE90A007F
:10E4D00009A922208DF82650FFF74EFC00287FF472
:10E4E000AFAECDE9090094F81B570B90049A8DF854
:10E4F000243009A921208DF82650FFF73DFC002883
:10E500003FF401AF9CE604F1100000F0A3FC76E7B5
:10E51000005B050089DD0300007002400060002000
:10E52000542D0500285B050051DE03002C5B05001F
:10E5300095DD030000E100E08DDD030030B5084B00
:10E5400083B002AC1B7D04F8043D08460D4612F072
:10E550001AFC294682B22046FFF708FC03B030BD02
:10E56000005B050000B583B002AB084623F8022D1E
:10E570001946FFF7FDFB20B99DF8060003B05DF8D2
:10E5800004FB002003B05DF804FB00BF70B4254B12
:10E590000C4606460FCB85B06D4607C59DF9002099
:10E5A0002B80A24237D09DF90130A34233D09DF990
:10E5B0000230A3422FD09DF90330A3422BD09DF906
:10E5C0000430A34227D09DF90530A34223D09DF902
:10E5D0000630A3421FD09DF90730A3421BD09DF9FE
:10E5E0000830A34217D09DF90930A34213D09DF9FA
:10E5F0000A30A3420FD09DF90B30A3420BD09DF9F6
:10E600000C30A34207D09DF90D30A34203D0002067
:10E6100005B070BC7047012086F8264705B070BC75
:10E62000704700BF185B050090F92607704700BFD0
:10E6300070B5044682B0D0F834070D4603F02CFBC9
:10E640004FF47A7206460023A90DA80211F0BEF914
:10E65000D4F834170023024600930846042103F03F
:10E66000EFFA3EB9D4F83407009633463246032118
:10E6700003F0E6FA02B070BD70B500F5E76400F58E
:10E68000F166002554F8043F184623B1FEF70CFA52
:10E6900008B10135EDB2A642F4D1284670BD00BFE5
:10E6A000132906D800EB8100D0F83C0708B1FEF72B
:10E6B000FBB90020704700BFB0F83A07704700BFB1
:10E6C00001290CBFB0F81607B0F81C07704700BF4F
:10E6D00013299ABF00EB8100D0F83C070020704757
:10E6E00010B5064C0021D4F8300701F05DFDD4F8D8
:10E6F0002C070021BDE8104001F056BD70810020BC
:10E7000090F8383703B9704710B582B0D0F8344765
:10E7100002F036FC0023024600932046012103F05C
:10E720008FFA02B010BD00BFF0B583B000250746D8
:10E730002B46D0F8340700952A46032103F080FACF
:10E7400007F5E76407F5F16654F8041F084621B1A0
:10E75000FEF7AAF908B10135EDB2B442F4D197F849
:10E7600038370BB903B0F0BD291C18BF01210420B4
:10E7700003B0BDE8F04004F099BC00BF0148FFF7CA
:10E78000F1BC00BF708100200022012142700170A5
:10E79000C0E90122C2818281704700BF017001B1CE
:10E7A000704710B504460A2001F042FA606010BDBF
:10E7B000037810B5044613B9406802F069F80023E5
:10E7C00001226370C4E90133E381A381227010BD8B
:10E7D000002381608281C381704700BF037870B5D8
:10E7E00004460E46D3B94568012363704FF47A722C
:10E7F0000023B002B10D11F0E9F80146284601F0FE
:10E8000091FEB8B94FF0FF352378002666701BB132
:10E81000606802F03DF86660284670BD0322002162
:10E82000012001F0C3F9054660600028DCD14FF0FB
:10E83000FF35F1E7E589ADB2E6E700BF4078704704
:10E8400070B58689964204463546806828BF1546CD
:10E8500021B12A4611F0FFFAA068A689E3892B446A
:10E860002844761B9BB2A060A681E381284670BD38
:10E87000406820B100231A46194601F00BBA7047D0
:10E88000B1DF7047B2DF704708B50C480AF0F6FEFA
:10E890000B490A4805F0DCF958B10A49074805F068
:10E8A000D7F900B108BD07490448BDE8084005F0A4
:10E8B000EBB90349014805F0E7F9EEE78093002042
:10E8C000CC5B0500E05B050000B587B00323049135
:10E8D0000021039005920093084603AB024A04F01E
:10E8E000B5F907B05DF804FBA5EB030010B586B0E1
:10E8F0000323CDE9030114460093104603AB034AFA
:10E900000594072104F0A2F906B010BDC9EC03007C
:10E9100070B590B08D798B784A7803954D790295D2
:10E920000E79CD78074C08490196012808BF214689
:10E93000009504A812F084F904A9044805F0FEF932
:10E9400010B070BD6C5B05009C5B050080930020DF
:10E950002DE9F043D1B00B785B08012B04AF0D46D5
:10E960000446904668D9022B5FD14F4A4F49504B1D
:10E97000DFF84891012818BF11460022381D05F024
:10E98000FBFA07F168004A4905F0E2FA07F1CC0604
:10E9900003E007F1680005F097FD0022391D3046BD
:10E9A00005F0C4FDD7E93410D7E93632F966386787
:10E9B00097F8E010D7F8E4007B67BA67D7F8E8303B
:10E9C00087F87C10412207F1EC01C7F8800007F1BD
:10E9D0008800C7F8843011F03EFA07F1680005F0AE
:10E9E0009FFD0446C0B107F1680005F051FA5028B8
:10E9F000CFD10246414607F1680005F0EFFC08F16F
:10EA0000380229464846FEF7C9FC04460028C0D013
:10EA100007F1680005F058FD381D05F055FD20464A
:10EA200007F59A77BD46BDE8F0830024204607F538
:10EA30009A77BD46BDE8F083E9468CB08979AB781A
:10EA40006A7803916979029129790191194E1A49DD
:10EA5000E878009004AD012C08BF3146284607F144
:10EA6000CC0612F0EDF81249304605F071FA29464D
:10EA70003046002205F04AFB044650B900243046D7
:10EA800005F022FD2046CD4607F59A77BD46BDE844
:10EA9000F083304605F0FCF9021EEFDD92B24146EC
:10EAA000304605F09BFCEAE7E05B0500CC5B050027
:10EAB000809300206C5B05009C5B0500908100202A
:10EAC0002DE9F041AAB00E469179937855780391DB
:10EAD00051790291117901912F4C3049D2780092ED
:10EAE00004AF012808BF21462A46381D12F0A8F8B5
:10EAF000391D07F134002A4B002205F03DFA07F1D9
:10EB0000340005F00DFD48B9002407F1340005F08C
:10EB1000DBFC20469837BD46BDE8F08107F13400A4
:10EB200005F0B6F9041E08DD07F1340005F094FC89
:10EB3000211807F1340005F071FC07F1340005F0ED
:10EB4000A7F9041E08DD07F1340005F085FC211843
:10EB500007F1340005F062FC07F1340005F098F984
:10EB60000028D1DDC31D23F00703E846ADEB030DFC
:10EB700084B204AD2246294607F1340005F02EFC8C
:10EB80002246294630460323FFF77AFEB0FA80F486
:10EB90006409C546B9E700BF6C5B05009C5B0500D6
:10EBA000809300202DE9F041B2B092F84E5092F8D7
:10EBB0004A30DFF810C13F4E144692F849200395C1
:10EBC00094F84D50029594F84C50019504AF94F888
:10EBD0004B500095884601280CBF3146614607F12D
:10EBE000240012F02DF807F1240133486D4605F09A
:10EBF0002FF888B907F1240107F154002E4B0122A8
:10EC000005F0BAF907F1540005F08AFC50B9B8379D
:10EC1000AD46BD46BDE8F08107F12401264805F068
:10EC20008DF8E7E7502107F1540005F05FF9502215
:10EC3000214607F1540005F099F820220021381DE3
:10EC400011F02DF941461D48FFF742FD391D2022E4
:10EC5000FEF750F83B799BB994F8491094F84D3081
:10EC600094F84E20039194F84A10029194F84B10B6
:10EC7000019194F84C100091381D114911F0E0FFFA
:10EC8000381D12F080F8013084B2E1B207F154006F
:10EC900005F02CF9391D224607F1540005F066F8FD
:10ECA00007F1540005F010FCB837AD46BD46BDE88D
:10ECB000F08100BF6C5B0500809300207081002014
:10ECC000F45B05009C5B05002DE9F047AAB004AF9A
:10ECD00007F19804002324F8963D0D468146194615
:10ECE0009046032322462846FFF7CCFD7B886E46DC
:10ECF00023B9B5469837BD46BDE8F0870733DB0832
:10ED0000A6EBC3039D460DF1100A22462846514644
:10ED10000323FFF7B7FD04460028EAD198F8061050
:10ED200098F8023098F80120039198F805100291A4
:10ED300098F8041001913C483C4998F8035000951C
:10ED4000B9F1010F18BF0146381D11F079FF391DC7
:10ED500007F13400364B012205F00EF907F13400BB
:10ED600005F0DEFB0028C4D0214607F1340005F091
:10ED700055FB07F1340005F08BF8041E08DD07F1A0
:10ED8000340005F069FB211807F1340005F046FB5B
:10ED900007F1340005F07CF8041E08DD07F13400AB
:10EDA00005F05AFB211807F1340005F037FB07F195
:10EDB000340005F06DF87C8883B2A34210D0E1B234
:10EDC00007F1340005F092F82246514607F134006D
:10EDD00004F0CCFF07F1340005F076FBB54689E777
:10EDE0000733E846DB08A8EBC3039D4604AD224683
:10EDF000294607F1340005F0F1FA29467A88504691
:10EE000011F01AF808B9C546E4E707F1340005F037
:10EE10003FFB7988C943014407F1340005F0FEFA4D
:10EE2000C5467C88CBE700BF9C5B05006C5B05009A
:10EE30008093002075DF704710B44FF010144FF42A
:10EE400048010022C0E90041C0E902225DF8044BFC
:10EE5000704700BF014800F057B900BF6888002024
:10EE6000F8B500240B4F2546A1B23846FFF730FC19
:10EE70000134064648B1FDF717FE30B13046FDF7C4
:10EE80001DFE022804BF0135EDB2142CECD128463A
:10EE9000F8BD00BF7081002070B58D881B480C46FE
:10EEA00094B02946FFF714FC23881A2B1FD01F2B80
:10EEB0000ED0102B01D014B070BD6946FDF748FE8E
:10EEC0000028F8D06A4629461148FEF70DFBF2E704
:10EED00054F8080F61686B4603C32846BDF800303C
:10EEE000ADF802306946FFF7A5FF14B070BD0646C5
:10EEF000FDF7DCFD0028DED03046FDF7D9FD002807
:10EF0000D9D13046FDF73CFED5E700BF7081002027
:10EF100090810020A1DF7047A3DF7047A4DF704716
:10EF200000238383704700BF006A00F0DDB800BF94
:10EF3000808B70472DE9F0410B88CE88382B86B046
:10EF40000C46054642D0392B25D0362B02D006B0D0
:10EF5000BDE8F081006A00F0C7F801466148FFF79C
:10EF6000B7FBFDF7ADFD05F1240807466EB9E28950
:10EF700004F110014046FFF763FC2B8E2BB1033FD9
:10EF8000BFB2E389013FBB4270DA4046FFF770FC35
:10EF900006B0BDE8F0810B7B012B57D0022BD6D1F8
:10EFA000836B002BD3D090F83C20B1F80480CE893D
:10EFB000920701F1100700F1848032463946284655
:10EFC000984761894046FFF7A9FFC0E700F1240791
:10EFD000002E35D10A8A38463146FFF731FC94F8C5
:10EFE0000C80B8F1010F2BD0B8F1040FAFD1286A13
:10EFF00000F07AF801463B48FFF76AFBFDF760FD39
:10F000002B8E053880B2834228BF0346002B37D0B1
:10F01000218AE289286AAC8BADF80C600A44E96A5F
:10F0200005918DF80C80ADF81230ADF81020ADF8D8
:10F030000E4000F059F803A9FFF76EFF002886D0B4
:10F040003846FFF715FC06B0BDE8F081436B002B96
:10F050003FF47DAF90F83C20CE8901F11007D10735
:10F060001ED4324639462846984770E7286A00F091
:10F070003BF86A8EA98BFFF74DFF002885D166E724
:10F0800040F20511AA8B286AADF80C10CDE90433C3
:10F09000ADF80E2000F028F803A9FFF73DFFCFE7F9
:10F0A00003201A460090314603AB3846CDE903579A
:10F0B000059603F0CBFD00287FF449AFE6896B6B22
:10F0C000CFE703201A460090314603AB3846CDE91E
:10F0D0000357059603F0BAFD00287FF472AFAB6BBF
:10F0E000E6896AE7708100208088704710B5044681
:10F0F0000430FFF749FB034B2360002323752046B0
:10F1000010BD00BF0100FFFF017D01B1704710B5C8
:10F1100004460430FFF742FB0123237510BD00BFF6
:10F12000007D704710B50B88322B18D0332B0CD0D4
:10F13000302B00D010BDCB88041D0BB94B892BBBE5
:10F140002046BDE81040FFF793BBCB88041D002B81
:10F15000F6D14A89002AF3D002EB42020EE04A8936
:10F1600022B100230133DBB29342FBDBCB88041DC9
:10F17000002BE5D1002AE3D002EB820252000232DA
:10F1800092B20A312046FFF75BFBD9E70A310A2227
:10F190002046FFF755FBD3E78ADF704730B40346BC
:10F1A0001F22012418628025828480F82D400022CD
:10F1B0000B4C80F82E50C0E911228262C0F8464004
:10F1C00080F82C2080F82F20028680F838204263B7
:10F1D000C0E90F22C264A0F8502030BC704700BFC5
:10F1E000A00050002DE9F04710468AB017460C46A3
:10F1F000FEF74EFDC0B210282ED0BF6807220623AE
:10F20000D4F818A094F81C808DF805208DF80430EF
:10F21000C6084FF000091F22002102A810F03FFE8F
:10F22000B8F1010F06D8B9F1000F35D000200AB0AF
:10F23000BDE8F08701AB514613F809C042460B7890
:10F240004878DC43604503F10105224408D012F000
:10F25000FF022944F3D1E6E7043703220223CFE774
:10F26000013B0231DDB2DED02A4602A810F0F3FDE8
:10F27000002DD8D002AC02E013F0FF05D3D0204619
:10F280003246394610F0D8FD3444AB1B0028F3D188
:10F2900001200AB0BDE8F0874FF00109BBE700BFCD
:10F2A0002DE9F0430B888E88103B87B00C4605464D
:10F2B0000D2B2CD8DFE803F082072B2B2B2B2B2BCD
:10F2C0002B2B2B6D2B2E836AF340DB071FD55A485F
:10F2D000FFF7C6FDD8B9AB6A95F82C20012404FAD3
:10F2E00006F623EA0606AE628AB995F82D3073B1A8
:10F2F0001F232D62AB8405F1200105F14400FFF7C7
:10F300004BFF20B94D48FFF7FBF985F82C4007B0BB
:10F31000BDE8F08390F92E2091F91B309A4230DC41
:10F3200090F8383001F108061BB3454F4FF0000844
:10F3300003E05FFA82F8434519D96B6B029703EB40
:10F340000813D3E9011002AADB6803910490314647
:10F3500028460593FFF746FF814602A8FEF762FCA8
:10F3600008F1010295F83830B9F1000FE1D0984565
:10F3700007D095F82F30002B39D094F82430012B8A
:10F3800042D805F120010020FFF706FF07B0BDE8D5
:10F39000F0830B7A012BBAD1002480F82C40274847
:10F3A000FFF7C2F92A6C002AB1D006AB00942146BF
:10F3B00043F8104D204603F049FCA8E7CB7B022B15
:10F3C000A5D10122836A02FA06F633430022836242
:10F3D00080F82C209BE70139CCB2911CD1D0022CB3
:10F3E00020D95388ADF808302A8E9A42C9D1EA6BE9
:10F3F000002A8CD006AB012143F8106D30460091F5
:10F40000242103F023FC82E7226A11785078CC4350
:10F41000FF2801F101072344DDD013F0FF033A4434
:10F42000F3D1AEE7224602A810F015FD002CA8D0BB
:10F43000BDF80830D8E700BF80810020708100202F
:10F44000F85A050008B50121032003F0ABFD0320A5
:10F4500003F0A4FE0121042003F0A4FD042003F026
:10F460009DFE0121222003F09DFD01212220BDE807
:10F47000084003F01BBE00BF69B170B505460846E1
:10F480000C4611F080FC2B680246214628465B683A
:10F49000BDE8704018470846704700BFF0B50F46FA
:10F4A0008BB00568002A3DD00A2A04461ED10029E7
:10F4B0003DDB0AAE00232F4806F8043D0B46A0FBB7
:10F4C0000312D20802EB8201A3EB4103303306F8AA
:10F4D000013D1346002AF2D1304611F054FC6B680E
:10F4E00002463146204698470BB0F0BD0AAED2B274
:10F4F0000023022A06F8043D2CBF10460A200A46C3
:10F50000B2FBF0F100FB1127FBB2092F03F130072A
:10F510008ABF3733FBB2DBB20A4606F8013D002949
:10F52000EED1D9E72B68C9B298470BB0F0BD2B6874
:10F530002D2198470AAD002306460E4805F8043DE4
:10F540007B42A0FB0321C90801EB8102A3EB42032C
:10F55000303305F8013D0B460029F2D1284611F061
:10F5600012FC2368024629465B68204698473044CF
:10F570000BB0F0BDCDCCCCCCF0B506688BB022B9C9
:10F580003368C9B298470BB0F0BD0AACD2B20023C1
:10F59000022A04F8043D05462CBF10460A20B1FBA0
:10F5A000F0F200FB1217FBB2092F03F130078ABFFC
:10F5B0003733FBB2DBB2114604F8013D002AEED12D
:10F5C000204611F0E0FB7368024621462846984722
:10F5D0000BB0F0BD036870B505460C465E6849B1D6
:10F5E000084611F0D0FB214602462846B0472B685A
:10F5F0005E680446284602220149B047204470BD97
:10F60000B0610500036802495B680222184700BF29
:10F61000B0610500036870B505460C465E6849B1E7
:10F62000084611F0B0FB214602462846B0472B6839
:10F630005E680446284602220149B047204470BD56
:10F64000B0610500F0B505468BB006685AB933685D
:10F65000984704462B6817495B682846022298475A
:10F6600020440BB0F0BD0AAF0B46D2B20021022AF3
:10F6700007F8041D2CBF14460A241846B0FBF4F208
:10F6800004FB1201CBB2092903F130018ABF3733E1
:10F69000CBB2DBB2104607F8013D002AEED1384666
:10F6A00011F071FB736802463946284698470446B4
:10F6B000D0E700BFB0610500F0B505468BB0066825
:10F6C00062B93368C9B2984704462B6815495B682C
:10F6D00028460222984720440BB0F0BD0AACD2B2B3
:10F6E0000023022A04F8043D2CBF10460A20B1FB77
:10F6F000F0F200FB1217FBB2092F03F130078ABFAB
:10F700003733FBB2DBB2114604F8013D002AEED1DB
:10F71000204611F038FB2146024673682846984778
:10F720000446D2E7B061050008B54022002110F080
:10F73000B6FB0022C0E9102208BD00BF10B4D0E91A
:10F740001024531C03F03F039C4218BF81545DF802
:10F75000044B18BF036470470023C0E9103370479F
:10F76000D0E91023934206D05A1CC35C02F03F023A
:10F770004264184670474FF0FF307047D0E91030B0
:10F78000181A48BF40307047D0E91023934214BF85
:10F79000C05C4FF0FF307047D0E91030013303F008
:10F7A0003F03181AB0FA80F0400970472DE9F0477E
:10F7B0007C4F3D6806460C46904675B1222E09D80E
:10F7C00028F48073032BC8F3002224D0042B59D0D3
:10F7D000022B3BD00020BDE8F0872946202272484A
:10F7E00010F05DFB714A7249724B0D604FF0FF30B3
:10F7F000C2E9000040224D60C3F88020BFF34F8F64
:10F80000BFF36F8F6021C3F8802183F806131A605D
:10F8100001233B60D2E74FF40037674B634853F84E
:10F82000265090F900102B0203F47C5343F001039F
:10F830008D4243EA07030CD090F90160B54224D011
:10F8400090F90270BD4222D1022603E04FF4403706
:10F85000E3E70026B10001F1804101F5C041855583
:10F86000D1F81005504F524D47F8264020F00310B4
:10F8700020F47C5003430120AA55C1F81035B04054
:10F88000BDE8F0874FF48037C7E70126E2E790F93B
:10F8900003C0654549D090F904E075455BD090F907
:10F8A000058045456DD090F906904D4577D090F98B
:10F8B00007A0AA4501D10726CCE7013123D13F4952
:10F8C000D1F8101589071ED10026B10001F1804141
:10F8D00001F5C0418555D1F81005334F344D47F837
:10F8E000264020F0031020F47C500343C1F810356B
:10F8F0000023C1F800310120304BAA55B040C3F8B5
:10F900000403BDE8F087013606D12C49D1F814155F
:10F91000890701D10126D8E7013708D12749D1F855
:10F9200018158F0703D10226CFE7032692E7BCF113
:10F93000FF3F06D12149D1F81C158E0701D10326BE
:10F94000C3E7BEF1FF3F08D11C49D1F82015890754
:10F9500003D10426B9E704267CE7B8F1FF3F06D1BE
:10F960001649D1F824158F0701D10526ADE7B9F165
:10F97000FF3F08D11149D1F828158E0703D106267B
:10F98000A3E7052666E7BAF1FF3F7FF423AF0B49F3
:10F99000D1F82C1589077FF41DAF072695E70626B9
:10F9A00058E700BF348900200C8900202C890020F2
:10F9B0000489002000E100E0145C050000600040C4
:10F9C0002DE9F0431B4B1C4FD3F80463DFF86C8028
:10F9D000DFF86C9085B000240123A200A34002F15F
:10F9E0008045334205F5C0450FD0D5F8003163B1ED
:10F9F000E357013306D052F808201AB114F8093041
:10FA00007BB990470023C5F800310134082CE3D1BD
:10FA1000BFF34F8F00BF00BF00BF00BF05B0BDE800
:10FA2000F08304AB002143F8041D0846009103F065
:10FA30000DF9E7E7006000402C8900200C890020C8
:10FA40000489002088420ADA38B50D1A044611F0FC
:10FA50007FF890FBF5F101FB1500204438BD70479D
:10FA600008B501F08DFA4FF47A72A0FB0223900AD8
:10FA700040EA835008BD00BF014638B54FF47A72A2
:10FA800000238002890D0FF0A1FF054601F078FAEE
:10FA90000446E6F71DFC01F073FA001B854200D80E
:10FAA00038BD281ABDE8384001F08EBB10B50446B9
:10FAB00001F0E4FD022804D02046BDE8104010F01B
:10FAC00099B901F055FA204610F094F9044601F076
:10FAD000F5FA0CB1204610BD02F0F0FFFAE700BFC6
:10FAE00010B5044601F0CAFD02280AD144B101F064
:10FAF0003FFA204610F086F9BDE8104001F0DEBA6A
:10FB000010BD2046BDE8104010F07CB910B5044689
:10FB100001F02EFA204610F06DF9044601F0CEFAFD
:10FB20000CB1204610BD02F0C9FF204610BD00BF39
:10FB300050B110B5044601F01BFA204610F062F9EE
:10FB4000BDE8104001F0BABA704700BF38B51C4696
:10FB50009DF8105043B3002908BF1A460123C4E999
:10FB60000F01226084F8463002F0E2F8D4E90F1366
:10FB70002268A26001FB03F1CB1A134400200A445F
:10FB8000FF21A063E36084F84410626084F84510AC
:10FB900004F1100003F018FB04F1240003F014FB3F
:10FBA00002F0D0F884F84C50204638BDF8B507462E
:10FBB00015460E4669B100FB01F05030FFF7A6FF75
:10FBC000044690B3002200F1500380F84620036001
:10FBD00007E05020FFF79AFF044630B384F84660F0
:10FBE0002460C4E90F7602F0A3F8D4E90F13226869
:10FBF000A26001FB03F1CB1A134400200A44FF2149
:10FC0000A063E36084F84410626084F8451004F156
:10FC1000100003F0D9FA04F1240003F0D5FA02F041
:10FC200091F884F84C502046F8BD00242046F8BDD9
:10FC3000F8B5074650200D46FFF768FF044630B37D
:10FC40000026206080F846600664C76302F070F802
:10FC5000D4E90F322168A66303FB02F39A1A0A441F
:10FC60000B44FF26C4E90131E26084F8446004F1EA
:10FC7000100084F8456003F0A7FA04F1240003F0B3
:10FC8000A3FA02F05FF80223A56384F84C30204603
:10FC9000F8BD00BF2DE9F04F044685B01D46019226
:10FCA000884602F045F8A26BE36BA84F4FF00009BD
:10FCB0009A424E46C0F08B80022D00F006810198DA
:10FCC000002800F03081B9F1000F00F0958002F0BB
:10FCD00039F801F04DF902F02BF894F84430FF2B7D
:10FCE00008BF84F8446094F84530FF2B08BF84F8BF
:10FCF000456002F027F801A902A801F067FC00287E
:10FD000040F0188102F014F8A26BE36B9A4277D0AE
:10FD100002F018F802F00CF894F845304FFA83FA24
:10FD2000BAF1000F1ADD636AC3B104F1240907E0D8
:10FD30000AF1FF33DBB24FFA83FA7BB1636A6BB12E
:10FD4000484601F0E9FB0028F2D001F077FC0AF107
:10FD5000FF33DBB24FFA83FA002BEFD1FF2384F895
:10FD6000453001F0EFFF01F0E3FF94F844304FFA23
:10FD700083FABAF1000F1ADD2369C3B104F1100947
:10FD800007E00AF1FF33DBB24FFA83FA7BB1236954
:10FD90006BB1484601F0C0FB0028F2D001F04EFCE8
:10FDA0000AF1FF33DBB24FFA83FA002BEFD1FF23C6
:10FDB00084F8443001F0C6FF01F080F901F0B8FF8B
:10FDC000A26BE36B9A424FF00109BFF475AF226C4E
:10FDD000A66B002A40F0FC8025680136002D00F05B
:10FDE0001881A663636A002B40F08C8001F0AAFFA3
:10FDF000012005B0BDE8F08F02A801F0DBFB66E74B
:10FE000004F1100901F09EFF4846019901F008FB3A
:10FE100001F08EFF94F845A04FFA8AFABAF1000F6C
:10FE20001CDD636AD3B104F1240B08E00AF1FF3A48
:10FE30005FFA8AF34FFA83FA83B1636A73B1584663
:10FE400001F06AFB0028F1D00AF1FF3A01F0F6FB5D
:10FE50005FFA8AF34FFA83FA002BEED1FF2384F87E
:10FE6000453001F06FFF01F063FF94F844304FFA22
:10FE700083FABAF1000F06DC15E00AF1FF33DBB2BA
:10FE80004FFA83FA7BB123696BB1484601F044FB1A
:10FE90000028F2D001F0D2FB0AF1FF33DBB24FFAB7
:10FEA00083FA002BEFD1FF2384F8443001F04AFF9E
:10FEB00001F004F9002881D14FF080537B6040BFEE
:10FEC000BFF34F8FBFF36F8F78E7226CA66B002ACA
:10FED00082D04146E0680FF0BEFF236CE2682168E3
:10FEE0005B421A448A42E26080F08980626813446F
:10FEF000E360022D00F083800136A663636A002B65
:10FF00003FF474AF04F1240001F006FB00283FF435
:10FF10006DAF0E4B4FF080525A6040BFBFF34F8F12
:10FF2000BFF36F8F62E7009001F00CFF009805B0FF
:10FF3000BDE8F08F01F0FCFE94F845506DB2002D45
:10FF400018DD636AB3B104F1240607E000ED00E0B8
:10FF5000013DEBB25DB26BB1636A5BB1304601F05B
:10FF6000DBFA0028F4D0013D01F068FBEBB25DB292
:10FF7000002BF1D1FF2384F8453001F0E3FE01F0BE
:10FF8000D7FE94F844506DB2002D16DD2369A3B15D
:10FF900004F1100605E0013DEBB25DB26BB12369DF
:10FFA0005BB1304601F0B8FA0028F4D0013D01F011
:10FFB00045FBEBB25DB2002BF1D1FF2384F8443056
:10FFC00001F0C0FE01F07AF8002005B0BDE8F08F26
:10FFD00041465DBBA0680FF03EFFA368216C6268DC
:10FFE0000B44934206F10106A360FFF4FAAEA66348
:10FFF000636A2268A260002B3FF4F8AE82E7002E0D
:020000024000BC
:100000007FF4EFAE0123A363636A002B3FF4EEAEEF
:1000100078E7606801F084FBA663636A6560002B83
:100020007FF470AF00287FF474AFDFE6E0680FF074
:1000300012FF236CE26821685B421A448A42E26044
:10004000BFF457AF52E700BFF8B50C4679B30025AF
:100050000123216081F84630C1E90F35064601F0E1
:1000600067FED4E90F322168A56303FB02F39A1AF5
:100070000A440B44FF27C4E90131E26084F844706C
:1000800004F1100084F8457003F09EF804F1240098
:1000900003F09AF801F056FEC4E90055E56084F8D3
:1000A0004C602B462A4629462046FFF7F3FD2046A2
:1000B000F8BD00BF2DE9F0418C4682B004461746DA
:1000C000EFF31186402282F31188806BE26B90423D
:1000D00021D3022B05D0002086F3118802B0BDE8A1
:1000E000F08194F84550226CD4F838806DB252BB40
:1000F000236808F10108002B4FD06B1CC4F838802E
:1001000037D001356DB284F84550012086F311884F
:1001100002B0BDE8F08194F84550226CD4F83880E4
:100120006DB2002AE4D073B9A0680FF094FEA36802
:10013000216C62680B44934208F10108A360DCD390
:100140002368A360D9E76146E06801930FF083FE5E
:10015000206CE2682168019B404202448A42E260CE
:1001600002D262681044E060022B10D008F101084E
:10017000C3E7636A002BC8D004F1240001F0CCF976
:100180000028C2D0002FC0D001203860A4E7B8F109
:10019000000F08BF4FF00108AFE76068019301F05E
:1001A000BFFA019B6360A8E738B5EFF311844023E1
:1001B00083F31188826BC36B93420ED990F845305C
:1001C00001325BB282635A1C0BD001335BB280F800
:1001D0004530012084F3118838BD002084F3118854
:1001E00038BD436A002BF4D024300D4601F094F959
:1001F0000028EED0002DECD001202860EAE700BFF7
:100200002DE9F047044684B08846019201F090FD44
:10021000D4F83890B9F1000F40F09380019B002B87
:1002200000F00A8102A801F0C5F9B34F4E4604F16F
:10023000240501F087FD00F09BFE01F079FD94F8A4
:100240004430FF2B08BF84F8446094F84530FF2BFE
:1002500008BF84F8456001F075FD01A902A801F00E
:10026000B5F9002840F0878001F062FDA36B002BF8
:1002700040F0E88001F066FD0199284601F0D0F8D1
:1002800001F056FD94F845304FFA83F9B9F1000FAB
:1002900006DC15E009F1FF33DBB24FFA83F97BB1DD
:1002A000636A6BB1284601F037F90028F2D001F0FB
:1002B000C5F909F1FF33DBB24FFA83F9002BEFD117
:1002C000FF2384F8453001F03DFD01F031FD94F845
:1002D00044304FFA83FABAF1000F1ADD2369C3B133
:1002E00004F1100907E00AF1FF33DBB24FFA83FA99
:1002F0007BB123696BB1484601F00EF90028F2D0BA
:1003000001F09CF90AF1FF33DBB24FFA83FA002BBC
:10031000EFD1FF2384F8443001F014FD00F0CEFE4D
:1003200000287ED14FF080537B6040BFBFF34F8FDA
:10033000BFF36F8F01F0FCFCD4F83890B9F1000FD7
:1003400076D0226C52B1E168636811449942E16051
:1003500024BF2168E16040460FF07DFD09F1FF33C5
:10036000A3632369002B40F0C98001F0EBFC01205E
:1003700004B0BDE8F08701F0DBFC94F845304FFA9B
:1003800083F9B9F1000F06DC15E009F1FF33DBB2A8
:100390004FFA83F97BB1636A6BB1284601F0BCF870
:1003A0000028F2D001F04AF909F1FF33DBB24FFA2D
:1003B00083F9002BEFD1FF2384F8453001F0C2FC14
:1003C00001F0B6FC94F844304FFA83FABAF1000F0A
:1003D0001ADD2369C3B104F1100907E00AF1FF3304
:1003E000DBB24FFA83FA7BB123696BB1484601F067
:1003F00093F80028F2D001F021F90AF1FF33DBB2C3
:100400004FFA83FA002BEFD1FF2384F8443001F038
:1004100099FC00F053FE01F08BFCA36B63B101F07B
:1004200091FC01F085FCD4F83890B9F1000F88D127
:10043000019B002B7FF4FDAE01F084FC002004B092
:10044000BDE8F08701F07EFC01F072FC94F84530C5
:100450004FFA83F9B9F1000F06DC15E009F1FF331B
:10046000DBB24FFA83F97BB1636A6BB1284601F0C6
:1004700053F80028F2D001F0E1F809F1FF33DBB2C4
:100480004FFA83F9002BEFD1FF2384F8453001F0B8
:1004900059FC01F04DFC94F844304FFA83FABAF15C
:1004A000000F1ADD2369C3B104F1100907E00AF156
:1004B000FF33DBB24FFA83FA7BB123696BB1484655
:1004C00001F02AF80028F2D001F0B8F80AF1FF3361
:1004D000DBB24FFA83FA002BEFD1FF2384F84430CC
:1004E00001F030FC00F0EAFD01F022FCD4F8389075
:1004F000B9F1000F9CD024E700ED00E004F11000FA
:1005000001F00AF800283FF430AF054B4FF080525D
:100510005A6040BFBFF34F8FBFF36F8F25E700BF17
:1005200000ED00E02DE9F043044685B0002601917E
:1005300001F0FEFBA36BB24FB0463546002B40F0F6
:10054000F380019B002B00F05D81B8F1000F00F0FB
:10055000FC8001F0F7FB00F00BFD01F0E9FB94F8E3
:100560004430FF2B08BF84F8445094F84530FF2BEB
:1005700008BF84F8455001F0E5FB01A902A801F08D
:1005800025F800286CD101F0D3FBA36B002B40F0C1
:10059000E08001F0D7FB2368002B00F03C8104F1E0
:1005A00024094846019900F03BFF01F0C1FB94F893
:1005B00045304FFA83F8B8F1000F06DC15E008F17A
:1005C000FF33DBB24FFA83F87BB1636A6BB1484605
:1005D00000F0A2FF0028F2D001F030F808F1FF335C
:1005E000DBB24FFA83F8002BEFD1FF2384F84530BC
:1005F00001F0A8FB01F09CFB94F844304FFA83F81B
:10060000B8F1000F1ADD2369C3B104F1100907E046
:1006100008F1FF33DBB24FFA83F87BB123696BB18A
:10062000484600F079FF0028F2D001F007F808F101
:10063000FF33DBB24FFA83F8002BEFD1FF2384F8AE
:10064000443001F07FFB00F039FD002864D14FF009
:1006500080537B6040BFBFF34F8FBFF36F8F5BE072
:1006600001F066FB94F845304FFA83F8B8F1000FBB
:100670001ADD636AC3B104F1240907E008F1FF330E
:10068000DBB24FFA83F87BB1636A6BB1484600F086
:1006900043FF0028F2D000F0D1FF08F1FF33DBB2B6
:1006A0004FFA83F8002BEFD1FF2384F8453001F097
:1006B00049FB01F03DFB94F844304FFA83F8B8F160
:1006C000000F1ADD2369C3B104F1100907E008F136
:1006D000FF33DBB24FFA83F87BB123696BB1484635
:1006E00000F01AFF0028F2D000F0A8FF08F1FF3355
:1006F000DBB24FFA83F8002BEFD1FF2384F84430AC
:1007000001F020FB00F0DAFC01F012FBA36B002BE0
:1007100000F08A8001F016FB01F00AFBA36B4FF09A
:100720000108002B3FF40DAF2268013BA363002AB0
:1007300000F09E802369002B40F0898001F002FBCD
:100740000126304605B0BDE8F08302A800F032FF74
:10075000FFE601F0F7FA01F0EBFA94F845304FFAB2
:1007600083F8B8F1000F1ADD636AC3B104F12409FC
:1007700007E008F1FF33DBB24FFA83F87BB1636A1D
:100780006BB1484600F0C8FE0028F2D000F056FFDA
:1007900008F1FF33DBB24FFA83F8002BEFD1FF23D0
:1007A00084F8453001F0CEFA01F0C2FA94F84430F2
:1007B0004FFA83F8B8F1000F1ADD2369C3B104F1D1
:1007C000100907E008F1FF33DBB24FFA83F87BB181
:1007D00023696BB1484600F09FFE0028F2D000F07C
:1007E0002DFF08F1FF33DBB24FFA83F8002BEFD176
:1007F000FF2384F8443001F0A5FA00F05FFC8BE79A
:1008000000ED00E0009301F09DFA009B1E4630468B
:1008100005B0BDE8F08301F08BFA606800F03EFFA0
:10082000064601F08FFABAE601F08CFA002E88D065
:1008300001F07EFA616A19B1236B1968C1F10501F3
:10084000606800F099FF002601F07CFA79E704F176
:10085000100000F061FE00283FF470AF064B4FF02F
:1008600080525A6040BFBFF34F8FBFF36F8F65E771
:1008700000F0B8FF60605DE700ED00E010B50446F1
:1008800001F056FAA46B01F05DFA204610BD00BFDE
:10089000104B5A68904208D0DA68904208BF012293
:1008A00004D090F8463093B170470022002110B474
:1008B00003EBC20443F8321090F84630616013B184
:1008C0005DF8044B70475DF8044BFFF731B9FFF753
:1008D0002FB900BF20A50020074B1A681AB19A68EB
:1008E00002B17047012210B403EBC20443F8321086
:1008F00060605DF8044B704720A5002070B5054688
:100900000C46164601F014FA95F84430FF2B04BF4C
:10091000002385F8443095F84530FF2B04BF0023B1
:1009200085F8453001F00EFAAB6B2BB93246214603
:1009300005F1240000F0B0FD01F0FAF995F845400A
:1009400064B2002C16DD6B6AA3B105F1240605E044
:10095000013CE3B25CB26BB16B6A5BB1304600F054
:10096000DBFD0028F4D0013C00F068FEE3B25CB28D
:10097000002BF1D1FF2385F8453001F0E3F901F0B8
:10098000D7F995F8444064B2002C16DD2B69A3B169
:1009900005F1100605E0013CE3B25CB26BB12B69D6
:1009A0005BB1304600F0B8FD0028F4D0013C00F007
:1009B00045FEE3B25CB2002BF1D1FF2385F8443051
:1009C000BDE8704001F0BEB92DE9F041044601F0E8
:1009D000AFF9344A344D1368013313602B68002B90
:1009E0002FD0324EE36A32682AB331483149076862
:1009F0000A689F4238BF03602F48013203EB83032C
:100A00000A6000EB8300E263211D02F0EDFB01F0C0
:100A100099F933686BB12A68E36AD26A9A4208D2BC
:100A2000264B4FF080525A6040BFBFF34F8FBFF349
:100A30006F8FBDE8F0812A68D26A9A4298BF2C6015
:100A4000D3E72C601368012B02D0E36A174ECCE782
:100A50001948DFF894801A4F144E02F0B5FB19487C
:100A600002F0B2FB184802F0AFFB184802F0ACFBF2
:100A7000174802F0A9FB404602F0A6FB384602F0F8
:100A8000A3FB144802F0A0FB134802F09DFB13489F
:100A900002F09AFB124B134AC2F800801F60E36A0F
:100AA000A3E700BFA889002038890020088A002019
:100AB000BC890020B88900204489002000ED00E0B6
:100AC000D4890020588900206C890020808900206A
:100AD00094890020F4890020208A00200C8A0020BC
:100AE000408900203C890020C08900202DE9F8437E
:100AF000DDE90964002C60D016B93046BDE8F88302
:100B00000D469700984602233A4684F851308146B4
:100B100026633046A5210FF0C2F92A78236B84F8AA
:100B20003420043F2A781F4427F0070702B36B786C
:100B300084F835306B78DBB1AB7884F83630AB783D
:100B4000B3B1EB7884F83730EB788BB12B7984F83C
:100B500038302B7963B16B7984F839306B793BB1DC
:100B6000AB7984F83A30AB7913B1EB7984F83B3048
:100B7000089D042D28BF04250026E5626564201D1C
:100B800084F83B60A66402F02BFBC5F1050504F177
:100B9000180002F025FBE66442464946A56124613F
:100BA00084F850606462384601F086F82060204680
:100BB000FFF70AFF2046BDE8F8832046BDE8F8832A
:100BC0002DE9F0479600804630460D469946099F2C
:100BD000FEF79CFF002869D082465420FEF796FF5E
:100BE000044600285BD00023C0F830A032465046AF
:100BF00084F85130A5210FF052F92A78236B84F83C
:100C00003420043E2A781E4426F0070A02B36B788B
:100C100084F835306B78DBB1AB7884F83630AB785C
:100C2000B3B1EB7884F83730EB788BB12B7984F85B
:100C300038302B7963B16B7984F839306B793BB1FB
:100C4000AB7984F83A30AB7913B1EB7984F83B3067
:100C5000089D042D28BF04250026E5626564201D3B
:100C600084F83B60A66402F0BBFAC5F1050504F107
:100C7000180002F0B5FAE664A561246184F85060BA
:100C800064624A464146504601F016F8206007B1BA
:100C90003C602046FFF798FE0120BDE8F0875046F3
:100CA000FEF746FF4FF0FF30BDE8F0874FF0FF3012
:100CB000F3E700BF70B504464C4E01F039F8002C44
:100CC00039D0251D284602F0B9FAA36A1BB104F1F8
:100CD000180002F0B3FA29464548464D02F084FA5E
:100CE00094F85030012B04BF002384F8503001F0F9
:100CF00029F82B6893B93368A34200D070BD2B68E4
:100D0000DBB93B493C4A09681268914226D03B4B0B
:100D10001B682BB33A4B01221A6070BD01F008F832
:100D2000384B1A68126892B9374B4FF0FF321A608D
:100D300001F008F8DFE73468C3E7344B4FF0805226
:100D40005A6040BFBFF34F8FBFF36F8F70BD1A68FB
:100D50002D4BD268D26852681A60E9E7336070BDE3
:100D6000274A13603268336812681B6B9A4236D97F
:100D7000274C284922689300981880000858E0B949
:100D8000551EAB0058198000085830BB951EAB00AB
:100D900058198000085800BBD51EAB0058198000B8
:100DA0000858D0B9151FAB00581980000858A0B9D1
:100DB000053A930098188000085813449B00CD18FA
:100DC00008336868406868600B44984204BF406814
:100DD0006860C3683360226070BD2A46EDE7306802
:100DE0003168343101F068FEC2E700BF3889002065
:100DF0000C8A0020088A0020A8890020B4890020DD
:100E0000388A00203C890020EC89002000ED00E0B9
:100E1000BC8900204489002080B170B51B4D2B682F
:100E200083420AD0044600F083FF194B62699A425C
:100E300005D0BDE8704000F085BF70BD7047A36A63
:100E4000144A9342F5D0002BF3D1261D304602F010
:100E5000F5F9114AE36A116810488B4288BF1360A4
:100E600003EB830300EB8300314602F0BDF92B68EE
:100E7000E26ADB6A9A42DCD3094B4FF080525A6037
:100E800040BFBFF34F8FBFF36F8FD2E73889002089
:100E90000C8A0020F4890020BC89002044890020AD
:100EA00000ED00E070B584B0002503AA02A901A8F6
:100EB000CDE9015501F004FE019C002C46D00298BA
:100EC000002843D0039E20630223B600A5213246AA
:100ED00084F851300EF0E3FF236B1F4A6263201D3C
:100EE00084F83850043E84F83B50E562C4E911555B
:100EF0001E4402F075F904F1180002F071F926F0B1
:100F000007060523A3612A461449E5643046246197
:100F1000646284F8505000F0CFFE20602046FFF756
:100F200053FD0F4B1C6000F0DBFD012811D1402365
:100F300083F311880B490C4A0C4B4FF0FF340C60C3
:100F400010601D6000F0CEFE04B070BD044B0022A6
:100F50001A6004B070BD00BF49444C454D120400F6
:100F6000E8890020EC890020088A0020348A0020CB
:100F7000024A136801331360704700BFB489002030
:100F8000014B1868704700BF348A0020024A13687A
:100F900018441060704700BF348A00202DE9F04FDC
:100FA0003B4B1B6883B0002B42D13A4B1F68013783
:100FB0001F60002F4AD0384B01931B68BB423BD8BF
:100FC000364EDFF8EC80DFF8ECA0DFF8EC9000257F
:100FD00025E03368DB68DC68636804F1040B9F423A
:100FE000584651D302F02AF9A36A04F118000BB154
:100FF00002F024F9E36AD8F8002003EB830093425F
:1010000059460AEB800088BFC8F8003002F0ECF8BF
:10101000D9F80030E26ADB6A9A4228BF01253368BA
:101020001B68002BD5D1019A4FF0FF33136004E009
:101030001B4A13680133136000251A4B1B68002BF1
:101040000CBF2846012003B0BDE8F08F134E164BAD
:101050003168164A186830601960136801331360EC
:1010600033681B683BB90C4B01931A464FF0FF33B2
:1010700013601346A1E73368074ADB680192DB6817
:101080005B681360134698E7019A1360D5E700BFC9
:10109000B4890020348A0020EC8900203C8900209B
:1010A000B0890020388A002040890020F089002083
:1010B000BC89002044890020388900202DE9F047B0
:1010C00000F036FE354B1A68013A1A601C68002C95
:1010D00057D1334B1B68002B53D0DFF8E0A0314EC3
:1010E000314FDFF8DC90DFF8DC80336813B3F3684E
:1010F000DC68251D04F1180002F0A0F8284602F073
:101100009DF8E36A3A6803EB83009342294609EBB2
:10111000800088BF3B6002F067F8D8F80030E26AD0
:10112000DB6A9A424FF00103DFD3CAF8003033681C
:10113000002BDCD13CB11D4B1A6812683ABB1C4B2A
:101140004FF0FF321A601B4D2C6844B10126FFF7A7
:1011500025FF08B1CAF80060013CF8D12C60DAF82C
:10116000003073B1144B4FF080525A6040BFBFF350
:101170004F8FBFF36F8F012400F0E4FD2046BDE8E0
:10118000F087002400F0DEFD2046BDE8F0871A68F5
:10119000074BD268D26852681A60D4E7B48900203D
:1011A000A8890020F4890020BC8900203C89002007
:1011B000EC890020B089002000ED00E0388A002092
:1011C000448900203889002070B548B9184B4FF089
:1011D00080525A6040BFBFF34F8FBFF36F8F70BD17
:1011E000144A15491368154E013313600D680446FF
:1011F0003068043002F022F8336864195C600FD262
:101200000F4B18683168043101F0FEFF0D4B1A686E
:10121000944238BF1C60FFF751FF0028D6D070BD44
:10122000094B18683168043101F0EEFFF3E700BFA5
:1012300000ED00E0B4890020348A002038890020C5
:101240003C890020EC890020408900202DE9F84FDE
:101250003C4E3D4D3D4CDFF80891DFF80881DFF84A
:1012600008B14FF0805A2368D3B100F061FDF368F4
:10127000DF68381D01F0E2FF2B68013B2B6023681B
:10128000013B236000F05EFD97F85130002B37D012
:10129000012BE8D13846FEF74BFC2368002BE4D144
:1012A0002B4B1B68012B06D9CBF804A040BFBFF322
:1012B0004F8FBFF36F8F00F0D1FED9F8003033BBF2
:1012C000D8F80030DB6A002BCDD1214B1B68012BF5
:1012D000C9D8204B204A1B6812689B1A012BC2D91F
:1012E0001E4A136801331360D9F80030BBB1D8F837
:1012F0000030DB6A0BB9164B1B68FFF7DFFEB2E765
:10130000386BFEF715FC3846FEF712FCABE7D8F851
:101310000030DB6A002BA6D10D4B1B68A3E7D8F881
:101320000030DB6A002BE8D1094B1B68012BE4D8A5
:10133000084B1868084B1B68C01A0128DDD900F05B
:101340006DFDDAE7208A0020A8890020AC89002002
:1013500044890020EC890020348A0020B4890020D0
:10136000BC8900203889002000ED00E0274B1B6875
:10137000002B40D1264A70B5264C136022682368A2
:1013800012681B6B9A423AD9234D24492A6893006C
:10139000981880000858E0B9561EB30098198000CC
:1013A000085830BB961EB30098198000085800BB3F
:1013B000D61EB300981980000858D0B9161FB30084
:1013C000981980000858A0B9053A93009818800031
:1013D000085813449B00CE1808337068406870604A
:1013E0000B44984204BF40687060C36823602A6061
:1013F00070BD3246EDE7064B01221A607047206847
:101400002168343101F058FBBEE700BFB4890020E9
:10141000388A002038890020BC89002044890020B7
:1014200070B5174D2B680C4603F1180101F0ECFE66
:10143000144B1E682868043001F000FF631C17D0AD
:101440002B68A4195C600BD20F4B18682968043113
:1014500001F0DAFE0D4B1A68944238BF1C6070BD73
:101460000B4B18682968BDE87040043101F0CCBE10
:10147000296808480431BDE8704001F0B5BE00BFDE
:1014800038890020348A00203C890020EC89002023
:10149000408900200C8A002070B5194D2B680C463D
:1014A000164603F1180101F09FFE164B5EB11B6852
:1014B0002868043001F0C2FE296813480431BDE8F1
:1014C000704001F091BE1E682868043001F0B6FE3D
:1014D0002B68A4195C600BD20C4B18682968043186
:1014E00001F092FE0A4B1A68944238BF1C6070BD2E
:1014F000084B18682968BDE87040043101F084BECB
:1015000038890020348A00200C8A00203C89002081
:10151000EC8900204089002038B5C368DC6804F1FC
:101520001805284601F08AFE1A4B1B682BBB251DA7
:10153000284601F083FE184AE36A116817488B4277
:1015400088BF136003EB8303294600EB830001F09F
:101550004BFE134BE26A1B68DB6A9A4282BF114B57
:1015600001201860104B1A68126898BF00204AB911
:101570000E4B4FF0FF321A6038BD29460C4801F07F
:1015800033FEE6E71A68094BD268D26852681A60DF
:1015900038BD00BFB4890020BC89002044890020E8
:1015A00038890020388A00203C890020EC890020FE
:1015B000F4890020034A044B12681B68C0E9002329
:1015C000704700BFF0890020348A0020F8B50D462E
:1015D000044600F0ADFB2B681649581C0A6813D06E
:1015E000DFF854C0D4E90060DCF80070BE4201D0DE
:1015F00090421AD9121A93420BD800232B6001256E
:1016000000F0A0FB2846F8BD002500F09BFB284613
:10161000F8BDDCF800009B1A0A682B60C4E90002E0
:10162000002500F08FFB2846F8BD012500F08AFB5D
:101630002846F8BD348A0020F0890020014B0122A1
:101640001A607047388A0020084B186860B9084B48
:101650001B6853B9074A084B10681B68013B984246
:1016600014BF01200220704700207047F489002039
:10167000388A00200C8A0020A8890020054B1B68AE
:1016800033B1054B1B68002B0CBF022000207047B4
:1016900001207047088A0020B489002018B3F8B5EB
:1016A0001C4CC36A2268D26A934214D28269002A0F
:1016B00004DB2268D26AC2F105028261164D4269DA
:1016C00003EB830305EB83039A420DD02368DB6AA7
:1016D000C3620120F8BD2368406CDB6A98422CBFCE
:1016E00000200120F8BD7047061D0746304601F076
:1016F000A5FD2268094BD06A1A68F862904200D9A9
:10170000186000EB800005EB8000314601F06CFDB5
:101710000120F8BD3889002044890020BC890020C0
:1017200050B138B5C16A836C426C013B914283640D
:1017300000D01BB1002038BD00207047051D0446B5
:10174000284601F07BFD0A4A636C1168E362C3F12D
:1017500005008B42A061074888BF136003EB830339
:1017600000EB8300294601F03FFD012038BD00BF9A
:10177000BC8900204489002048B1426CC36A914270
:1017800038BF11468B4202D0826C012A00D07047CC
:10179000826970B5114DC162002A03EB830342696F
:1017A000A8BFC1F1050105EB8303A8BF81619A427F
:1017B00000D070BD061D0446304601F03FFD084BC9
:1017C000E06A1A68904288BF186000EB800005EB61
:1017D00080003146BDE8704001F006BD448900201C
:1017E000BC890020044B1A681AB119688A6C01324E
:1017F0008A641868704700BF388900202DE9F04FCF
:10180000AD4EDFF8C482AD4D89B033681C68002C42
:1018100000F08E80DB681C68FFF7AAFBFFF7B0FBC7
:10182000D8F80030984207465DD38442C8F80000DB
:1018300040F20B810022E11B2868FFF75FF8FFF7F9
:101840003DFC88B99E4A4FF08053536040BFBFF3C0
:101850004F8FBFF36F8F07E0019B03992046984796
:10186000009B002B80F23881286800226946FEF731
:10187000C7FC0028C9D0009B029C002BECDB6369ED
:1018800013B1201D01F0DAFCFFF77AFBD8F8003025
:101890009842814643D3009BC8F80090092BE3D8B7
:1018A000012202FA03F313F4047F69D113F0C70F86
:1018B00040F0A1809B06D7D594F82C30002BD3D1D3
:1018C0002046FEF735F9CFE7DB68DC68D3F800A0E7
:1018D00004F10409484601F0B1FC636A20469847C8
:1018E000E369012B36D033681A68002AECD17549B8
:1018F000C8F800700A6832600B60FFF7DFFBB3E7DF
:10190000DB68DF68D3F800B007F1040A504601F045
:1019100095FC7B6A38469847FB69012B25D03368D4
:101920001A68002AECD167490A6832600B60B2E796
:10193000FFF71EFBFFF724FBD8F800308342074671
:10194000D1D8604BC8F800701B681A68B2FA82F2EE
:10195000520970E7A36953449A45494622D263600D
:101960002461306801F050FCBDE7BB695B449B45D6
:10197000514627D27B603F61306801F045FCCEE7DD
:10198000019B246103EB09024A45A36162602CD8E4
:10199000002B3FF469AF4B4B211D186801F034FC5C
:1019A000286862E72B68002B9DD00023CDE9043A1C
:1019B0000694FFF763FE00231A4604A92868FEF781
:1019C00069F990E72B68002BA9D00023CDE9043BEF
:1019D0000697FFF753FE00231A4604A92868FEF76E
:1019E00059F99CE74B4500D998B13068211D01F0A9
:1019F0000BFC286839E7019BA269246199182CBF68
:101A00000120002049456160ECD8A9EB03039A420C
:101A1000C1D8636A20469847E369012B7FF424AF5D
:101A2000019BA2692868134400283FF41EAF0022DE
:101A3000CDE904230694FFF721FE00231A4604A9EA
:101A40002868FEF727F928680FE7FFF737FB3368A8
:101A5000DB68D3F80C9009F1040A504601F0EEFB64
:101A6000D9F81C30012B04D0D9F8243048469847C7
:101A7000FAE6D9F81830C9F81090E218BA42C9F855
:101A8000042004D95146306801F0BEFBECE73F1B4F
:101A9000BB421BD82B68002BE6D00023CDE90434D1
:101AA000CDF81890FFF7EAFD00231A4604A928682C
:101AB000FEF7F0F8D8E700BF3C8A0020C08C002079
:101AC00000ED00E0408A00206C8C0020034B514662
:101AD000186801F099FBC7E7029CD0E6408A002015
:101AE000F0B5204C89B000F023F92568FDB100F075
:101AF00029F92068C8B1002407AA06A905A8CDE9DC
:101B0000054400F0EBFFDDE905300221CDE90010CE
:101B1000079A0293144915482346FEF7E7FF144A33
:101B20000346001B18BF0120136009B0F0BD114F20
:101B3000114E384601F048FB304601F045FB0F4A94
:101B40000F4900950F4B17600E600F4A102120209F
:101B5000FDF7FCFF20600028C9D00C49FEF7BCFE51
:101B6000C5E700BFC08C0020A85C0500FD1704007D
:101B7000C48C0020448C0020588C00203C8A00201B
:101B8000408A0020708C0020448A0020A05C050060
:101B90002DE9F04F804685B030200F4616461D4691
:101BA000FDF7B4FF0446A8B1DFF8889000F0C0F854
:101BB000D9F8003093B100F0C5F80E9B6362C4F809
:101BC0000080C4E906762562201D01F009FB002390
:101BD00084F82C30204605B0BDE8F08FDFF858B00F
:101BE000DFF858A00393584601F0EEFA504601F092
:101BF000EBFA0B4A0B49039B00932020C2F800B07C
:101C0000C1F800A0084B094A1021FDF79FFFC9F851
:101C100000000028CFD00649FEF75EFECBE700BFEC
:101C20003C8A0020408A0020708C0020448A0020DA
:101C3000A05C0500C08C0020448C0020588C002043
:101C400030B5144D2C6885B0C4B10529CDE900121A
:101C500002900BDCFFF712FD022812D00023286847
:101C60001A466946FEF716F805B030BD1A462046FA
:101C700000236946FEF71EFA05B030BD204605B0C8
:101C800030BD2868089A00236946FEF703F805B0BE
:101C900030BD00BFC08C002010B5044600F048F8ED
:101CA0006469003418BF012400F04CF8204610BDD0
:101CB000402383F31188FEE730B46FF002034FF046
:101CC0008075074C40F8045C40F80C4C40F8081C48
:101CD00040F8202C40F8243C30BC4438704700BF0A
:101CE000B11C04000F4C08B5E02384F8223000F04A
:101CF00077F80D4B0D4A00211960D4F8883043F471
:101D00007003C4F88830536843F04043536023693C
:101D100043F01003236100F04FF9402383F311884F
:101D2000FEE700BF00ED00E0C88C002030EF00E0CF
:101D3000402383F31188024A13680133136070470C
:101D4000C88C0020034A1368013B13600BB983F36E
:101D500011887047C88C002041DF704712DF704740
:101D600070B51B4B00251D6082B01B680193019B61
:101D7000EFF31186402383F31188164A164BD2F8ED
:101D800004451D601B680093009BFFF7F9F8241AB7
:101D900024F07F44012C0DD844B1FFF7FFF805462D
:101DA00025B10E4B4FF080525A6040BF86F3118828
:101DB00002B070BDFFF762FC0228EED1013CFFF7D4
:101DC000EDF8013C631C45EA0005F8D1E8E700BFE7
:101DD00040110140001001400011014000ED00E001
:101DE0000B4B0C4930B41F200B4DC3F808050122E2
:101DF0000224E020C3F804232A601A60C3F8444395
:101E000081F811034FF400330B6030BC704700BF02
:101E10000010014000E100E0081001402DE9F04110
:101E2000804684B0EFF3108272B6584CA36883B931
:101E3000574B58480121A160D3F880100140216020
:101E4000C3F88000D3F8841061604FF0FF31C3F80D
:101E5000841002B962B6504ED6F80475FFF7F4FB51
:101E600000283DD04D4A4E49424528BF4246BB1846
:101E700023F07F4301200025C6F80803C6F840354B
:101E80000D600B6801934FF480330199C6F8043359
:101E9000BFF34F8FB8F1000F54D13F4B404D414934
:101EA0004FF48030C3F80803002028602D680395A4
:101EB000039D08600968029101210298C3F8041388
:101EC000D3F804353249DB1B23F07F45954228BF08
:101ED00015464FF40033012DC1F8803111D827D0B9
:101EE000A3685BB1EFF3108372B6294A21681160D1
:101EF000616851600022A26003B962B604B0BDE817
:101F0000F081681EFFF742F8274BDB68DA010FD536
:101F1000264A1368DB070BD5254B516803FB05F5F3
:101F2000A5F57425A5F51075AD0A01EB851555606D
:101F3000FFF734F80028D3D01E4B4FF080525A6080
:101F400040BFCDE7F1EE103A23F09F03E1EE103AE7
:101F5000F1EE103A0E4B04A84FF480614026C3F80E
:101F60008461C3F8841100F8045DFFF7F7FE9DF863
:101F70000C1039B920BFD3F80001D3F80411014384
:101F8000F8D08AE7FFF7E8FE87E700BF34A5002016
:101F900000E100E0FC06FFBD00100140FDFFFF0076
:101FA0004011014000110140F0ED00E0001000E0A0
:101FB00040420F0000ED00E00748006880F3088809
:101FC00062B661B6BFF34F8FBFF36F8F4FF0E00083
:101FD00080F3118800DF00BF00600200064B196823
:101FE0000868B0E8F04F80F30988BFF36F8F4FF0B7
:101FF000000080F31188704738890020EFF30980D2
:10200000BFF36F8F144B1A681EF0100F08BF20ED3E
:10201000108A20E9F04F10604DF8043D4FF0400069
:1020200080F31188BFF34F8FBFF36F8FFFF79EF9D7
:102030004FF0000080F3118808BC19680868B0E808
:10204000F04F1EF0100F08BFB0EC108A80F3098823
:10205000BFF36F8F704700BF38890020704700BF03
:102060000A490B4A0B4B9B1A03DD043BC858D0505E
:10207000FBDC094809494FF0AD32026004300439F5
:10208000FBD100F02BFCE4F7E3F80000C08805006A
:10209000006000207463002000F8032000080000A6
:1020A000FEE7FEE7FEE7FEE7FEE7FEE7FEE7FEE708
:1020B000FEE7FEE708B50020E4F704F9EBF74EFD74
:1020C0000E4B43B10E4B7BB1EBF78AF800F0E4FC0A
:1020D000AFF30080F8E7EBF783F800F0DDFCEBF7F7
:1020E0007FF800F0D9FCF6E7EBF77AF800F0D4FCC3
:1020F000EBF776F800F0D0FCF6E700BF0000000038
:102100000000000000B583B000F032FEFDF79AF940
:102110000E4B019301234FF480620D4900930D484B
:102120000023FEF74DFD4FF4407000F0D5FDFEF7A3
:10213000B9FEBFF34F8F0849084BCA6802F4E0624A
:102140001343CB60BFF34F8F00BFFDE7CC8C002063
:10215000B05C0500B520040000ED00E00400FA05C5
:1021600038B507480C461546E4F736FA00B938BDCD
:102170002A4621460248BDE83840E4F705B900BFC9
:1021800090630020FDF792BCFDF790BCFDF7A8BC62
:10219000FDF7A6BC084A094908B5136818448842E7
:1021A00002D81060184608BD0DF0D0FD0C23036066
:1021B0004FF0FF33184608BD1C61002000F80320D3
:1021C000114B1A78EAB90178104810B40A464FF05A
:1021D000804402F00102C1F34001C4F88015C4F844
:1021E00078250268D20706D4E021012280F8001386
:1021F000C0F880210260012205481A705DF8044B86
:1022000070470448704700BF30A5002000E100E09F
:102210000000AD0B0C00AD0B0C4B012230B4C3F829
:102220008020BFF34F8FBFF36F8F094C094D0A49D0
:102230000A4A00234FF0804023604FF460742B6003
:10224000C0F808430B60137030BC704700E100E039
:10225000D08C0020D48C0020D88C002030A5002009
:102260000268074B4FF0804010B400214FF46074B7
:10227000C0F80843196002B11A605DF8044B70475A
:10228000D88C00204FF080434FF46072C3F80423D1
:10229000704700BF4FF080434FF46072C3F80823CB
:1022A000704700BF4FF08041034B4FF46070002235
:1022B000C1F808031A607047D88C002010B54FF0A1
:1022C000804386B0D3F80443620705D5D3F80821CC
:1022D00003F58473002A4ED1A30603D52A4B1A684E
:1022E000002A3FD1600603D5284B1A68002A2FD157
:1022F000210602D5264B1A680ABBE20502D5254BFA
:102300001A6892B9A3050ED5234B1A685AB1002258
:102310001A601A68214B0592059A1B68022006B0C4
:10232000BDE81040184706B010BD00221A601B4AD5
:102330001B68049301201368049A9847E2E7002081
:102340001860164A1B6803931368039A9847D4E7EA
:1023500000221A60124A1B68029301201368029A35
:102360009847C5E7002018600D4A1B680193136861
:10237000019A9847B6E700221A600A4A1B68009340
:102380001368009A9847A7E714010040180100401D
:102390001C0100402001004024010040D88C002096
:1023A000D48C0020D08C00202DE9F04F04799D4D75
:1023B000E6003719BF0005EB070E83B09EF81CC07E
:1023C000BCF1000F40F0E58091F80CC00068EA51C4
:1023D000CEF80430BCF1010F0B7840F2DE801F2BE9
:1023E00087BF03F01F08DFF840E298464FF0A04E89
:1023F000012707FA08F7CEF808751F2B8BBF03F0EB
:102400001F071F46DFF820E24FF0A04E07F5E077E8
:102410004FF001084EF827804F78FF2F00F0E98039
:102420001F2F8ABF07F01F09B946DFF8FC8100970C
:1024300098BF4FF0A04809F5E07A4FF0010E0EFA70
:1024400009FE4FF00309C8F80CE548F82A9091F806
:1024500002E0BEF1FF0F00F0D580BEF11F0F91F832
:102460000EA088BFDFF8C0B1CDF804E08EBF0EF03B
:102470001F08F0464FF0A04B08F5E0784FEA8A0AB3
:102480004BF828A006EB040805EB880888F820E044
:1024900091F803E088F81FE0BEF1FF0F2AD091F811
:1024A0000490F046B9F1000F40F08680BEF11F0F96
:1024B00087BF0EF01F0B5C4FF3464FF0A0474FF065
:1024C000010A0AFA0BFAC7F808A5BEF11F0F86BF6A
:1024D0000EF01F08DFF850A14FF0A04A08F5E07891
:1024E00006EB040E4FF0030B05EB8E0E4AF828B0F6
:1024F0008EF81E9091F80DE0C0F80835009BD1F8D9
:102500000880C0F80C351EF1000318BF0123019F9D
:10251000C0F81075BCF1020FC0F824857FD0BCF163
:10252000030F79D0BCF1010F56D0C0F854358B7928
:10253000C0F8C035002A58D040220723C0F8042331
:10254000C0F800354A79000B43B25201002BD1B2DA
:10255000C0B25BDB5A09920002F1604203F16043B2
:10256000012702F5614203F5614300F01F0007FAFD
:1025700000F083F80013C2F880011060344405EBCA
:1025800084052A48002201236A772B7703B0BDE82F
:10259000F08F274803B0BDE8F08F1F2B87BF03F0F3
:1025A0001F08DFF884E098464FF0A04E012707FA95
:1025B00008F7CEF80C7520E7BEF11F0F87BF0EF0AD
:1025C0001F0B194FF3464FF0A0474FF0010A0AFACC
:1025D0000BFAC7F80CA578E743F00203C0F85435AE
:1025E0008B79C0F8C035002AA6D10723C0F8003582
:1025F000C4E791F802E04FF0FF37BEF1FF0F0097FC
:102600007FF42BAF4FF0FF3701973BE7094B00F00A
:102610000F0003441976B1E743F0060385E743F062
:10262000040382E7DC8C0020000300500000AD0BA7
:102630000500AD0BFCEC00E02DE9F04F0479644F90
:102640004FEAC40C0CEB04039B008646F8180E46B8
:10265000417F83B0002940F0918057F80390904665
:10266000B9F1000F04D012F0140F04BF0123437717
:102670000CEB040507EB850596E80F0095F81FA005
:1026800005F10C0BBAF1FF0F8BE80F0010D0AA7FF9
:102690005346002A76D0BAF11F0F86BF0AF01F03F7
:1026A0004C494FF0A041012202FA03F3C1F808356A
:1026B00032686AB102F06043B3F1005F08D064444D
:1026C00007EB8407002344487B7703B0BDE8F08F15
:1026D000B16821B101F06043B3F1005FEFD1DEF8E2
:1026E00000307568F068C3F844250022C3F84855E7
:1026F000C3F83415C3F83805C3F81821D3F81821E6
:102700000192019A18F0010218BF0122C3F8502566
:1027100018F0020218BF012218F0080FC3F8402574
:1027200004BF01221A61B9F1000F0BD02B484022DF
:1027300018F0040F14BFC3F80823C3F8042303B030
:10274000BDE8F08FD3F81821002AFBD0BAF1FF0FB3
:102750002CD0644407EB8407BB7F4BB3BAF11F0F47
:1027600084BF0AF01F0A1B4A1C4898BF4FF0A042C2
:10277000012303FA0AF3C2F80C35A6E7184803B0A0
:10278000BDE8F08FBAF11F0F4FF0010288BF0AF0C9
:102790001F0302FA03F388BF0E49326898BF4FF057
:1027A000A041C1F80C35002A84D191E70B488CE791
:1027B000BAF11F0F84BF0AF01F0A064A074898BFE4
:1027C0004FF0A042012303FA0AF3C2F808357CE770
:1027D000DC8C0020000300500A00AD0B0000AD0BA4
:1027E0000B00AD0B194BD3F8182102B9704700212B
:1027F000174AC3F81811D3F81811D37F82B0FF2BF2
:10280000019101990DD0917F99B11F2B86BF03F0E3
:102810001F0310484FF0A040012101FA03F3C0F854
:102820000C35002353771372D2E900310A4802B005
:1028300018471F2B86BF03F01F0306484FF0A04028
:10284000012101FA03F3C0F80835EAE7003002403D
:10285000DC8C002000030050E48C00201B4BD3F8DC
:10286000182102B970470021194AC3F81811D3F88A
:10287000181192F8433082B0FF2B019101990ED0CC
:1028800092F84210A9B11F2B86BF03F01F03114815
:102890004FF0A040012101FA03F3C0F80C350023EA
:1028A00082F8413082F82C30D2E909310A4802B06E
:1028B00018471F2B86BF03F01F0306484FF0A040A8
:1028C000012101FA03F3C0F80835E8E700F00240FF
:1028D000DC8C002000030050088D0020604B1B683A
:1028E00030B45C1C37D05F4A082B126800F08F8030
:1028F0005B4B5C4A1B681268082B15D0591C23D00F
:10290000584A1268082B12D0574AD2F8883043F43C
:102910007003C2F88830BFF34F8FBFF36F8F534BF4
:10292000534A1A6030BC7047002A00F08280032AA4
:10293000EAD84FF08043D3F80024D20744BF6FF0A9
:102940000102C3F80024DFE74A4A4B4B12681B78A8
:10295000C2F30312D6E7484A464B12781B68082A8E
:10296000C3F3031301D1032B53D9424A424B1268DC
:102970001B78C2F30312082BBAD1032AB8D84FF040
:1029800080523E4BD2F80414C3F82015D2F8081434
:10299000C3F82415D2F80C14C3F82815D2F8101473
:1029A000C3F82C15D2F81414C3F83015D2F8181443
:1029B000C3F83415D2F81C14C3F84015D2F820140B
:1029C000C3F84415D2F82414C3F84815D2F82814D3
:1029D000C3F84C15D2F82C14C3F85015D2F83014A3
:1029E000C3F85415D2F83414C3F86015D2F838146B
:1029F000C3F86415D2F83C14C3F86815D2F8401433
:102A0000C3F86C15D2F84424C3F8702570E7032A84
:102A10000CD8134B1B684FF080420021581CC2F8A1
:102A20000C11C2F81011C2F838159ED00D4A126868
:102A3000A1E7134C1349144D25601448144AFB2494
:102A4000C1F8184501681268124C21F00F0102F01C
:102A50000F020A434FF400710260216050E700BF8B
:102A6000300100103401001000ED00E02061002072
:102A70000090D003E80F00F0E00F00F000C000402D
:102A80008C56004000F0004048810300E40E0040F6
:102A9000580200104096024008B5E3F719FC054BB8
:102AA0004FF080525A6040BFBFF34F8FBFF36F8F1C
:102AB00008BD00BF00ED00E0704700BF704700BFD9
:102AC000044B036010B46423034C0C6013605DF886
:102AD000044B7047248D0020788D0020054B036047
:102AE00010B44FF48073044C0C6013605DF8044B19
:102AF000704700BF088F00205C8F002070B51F4C0E
:102B000084B04FF0FF3203A92068FDF779FB00285D
:102B1000F7D00398037A4568052B0DD8DFE803F05A
:102B2000272A221C1503D0E90361D0E90523C069D7
:102B300000903046A847039803681BB11846FCF77D
:102B4000CFFF0398FCF7CCFFDBE7D0E90523D0E902
:102B50000301A8470398EFE7D0E90412C068A8472B
:102B60000398E9E7D0E90301A8470398E4E7A847F9
:102B70000398E1E7C068A8470398DDE76093002069
:102B80002DE9F0432D4B2E4C5B6885B0C3F3080351
:102B9000019001AF2068002B44D0002339461A462B
:102BA000FDF788FA01283AD0DFF89880D8F80000BD
:102BB000002240000421FCF7F9FF064678B3DFF855
:102BC0008890D9F80000FEF775F8FFF7B1F802E039
:102BD0003046FDF75FF8002203A92068FDF710FBDF
:102BE00000230546642203A90028F1D12068FDF7DF
:102BF0004FFE2660FFF7A6F8D9F80000FEF70CF9A3
:102C0000D8F800300D4A20685B00C8F800305368DF
:102C1000C3F30803394653B96422FDF73BF805B006
:102C2000BDE8F08339466422FDF734F8BAE72B4655
:102C30002A46FDF73FFA05B0BDE8F08300ED00E05D
:102C4000609300205C930020649300202DE9F843FA
:102C50009DF8205006460F4691469846CDB1A800F3
:102C60000C30FCF723FF044688B10023C0F8049021
:102C70000572036006B177B92DB1AA00414604F18F
:102C80000C000DF0E8F82046FFF77AFF0120BDE8C0
:102C9000F8831020E5E73846FCF708FF81462060FE
:102CA000A0B13A4631460DF0D6F8002DEBD0691EA2
:102CB000C9B208EB8101A8F1040353F8042FB24212
:102CC00008BFC3F800909942F7D1D6E72046FCF739
:102CD00007FF4846DBE700BF30B540230B4D83B00C
:102CE00004460022184604212B60FCF75FFF084BC6
:102CF000084918600223CDE90031A2B20023064939
:102D00000648FDF75DFF03B030BD00BF5C930020B7
:102D10006093002064930020B85C0500FD2A040045
:102D200011DF704708B50446FFF7FAFF0D4B4FF06F
:102D300080414FF0FF32C3F88020C3F88021C3F8F0
:102D40008420C3F88421C1F81C45BFF34F8F064986
:102D5000064BCA6802F4E0621343CB60BFF34F8FA7
:102D600000BFFDE700E100E000ED00E00400FA052F
:102D70004FF08043194AD3F80014194830B4116059
:102D8000D3F80054D3F80024164C17492A43C3F84B
:102D90000024D4F84025026001224FF40030C3F82B
:102DA00018259A60C1F88000BFF34F8FBFF36F8F73
:102DB0000E4C03F588334FF0A0454FF480304FF0B0
:102DC000FF31C3F84803C3F808035A609A60C5F896
:102DD0000815C4F8081530BC704700BF6893002080
:102DE0006C93002000A0004000E100E000030050D0
:102DF00008B54E20FFF796FF222819D8F0B4614B92
:102E000053F82030023B82B01D2B00F2B980DFE87E
:102E100003F011A4A6A8B7B7B7B7B7B7B7B7B7B796
:102E2000B7B7B7B7B7B7B7B7B7B7B7B7AAACAEB05A
:102E3000002070470127544B1C680023082CADF874
:102E4000063040F398800A2C40F397800D2CB5BFD4
:102E50000C250E25022303234C494D4AC1F8F035B9
:102E600001260023DFF834C14A48C1F80065C1F8E3
:102E70001435C1F81035C2F81435C2F81035C2F84F
:102E80002435C2F82035C2F83435C2F83035C2F8DE
:102E90004435C2F84035C2F85435C2F85035C2F84E
:102EA0006435C2F86035C2F87435C2F870353A4AF4
:102EB000DCF8003000681268DFF8E4C01B02000391
:102EC00000F4805003F4E0631204034302F4E022B0
:102ED0009CF80000134343EA00630DF10602C1F8B9
:102EE00018350846C1F81475C1F81075C1F82C26BC
:102EF000C1F830660E60D0F80031002BFBD0002105
:102F00000123224AC0F800114360D2F80431002B9B
:102F1000FBD0002001231D49C2F804019360D1F8C1
:102F20001431002BFBD00023C1F81431BDF806206A
:102F3000120448BFADF80630144B0022C3F8002538
:102F4000BDF80600AC4200B204D035BF2C1B641B98
:102F5000E040A04002B0F0BC704702276BE70327B7
:102F600069E7042767E7052765E7062763E707277B
:102F700061E708275FE708256EE70A2501236BE76D
:102F80000020E7E7145C0500246100200070004089
:102F900010700040789300207C93002074930020F0
:102FA0007093002022281BD83C4B53F820301F2B55
:102FB00086BF03F01F033A4A4FF0A0420E290FD8F4
:102FC000DFE801F0655F59534D474039322B241D2E
:102FD000160F080003F5E07340F2037142F8231066
:102FE000704703F5E07340F2036142F82310704725
:102FF00003F5E07340F2035142F82310704703F5E4
:10300000E07340F2034142F82310704703F5E07388
:1030100040F2033142F82310704703F5E07340F2A9
:10302000032142F82310704703F5E07340F20311C7
:1030300042F82310704703F5E0734FF4403142F833
:103040002310704703F5E0734FF4003142F823106A
:10305000704703F5E073134942F82310704703F5F6
:10306000E073114942F82310704703F5E07304211F
:1030700042F82310704703F5E0730C2142F8231047
:10308000704703F5E073032142F82310704703F5FE
:10309000E073002142F82310704700BF145C050064
:1030A00000030050040002000C000300222811D885
:1030B0000A4B53F820301F2B88BF03F01F034FF03B
:1030C00001028CBF06484FF0A04002FA03F311B191
:1030D000C0F808357047C0F80C357047145C05001F
:1030E00000030050222818D80D4B53F820201F2A27
:1030F0008ABF0C494FF0A04102F01F02D1F814051D
:1031000001239340034214BFD1F80425D1F81025C0
:10311000134214BF0120002070470020704700BFF9
:10312000145C050000030050222800D970470E4BA4
:1031300053F820101F298ABF0C4A4FF0A04201F01B
:103140001F01D2F8140501238B40034214BFD2F8AB
:103150000415D2F810150B4202D1C2F80835704799
:10316000C2F80C35704700BF145C05000003005026
:1031700022280DD8074B53F820201F2A86BF02F0C3
:103180001F0205494FF0A04101239340C1F80835C3
:10319000704700BF145C05000003005022280DD8C2
:1031A000074B53F820201F2A86BF02F01F02054953
:1031B0004FF0A04101239340C1F80C35704700BF88
:1031C000145C05000003005000F108034FF0FF31CC
:1031D0000022816002604360C0E90333704700BF92
:1031E00000230361704700BF4368026810B49C6805
:1031F0008C609C684B600132616099605DF8044BA3
:1032000008610260704700BF30B40D686B1C11D0BC
:1032100000F1080200E01A4653681C68AC42FAD973
:1032200004684B60013499608A60516008610460F1
:1032300030BC704702695368F2E700BF426881689A
:10324000036910B4916081685C684A601A688442BE
:1032500008BF5960013A002101611A6018685DF8E1
:10326000044B704730B4002520240572C4600170FF
:10327000426030BC704700BF38B5044640680D4618
:10328000EAF7C6FF0120207205B938BD21786068D1
:10329000EBF77EF86068EBF7EDF8B0FA80F04009E4
:1032A00038BD00BF2DE9F041079EC4689519A542BD
:1032B00002D90020BDE8F08104460F46017840683D
:1032C00098461546EBF764F8606803685B684EB192
:1032D000069A3AB1114632469847B042E9D1606841
:1032E00003685B6839462A4698478542E1D14146E2
:1032F0006068EBF757F8B0FA80F04009DAE700BFF2
:103300002DE9F047C468DDF820909DF82450A242D2
:1033100002D90020BDE8F08780460E46017840685B
:1033200014469A46EBF734F8D8F80400036831469F
:103330005B68224698478442EBD12946D8F80400BE
:10334000EBF730F80028E4D10746B9F1000F27D099
:10335000D8F80C3098F80010D8F80400A9EB07054D
:103360009D4228BF1D46A9EB05039F4234BF0023A1
:103370000123EAB2EAF7B0FF8542CAD16DB1002657
:103380003446D8F8040003685B6998470134564412
:10339000A4B2A542F0552646F3D82F44B945D7D854
:1033A0000120BDE8F08700BFF8B5079D8173044692
:1033B000FF210020C4E9005084F8340061742174B6
:1033C000E173082017461E469DF81850FEF7DAFEF6
:1033D00065734671057107606060A76026732046BB
:1033E000F8BD00BF38B5044690F90E00411C07D067
:1033F0000121FFF7D7FD012194F90E00FFF756FEDA
:10340000256835B12846EAF75DFD012084F83400CF
:1034100038BD012194F90F00FFF7C4FD637B94F9D7
:103420000F00012B94BF29460121FFF73FFE94F9BD
:103430001000421C0AD194F91100431CE5D0002170
:10344000FFF7B0FD012084F8340038BD0121FFF7FB
:10345000A9FD94F910000121FFF728FE94F911004D
:10346000431CECD1D1E700BF2DE9F04F044687B0F3
:1034700000680391109D0292994620B1636893E819
:103480000600EAF763FD94F90E00461C02D0002105
:10349000FFF70CFE002D67D04D449C4F6B1E09F1C9
:1034A000FF39019347F00107CB4607E001220DF1F8
:1034B0001701EAF7F7FD019B9B4555D020681BF8E3
:1034C00001AF8DF817A00028F0D1227B904BA168A6
:1034D000B3FBF1F9002A5FFA89F94FEA891614BFA4
:1034E000802501251AEA050F334608BF4FF0010871
:1034F0004E4618BF4FF0000899460EB14846B847EF
:10350000627BA36912F0FD0F00F0A780032A00F090
:10351000DB801968E26A0A431A6016B14846B84768
:10352000A36994F91020013208D06269606A1168B9
:103530001AEA050F14BF0143814311601968E26A5A
:1035400021EA02021A6094F9113001331CBFE369C9
:103550001B68237B002B40F0AC806D0015F0FF054D
:10356000CBD1019B9B45A9D1029B002B66D09946EC
:10357000039B664F994409F1FF3203F1FF3A019230
:1035800047F00107D34607E001220DF11701EAF7E2
:1035900089FD019B9B4551D020681BF8018F8DF858
:1035A00017800028F0D1237B594EA268B6FBF2F6B3
:1035B000002B14BF8025012518EA050FF6B20CBFB9
:1035C0004FF0010A4FF0000A4FEA86190EB1484643
:1035D000B847627BA36912F0FD0F00F09B80032ABD
:1035E00000F0CF801968E26A0A431A6016B14846B3
:1035F000B847A36994F91020013209D06269616A61
:10360000106818EA050F14BF014320EA0101116098
:103610001968E26A21EA02021A6094F91130013352
:103620001CBFE3691B68237B002B40F09F806D006B
:1036300015F0FF05CAD1019B9B45ADD194F90E0051
:10364000431C02D00121FFF731FD206808B1EAF7E1
:10365000E1FC012007B0BDE8F08F94F91020501C68
:1036600010D01AEA050114BF01220022424509D0F8
:103670006269D4F824C0106809B340EA0C001060F5
:103680004FF001081968E26A0A431A6016B1484609
:10369000B847A36994F9112001321CBFE26912688E
:1036A0001968E26A21EA02021A60237B002B3FF4C8
:1036B00054AF6B10DDB2002B7FF41FAFFBE620EAA6
:1036C0000C0088461060DDE794F91020013208D024
:1036D0006269606A11681AEA050F14BF01438143E9
:1036E00011601968E26A21EA02021A604EB1484686
:1036F000B847A169E36A0A6813430B604846B847B4
:1037000021E71968E26A0A431A601CE7D05C0500E9
:1037100020A1070094F91020511C10D018EA0501CF
:1037200014BF01220022524509D06269D4F824C096
:10373000106809B340EA0C0010604FF0010A1968E4
:10374000E26A0A431A6016B14846B847A36994F979
:10375000112001321CBFE26912681968E26A21EA8D
:1037600002021A60237B002B3FF461AF6B10DDB2C5
:10377000002B7FF42BAF0CE720EA0C008A46106088
:10378000DDE794F91020013208D06269606A11689F
:1037900018EA050F14BF0143814311601968E26AFA
:1037A00021EA02021A604EB14846B847A169E36AAD
:1037B0000A6813430B604846B8472EE71968E26A67
:1037C0000A431A6029E700BF2DE9F04F044687B08D
:1037D00000689DF8446002938A46154620B16368EC
:1037E00093E80600EAF7B2FB94F90E00431C02D0FE
:1037F0000021FFF75BFC002D67D055446A1E9D4BEE
:1038000001920AF1FF3243F001089346039607E064
:1038100001220DF11701EAF745FC019B5B4553D0EE
:1038200020681BF801AF8DF817A00028F0D1227B8B
:10383000914BA168B3FBF1F9002A5FFA89F94FEACD
:10384000891614BF802501251AEA050F334608BFE3
:1038500001274E4618BF002799460EB14846C0477B
:10386000627BA36912F0FD0F00F0AD80032A00F027
:10387000DE801968E26A0A431A6016B14846C047FA
:10388000A36994F91020013208D06269606A116856
:103890001AEA050F14BF0143814311601968E26AF7
:1038A00021EA02021A6094F9113001331CBFE36966
:1038B0001B68237B002B40F0AF806D0015F0FF05E7
:1038C000CBD1019B5B45ABD1039E109B002B00F03D
:1038D0003D81029A184602EB000A664B0AF1FF315D
:1038E000013A0291019243F00108B2460EE0012232
:1038F0000DF11701EAF7D6FB9DF81760019B029ABC
:1039000003F8016F9342019300F0208120688DF845
:1039100017A00028EBD1217B574BA268B3FBF2F92B
:10392000002914BF802501251AEA050F5FFA89F9DD
:1039300006460CBF4FF0010B4FF0000B4FEA891702
:10394000B9F1000F01D03846C047627BA36912F07D
:10395000FD0F00F09380032A00F0D4801968E26A1A
:103960000A431A60B9F1000F02D03846C047A36974
:1039700094F91020013208D06269606A11681AEA6D
:10398000050F14BF0143814311601968E26A21EAFF
:1039900002021A6094F91130013305D0E269A36A7A
:1039A00012681A4218BF2E43237B002B40F09980E7
:1039B0006D0015F0FF05C3D194F91130013308BF34
:1039C0009DF817609AE794F91020501C0DD01AEA60
:1039D000050114BF01220022BA4206D06269676A5B
:1039E0001068F9B13843106001271968E26A0A4388
:1039F0001A6016B14846C047A36994F911200132F4
:103A00001CBFE26912681968E26A21EA02021A60C0
:103A1000237B002B3FF451AF6B10DDB2002B7FF402
:103A20001CAFFAE620EA070010600F46DDE794F9C4
:103A30001020013209D06269616A10681AEA050F24
:103A400014BF014320EA010111601968E26A21EA0A
:103A500002021A604EB14846C047A169E36A0A688B
:103A600013430B604846C0471DE71968E26A0A43E2
:103A70001A6018E7D05C050020A1070094F9102017
:103A8000511C11D01AEA050114BF012200225A4527
:103A90000AD06269D4F824C0106800292DD040EA09
:103AA0000C0010604FF0010B1968E26A0A431A60BB
:103AB000B9F1000F02D03846C047A36994F911202C
:103AC000013205D0E169A26A0968114218BF2E438C
:103AD0001968E26A21EA02021A60237B002B3FF494
:103AE00067AF6B10DDB2002B7FF42AAF94F9113071
:103AF000013308BF9DF8176000E720EA0C008B46F1
:103B00001060D1E794F91020013208D06269606A30
:103B100011681AEA050F14BF014381431160196847
:103B2000E26A21EA02021A60B9F1000F09D03846B0
:103B3000C047A169E36A0A6813430B603846C0476F
:103B400028E71968E26A0A431A6023E794F90E002D
:103B5000431C02D00121FFF7A9FA206808B1EAF757
:103B600059FA012007B0BDE8F08F00BF704700BFD1
:103B700010B50446FEF70AFB204610BD38B50A4BC7
:103B800004460D46442240F80C3B00210CF087F916
:103B90000023A560237104F154010120FCF754FABD
:103BA0002065204638BD00BFE05C050070B50446C6
:103BB0000E46006D4FF0FF31FCF7B4FC257955B986
:103BC0008EB1A660314604F10C0003F041FEB0FA5C
:103BD00080F56D0925710023206D1A461946FCF702
:103BE00059F8284670BDA668002EF4D0EAE700BF59
:103BF00070B505464FF0FF31006DFCF793FC2B7953
:103C000005F10C06F3B100232B71304603F022FFBF
:103C1000044668B9A968304604F094FE044638B9F1
:103C20003046A96803F014FE044608B901232B713D
:103C30000023286D1A461946FCF72CF8B4FA84F0D4
:103C4000400970BD3046A96804F07CFE0446EFE7E9
:103C500030B5044695B00D46006D4FF0FF31FCF7CE
:103C600061FC294601AA04F10C0003F0ABFD00231E
:103C700005461A46206D1946FCF70CF8B5FA85F092
:103C8000400915B030BD00BF2DE9F04F83B00B786F
:103C900000AF2F2B78600CBF4C1C0C4605460E461F
:103CA000006D4FF0FF31FCF73DFC05F10C084FF0C3
:103CB000000918E0ADEB000D8A456D468DF80090C7
:103CC0000DF1010001DD0CF0EAF8314652462846BC
:103CD0000CF0C1F82946404605F000F908B1113052
:103CE00028D10134DD4620462F210DF01BF8A0EB32
:103CF000060A0AF108020446EB4622F007000021FA
:103D00005246002CD6D13146404605F0E7F878B14E
:103D1000113014BF002401247A680023106D194665
:103D20001A46FBF7B7FF20460C37BD46BDE8F08FBB
:103D30000124F1E70024DD46EEE700BF38B5044674
:103D40000D46006D4FF0FF31FCF7ECFB294604F106
:103D50000C0005F0E1FA002305461A46206D1946CD
:103D6000FBF798FFB5FA85F0400938BD70B50369D7
:103D700004460D46186D4FF0FF311646FCF7D2FB96
:103D8000237D4BB1002522690023106D19461A4688
:103D9000FBF780FF284670BD2069A1692A4633469B
:103DA0000C3002F0F7FD20EAE075ECE770B503692E
:103DB000044682B04FF0FF31186DFCF7B3FB257D50
:103DC00045BB2069A1690C3003F0F0FC02AA06464D
:103DD000206902F8015D0123A1690C3003F044FC65
:103DE00000282069A169C8BF9DF80750324600F13C
:103DF0000C004FF00003D8BF4FF0FF3503F0A4FCD8
:103E000022690023106D19461A46FBF743FF284626
:103E100002B070BD4FF0FF35F2E700BF38B503695F
:103E200004464FF0FF31186DFCF77CFB237D4BB14E
:103E3000002522690023106D19461A46FBF72AFF58
:103E4000284638BD2069A1690C3003F0B1FC054655
:103E50002069A1690C3003F0A9FC2D1AE9E700BF25
:103E600010B5036904464FF0FF31186DFCF75AFB9B
:103E7000237D23B92069A1690C3005F043F922693B
:103E80000023106D19461A46BDE81040FBF702BF2B
:103E900070B50369044682B04FF0FF31186DFCF72E
:103EA00041FB257D55B122690023106D19461A4644
:103EB000FBF7F0FE4FF0FF3002B070BD2069A16942
:103EC0000DF1070201230C3003F0CEFB22690646F8
:103ED0002B46106D29462A46FBF7DCFE002ECCBF90
:103EE0009DF807004FF0FF3002B070BD30B5036899
:103EF000164A5B6883B093428DF807101ED10369A0
:103F000004464FF0FF31186DFCF70CFB237D53B1D5
:103F1000002522690023106D19461A46FBF7BAFEE8
:103F2000284603B030BD2069A1690C3001230DF192
:103F3000070202F02FFD20EAE075EAE701220DF109
:103F4000070198470546284603B030BD6D3D040083
:103F500030B4084C016100224FF47A758560C0E9E5
:103F60000042027580F8202080F86020C0E9062217
:103F700030BC7047F45C05002DE9F041044662480E
:103F8000236100254FF47A7684E86100C4E9065580
:103F9000257584F8205084F8605094B00E46186D52
:103FA0004FF0FF319046FCF7BDFAA16981B120695D
:103FB000277D0C30002F6AD002F07EFBA069FBF752
:103FC0008FFDE069A56108B1FBF78AFD0023E3617D
:103FD000206901AA0C30314603F0F4FB0546A8BB6A
:103FE0009DF804302769112B58D02C20FBF75EFD7B
:103FF000A06108B30146324607F10C0002F0AEFAA8
:10400000002854D10123237530460CF0BCFE01304A
:10401000FBF74CFD3146E0610CF09BFE27692F2138
:1040200030460CF0CDFE04F1200300B1461C3146B1
:10403000184640220CF0AFFE0023386D1A46194690
:10404000FBF728FE204614B0BDE8F081851C2769E7
:10405000F2D1B8F1010FEFD13820FBF727FDA061B5
:104060000028E9D0014640F2031307F10C00324664
:1040700004F094FF0546002835D12069A1690C3071
:1040800002232A4603F060FB27692575C7E705F080
:10409000B3F8A069FBF724FDA76199E7B8F1000F19
:1040A0000BD0B8F1010FBAD140F2031506E0A069B8
:1040B000FBF716FDA5612769BEE701253820FBF750
:1040C000F5FCA0610028B7D001462B4607F10C0093
:1040D000324604F063FF30B9B8F1010F276909D007
:1040E000002323759BE7A069FBF7FAFC0023A3617B
:1040F0002769A1E70246022307F10C00A16903F03A
:1041000023FB2769ECE700BFF45C05002DE9F041D3
:104110000369044694B00D46186D4FF0FF31904688
:10412000FCF700FAA16989B12069267D0C30002EC8
:1041300051D002F0C1FAA069FBF7D2FCE06900237C
:10414000A36108B1FBF7CCFC0023E361206901AA5D
:104150000C30294603F036FB074660BB9DF804305F
:104160002669112B5BD02C20FBF7A0FCA06180B34B
:1041700001462A4606F10C0002F0F0F9002857D15A
:104180000123237528460CF0FEFD0130FBF78EFC61
:104190002946E0610CF0DDFD26692F2128460CF050
:1041A0000FFE203400B1451C2946204640220CF069
:1041B000F2FD012503E0871C266913D000250023AA
:1041C000306D1A461946FBF765FD284614B0BDE868
:1041D000F0810546F3E705F00FF8A069FBF780FCD6
:1041E000A661B3E7B8F1010FE8D13820FBF75EFC18
:1041F000A0610028EDD0014640F2031306F10C0047
:104200002A4604F0CBFE074678BB2069A1690C3032
:1042100002233A4603F098FA26692775BDE7B8F1FC
:10422000000F0CD0B8F1010FB7D140F2031707E02F
:10423000A069FBF755FC3D46A7612669BFE701274A
:104240003820FBF733FCA0610028C2D001463B4672
:1042500006F10C002A4604F0A1FE30B9B8F1010FB6
:10426000266909D00023237597E7A0690025FBF78D
:1042700037FCA5612669A2E70246022306F10C007D
:10428000A16903F061FA2669ECE700BFF0B50446C6
:104290000E460069A16995B017460C3089B1257D9D
:1042A000002D46D002F008FAA069FBF719FCE0697E
:1042B0000023A36108B1FBF713FC206900230C3035
:1042C000E36101AA314603F07DFA054660BB9DF823
:1042D0000430112B52D02C20FBF7E8FBA06128B34F
:1042E00023690146324603F10C0002F037F9002839
:1042F0004AD10123237530460CF045FD0130FBF710
:10430000D5FB3146E0610CF024FD2F2130460CF046
:1043100057FD203400B1461C3146204640220CF0A7
:104320003AFD012015B0F0BD851C0BD0002015B062
:10433000F0BD04F061FFA069FBF7D2FB2069A56125
:104340000C30BEE7012FF1D13820FBF7AFFBA061A5
:104350000028EBD023690146324603F10C0040F2FD
:10436000031304F01BFE054648BB2069A1690C300D
:1043700002232A4603F0E8F92575C6E757B1012F55
:10438000C3D140F2031506E0A069FBF7A9FBA561C4
:104390002846CCE701253820FBF788FBA0610028E0
:1043A000C4D0226901462B4602F10C00324604F0CB
:1043B000F5FD20B9012F08D000232375A5E7A069DA
:1043C000FBF78EFB0020A061B1E72369A1690246DB
:1043D00003F10C00022303F0B7F9EDE770B50369B0
:1043E00004460D46186D4FF0FF311646FCF79AF85B
:1043F000237D4BB1002522690023106D19461A4612
:10440000FBF748FC284670BD2069A1692A4633465F
:104410000C3003F029F90546EDE700BF38B5036914
:1044200004460D46186D4FF0FF31FCF77BF8237DF5
:104430004BB1002522690023106D19461A46FBF77F
:1044400029FC284638BD2069A1692A460C3003F0B2
:104450007BF9C543ED0FEDE738B5036904464FF02E
:10446000FF31186DFCF75EF8237D4BB10025226902
:104470000023106D19461A46FBF70CFC284638BD80
:104480002069A1690C3003F091F90546EFE700BF00
:1044900038B5036904464FF0FF31186DFCF742F858
:1044A000237D4BB1002522690023106D19461A4661
:1044B000FBF7F0FB284638BD2069A1690C3003F0FA
:1044C00077F90546EFE700BF70B5036904464FF082
:1044D000FF31186DFCF726F8A16981B12069257DAF
:1044E0000C30ADB102F0E8F8A069FBF7F9FAE06929
:1044F0000023A36108B1FBF7F3FA0023E36122690B
:104500000023106D19461A46BDE87040FBF7C2BB88
:1045100004F072FEA069FBF7E3FAA561EFE700BFC4
:104520008069003018BF0120704700BF2DE9F047B7
:1045300094B00B690C4605464FF0FF31186D00AF83
:104540009146FBF7EFFF2369314A2B610023C5E950
:104550000023C5E906334FF47A71A9602B7585F8FD
:10456000203085F86030237D002B44D0294EDFF8C1
:10457000AC802069A1690C303A1D02F0B1F8012825
:1045800007F10C01304636D10CF0D9FB07F10C01D4
:104590000028EED040460CF0D2FB0028E9D0D4F839
:1045A0001C8040460CF0EFFB064607F10C000CF0B7
:1045B000EAFB3318093323F00703EA46ADEB030D9A
:1045C000721C684641460BF046FC98F800202F2AE2
:1045D0006B4602D198F8012012B10F4A12889A5303
:1045E00007F10C0118460CF08EFB4A46014628469E
:1045F000FFF74CFED54622690023106D19461A4676
:10460000FBF748FB28465037BD46BDE8F08700BFA2
:10461000F45C050020560500E85C050070510500BB
:104620002DE9F047804600681646026A82B0B24221
:104630000B9F4AD90C461D468FB92DE0B5FBF1F210
:1046400001FB1252D0F8049052B3AA1AA368266054
:10465000626000913146C847F8B9D8F80000236875
:1046600041699E42EAD163689D42E7D3CA189542E8
:10467000E4D2A2EB0509B945A1680A9828BFB9465A
:10468000EB1A19444A46BF1A0BF0E5FB0A9B4B4450
:104690004D440A93002FE0D1002002B0BDE8F0871E
:1046A000B942D2D8B7FBF1FA01FB1A7AA7EB0A0795
:1046B00000970A9B2A463146C8470028EDD10A9B3D
:1046C0003B443D440A935746E4E7034B034A0448FE
:1046D00012210BF00FFB00BF945D0500105D05007B
:1046E000B45D05002DE9F04F85B00392002B5AD040
:1046F00088460168C9695C1EA1F108090E9BB4FBDC
:10470000F9F50746B3FBF9F6BDB3681E02920BF04C
:1047100075F9851CA4EB8505029AB5FBF9F56EBB0E
:10472000B5424AD90DF10C0A4FF004094FF0010BC4
:104730000AE0012A4BD93B681B6A9A4247D80BFA18
:1047400004F42D1BB54238D9AC1BB4FA84F495FAA5
:10475000A5F3C4F11F04B3FA83F39C4228BF1C469F
:10476000CDE900A9A30041463846FFF759FF039A57
:104770000028DED005B0BDE8F08FF6B1701E0292C1
:104780000BF03CF90E9B861CA3EB8606B6FBF9F6F4
:1047900030460BF033F90E9B029A06FB1939A9EB50
:1047A00080030E93BCE70F994FF0FF320A60109A16
:1047B0001846136005B0BDE8F08F0F9B1A60109B80
:1047C0001A460E9B1360002005B0BDE8F08F034B26
:1047D000034A04484FF48F610BF08CFA305E0500F9
:1047E000305D0500B45D05002DE9F04F0446D2E9C7
:1047F00000038FB0002608900291099304F1140978
:10480000B3460DF1280A08AB494653F82670102329
:10481000CDE900A33A4600232046FFF701FF002818
:1048200039D1BBF1000F63D10B9B23F00043132B55
:1048300054D92268D269934250D80EAB4FF0FF3161
:1048400043F81C1D102218465146039304F0A2FEA3
:104850000B9B23F00042102A25D0CDE904B6102589
:104860000DF11B081646DDF80CB004E0584604F0C4
:1048700091FEAE4215D00123CDE900833A462B4686
:1048800049462046FFF7CCFE012241461544002848
:10489000ECD0DDE904B610F1340F1FD00FB0BDE845
:1048A000F08FDDE904B6079B751CBBB905F0010567
:1048B0000DF1380C0CEB850C029D03959AE80F0066
:1048C0006F605CF8187CAF602F46BC461C35102723
:1048D000CCF80C7085E80F004FF0010B7EB1BBF1F6
:1048E000000F14BF00206FF033000FB0BDE8F08F51
:1048F000029A0A9BD2699B1A002B95DAEEE70126F1
:1049000081E700BF2DE9F04F984603681B6A87B026
:104910004345109EDDE911A740F2D780002F4AD011
:1049200081468B461546DBF8003043454ED00133B7
:1049300040F0C580D9F800008269B6FBF2F302FBB3
:104940001363002B3BD1BA4239D8B7FBF2F302FB19
:1049500013730393FB1A0093029384685346324601
:104960004146A047002840F0A380029B002D00F0A4
:104970009B80DBB15446371B9A4408E014F8013B96
:104980009DF817209A4240F09180A2450ED0012355
:1049900001930DF11703009342463B1929464846FF
:1049A000FFF73EFE0028E9D0C0F28280029B039F01
:1049B0001E44002FB7D1002007B0BDE8F08FF31AD6
:1049C000CBE90083DBF800304345B0D1DBF80420AD
:1049D000B242ACD8D9F800108C691444B442A6D9BC
:1049E000A41BBC42DBF8080028BF3C46B21A1044A6
:1049F000514622460BF02FFAD9F80000D0F818C023
:104A00002644B6FBFCF30CFB13633F1BA244002BB4
:104A1000CFD1DBF800104B1CCBD0DBE90123CDF864
:104A200000C08468A047002842D1D9F80030DBF8E4
:104A300008009A696DB3DBE9001352B382181B1AA0
:104A4000CDF808B0CDF80C801096044693460E467B
:104A5000984607E014F8013B9DF817209A4225D1AB
:104A6000A34528D0012301930DF11703009332468B
:104A700008EB040329464846FFF7D2FD0028E9D099
:104A8000DDE902B8109E13DBD9F80030DBF808002E
:104A90009A69FF210BF003FA4FF0FF33CBF8003097
:104AA000002F7FF440AF86E79A447FE76FF0330032
:104AB00007B0BDE8F08FDDE902B8109EE4E7064BD1
:104AC000064A0748B7210BF015F9064B034A04487C
:104AD0009C210BF00FF900BF785D0500205D0500FB
:104AE000B45D0500945D05002DE9F04F9046026825
:104AF000126A83B04245DDF830900D9E6CD91EB32A
:104B000082460F461D463B68984527D001335DD14C
:104B1000DAF800008269B5FBF2F302FB1353BBB96C
:104B2000B24215D8B6FBF2F402FB1464361B0096B1
:104B3000D0F808B04B462A464146D84728B9B14478
:104B400035442646002EDED1002003B0BDE8F08FAC
:104B5000EB1AC7E900833B689845D7D17968A94229
:104B6000D4D8DAF8002092690A44AA42CED9541B5C
:104B7000B442B86828BF3446691A084422464946F8
:104B80000BF069F9DAF8000082692544B5FBF2F30D
:104B900002FB1353361BA144002BD3D139684B1CA5
:104BA000D0D0D7E901C3009284686246A0470028AC
:104BB000CBD1DAF80030B8689A69FF210BF06FF9B1
:104BC0004FF0FF333B60002E9DD1BDE7054B064AF9
:104BD0000648B7210BF08EF8054B034A03489C2189
:104BE0000BF088F8785D0500205D0500B45D0500D8
:104BF000945D05002DE9F04F934691B00024012209
:104C0000CDE905315B46CBE909429A468346DAF89D
:104C10002830013300F00F810AF124025146584632
:104C2000FFF7E2FD079000287AD15246DAF80C30FF
:104C3000DA469346DBF8201021F00042043A03F1F3
:104C40000C00824228BF0AF1140980F0AA800029D2
:104C500080F2ED800AF11409DBE909234FF0000826
:104C60000A920B9347460AAB494653F82860102333
:104C700001930CAB0093324600235046FFF7D0FC63
:104C800000283FD12FB10C9BDBF81C209B1A002B76
:104C900065DB0D9B23F00043132B60D9DAF800206D
:104CA000D26993425BD810AB4FF0FF3143F81C1D23
:104CB000102218460CA9029304F06CFC0D9B23F003
:104CC0000042102A32D00397CDF8108010240DF145
:104CD00023051746DDF8088004E0404604F05AFC3E
:104CE000A74221D00123CDE900533246234649464D
:104CF0005046FFF795FC0122294614440028ECD0C9
:104D0000DDE9037810F1340F29D05B46D3469A468B
:104D1000831C40F09380DAF8243001337FF477AFBE
:104D2000079811B0BDE8F08FDDE90378099B08F121
:104D30000104A3B90CAB10AD0FCB04F0010405EBDB
:104D40008404102554F8184CCBF808400BF11C04CF
:104D5000CBF80460CBF80C5084E80F000127B8F1C1
:104D6000000F1AD0002F5BD0DBF82010DBF81820E2
:104D700021F00043043B143210201B2BCBF81820E9
:104D8000CBF80C000CD80029FFF666AF5B46D34683
:104D90009A460346059A1360BDE74FF0010862E7A3
:104DA0000346059DDBF80420281D0C24CDE90004F2
:104DB00049465046FFF734FC0028A6D16B79A97903
:104DC000EA79DBF80C00286004330B4413440344F5
:104DD000CBF80C306A79AC79E879DBF8181004323A
:104DE000224402440A44CBF818202A7902F07002C7
:104DF000202A7FF41FAF0598069C816822689142A3
:104E000008D0C0686468A04204D0A14202D08242A7
:104E10007FF410AF01230793079811B0BDE8F08F1E
:104E20006FF033030793079811B0BDE8F08F5A462F
:104E3000D3469246AEE70023079371E707906FE7EA
:104E40002DE9F04FA3B001230691002417A90BAA66
:104E5000CDE90B438346FFF7C7FC079000287DD1BF
:104E6000209B01337AD0219B013377D020AA17A948
:104E70005846FFF7B9FC00286FD11A9CDA461F9AF2
:104E800022F00043043B04F10C018B4228BF0AF1DD
:104E9000140B80F09380002A80F28B800AF1140BAF
:104EA000DDE9202300250D920E93A8464FF010094E
:104EB0000DAB594653F82560CDF8049013AB009321
:104EC000324600235046FFF7ABFB00283FD1B8F134
:104ED000000F04D0139B1E9A9B1A002B57DB149BC8
:104EE00023F00043132B52D9DAF80020D269934201
:104EF0004DD822AB4FF0FF3143F8601D102213A9AB
:104F00001846039304F046FB149F27F00042102A32
:104F10002AD0CDE9048510240DF127071546DDF8C8
:104F20000C8004E0404604F035FBA5421AD0012372
:104F3000CDE900733246234659465046FFF770FBD1
:104F40000122394614440028ECD0DDE9048510F133
:104F5000340F1CD0831CD34682D00790079823B00F
:104F6000BDE8F08FDDE904850A9B6C1C7BB913ABAF
:104F70000FCB22AF04F0010407EB840407E90F0014
:104F800054F8543C1896CDE919394FF001089DB1F9
:104F9000B8F1000F41D01F991D9A21F00043043B46
:104FA000143210241B2B1D921A9407D80029FFF6E7
:104FB00077AFD3460F9453E7012579E710A80C2566
:104FC000CDE90005189A234659465046FFF728FBBD
:104FD0000028BFD19DF841209DF842509DF8430024
:104FE0001A9C1D999DF940300F9404322A440244C2
:104FF0001444002B0A441A941D92FFF640AF082275
:10500000069911A80AF018FF00287FF438AF012391
:105010000793079823B0BDE8F08F6FF03303079331
:10502000079823B0BDE8F08F2DE9F04F97B01C46EC
:105030000C9340F62203824624685360104608927F
:10504000DAE90123D3460A948260C3608A460A9D46
:10505000BF4928460BF0C8FE2B4603440446BC4912
:10506000099318460BF07DFE0128079000F072812D
:10507000022800F07881099B079A9D18CDE90A550E
:105080000124B34928460BF0AFFE05442846B04939
:105090000BF067FE78B1022802D001340544F0E736
:1050A0002B782E2BF9D16B782E2BF6D1013CF5D134
:1050B000AB1C0A93CBE7099B1878002800F0888086
:1050C0000C9A1360089A1379222B40F05B8102F14D
:1050D00008031A46514658460D93FFF785FB0028F2
:1050E00076D15246DAF80C30DA469346DBF82010D7
:1050F00021F00042043A03F10C00824228BF0AF179
:10510000140980F0A480002980F294800AF1140927
:1051100012ABD0460393CA46DBE9092300255F465C
:1051200010921193A946AB4610AB514653F82B5041
:1051300010230193039B00932A4600234046FFF768
:105140006FFA002841D1B9F1000F04D0129BFA691F
:105150009B1A002B58DB139B23F00043132B53D9CE
:10516000D8F80020D26993424ED816AB4FF0FF31E9
:1051700043F81C1D102218460399049304F00AFA00
:10518000139B23F00042102A27D0CDF81490CDF8BD
:1051900018B010240DF13B069146DDF810B004E084
:1051A000584604F0F7F9A14515D00123CDE9006375
:1051B0002A46234651464046FFF732FA012231463D
:1051C00014440028ECD0DDE9059B10F1340F1BD00E
:1051D00017B0BDE8F08FDDE9059B0F9B0BF10104D3
:1051E00093B9039B7D600FCB04F0010416AE06EB70
:1051F0008404102554F8184CBC6007F11C04FD60B1
:1052000084E80F004FF00109BBF1000F19D0BB4635
:10521000B9F1000F76D0396ABA6921F00043043B36
:10522000143210201B2BBA61F8600DD80029FFF64C
:1052300073AF0346089A6FF00100136017B0BDE822
:10524000F08F4FF0010B6FE7D1460346C246089F2F
:10525000DBF804200C20391DCDE9001049465046EA
:10526000FFF7DEF90028B3D17B79BA79F879DBF85A
:105270000C403C600433134403442344CBF80C300B
:105280007D79B879FE79DBF818102A1D0244324482
:105290000A44CBF818203A7902F07F01112902D094
:1052A00022297FF423AF07998E427FF41FAF043485
:1052B0002C440444DBF8046000295FD0099DCDF83C
:1052C0000CB012AB641B0127DDF82CB0984607E048
:1052D00015F8013B9DF848209A4216D15D4519D03A
:1052E000CDE900876319324649465046FFF798F9E1
:1052F0000028EDD0D346DDF80CA0FFF669AF089B7F
:105300001A790CE06FF0330062E7DDF80CB0DBF8DF
:105310000C30EBE6089BD3461A79DDF80CA0130697
:105320007FF595AEDBF8043001330BD0DBF80830A5
:10533000013307D00D995846FFF782FD002824D18C
:10534000089B1A79089B02F07F021A717FE600BF62
:10535000E85C05002B5D2E2B7FF48DAE099B079A30
:1053600013440A9373E6099B1B782E2B7FF483AEBC
:10537000099B5B782E2B7FF47EAEEFE75B46D3462E
:105380009A46CCE76FF0130022E7FFF621AF6FF0EB
:1053900001001DE72DE9F04F4468013493B000F09F
:1053A0008B8084680134824600F08680904689466E
:1053B000002101230A910AAA41460B93FFF714FA30
:1053C00000287AD143460AF1140BC8469946D9F809
:1053D0002430581C70D0D9F82820511C6CD0D8F833
:1053E000001099426CD0D8F80400904268D08342F3
:1053F00066D0914264D0CDE90C32002503950EAF02
:10540000CDF810800CAB594653F825601023CDE938
:105410000073324600235046FFF702F9002840D1BE
:10542000039B2BB10E9BD9F81C209B1A002B3BDB56
:105430000F9B23F00043132B36D9DAF80020D269F2
:10544000934231D812AB4FF0FF3143F8241D1022A4
:1054500018463946059304F09DF80F9B23F000424F
:10546000102A33D00695CDF81C9010240DF1230896
:105470001546DDF8149004E0484604F08BF8A54288
:1054800022D00123CDE900833246234659465046B7
:10549000FFF7C6F80122414614440028ECD0DDE9AC
:1054A000065910F1340F08D165B3DDE90338002B3C
:1054B0008DD16FF0330000E0002013B0BDE8F08F15
:1054C000012013B0BDE8F08FDDE90659099B6C1C83
:1054D000002BE9D197E80F0004F001040DF1480C0E
:1054E0000CEB8404C9F8046054F8184CC9F808405F
:1054F000102609F11C04C9F80C6084E80F00012390
:105500000393D1E701257DE72DE9F04F4FF0010B23
:10551000A1B081468A464FF00008D9E90C52D9F86B
:10552000384013E05109531C601ED9F83C60C9F89B
:105530003430C9F8380056F8217002F01F010BFA18
:1055400001F1394200F0718104461A469542E9D1D1
:10555000002C00F01383D9F80020D9F82C30D9F8AA
:105560003C00D2E908121D44944228BF1446B5FB02
:10557000F1F301FB1355C9F83480C9F83040D20863
:10558000C9F82C5000210AF08AFCD9F80430013304
:10559000C3D0D9F808300133BFD015AA0123059232
:1055A000524609F11407CA46CDF834800E93002400
:1055B0009146DAF80060DAF82C20316ADAF83050D7
:1055C0008A1A1444B4FBF1F001FB1040A84212D235
:1055D000DAF83C10440900F01F0351F824200BFABC
:1055E00003F3134341F82430316ADAF82C200E9B80
:1055F000DAF830508A1A1A44B2FBF1F301FB132295
:10560000AA420BD25409DAF83C0002F01F0250F80B
:1056100024100BFA02F30B4340F824300DAA05992D
:105620005046FFF7E1F8002840F0BA81CDF81C9011
:105630000C26B946189B12AC1CE0169ACDE9004620
:1056400049465046FEF7ECFF002840F0A9819DF83E
:1056500049309DF84A209DF84B00189904331344B3
:105660009DF84820034402F070020B44102A18935E
:1056700000F089821D9A22F00042043A03F10C01E5
:105680009142DAD9DDE91E43601C4F46CDE90D4356
:10569000DDF81C9001D0591C8BD14B46D1469A465F
:1056A000D9F80C50002D3FF438AFCDF824A0AA460D
:1056B000DAF81C30DA0340F19C81DAF81440002C4F
:1056C00000F09781D9F80010CD69013C083DB4FB8A
:1056D000F5F3069353B1581E05910AF08FF9059919
:1056E0000230A4EB8004B4FBF5F30693DAF8103033
:1056F0000593D9F82C400B6AD9F83000059A1A4462
:10570000141BB4FBF3F203FB124383420BD25C097C
:10571000D9F83C0003F01F0350F824200BFA03F3E0
:10572000134340F82430069B002B00F0608103F007
:105730000103C3F102030A6A07939D00059B93428C
:1057400080F012810FAF002408461A4620E0D9F8F5
:105750001430059A46699A4200F0CF82B4FBF6F203
:10576000436806FB12429C46002A00F0EC82059931
:10577000D9F81C30C9F81410A21AC9F818200096DC
:105780006646B047002840F00B81D9F80000059A22
:10579000DAF82C309A42DAD1DAF83020A242D6D8A0
:1057A00083691344A342D2D91B1BDAF83410AB42ED
:1057B00028BF2B46A21A11441E461A463846AD1A77
:1057C0000AF049FB34443744D9F80000002DDED1FB
:1057D000079B5D1E012D0146036AD9E90B4019D1D3
:1057E0000F9A121BD618B6FBF3F203FB1262824229
:1057F00010D25409D9F83C0002F01F0350F82420BD
:1058000005FA03F3134340F82430D9F82C400B6A0F
:10581000D9F8300020AA02EB8505DDE90626921BA7
:10582000069255F8442C059269E7D9F80000D9F89A
:105830002C10076A0A44AB42B2FBF7F107FB1122B6
:1058400006921BD0590903F01F0256F821100127B8
:1058500007FA02F20A4211D0023C0AE0590903F0A9
:105860001F0256F821100BFA02F20A4204F1FF342B
:1058700004D00133AB42C9E90D34EFD1C3680699B6
:1058800098470346079038B113F1340F3FF443AE05
:10589000184621B0BDE8F08FDAF82830D9F80000BA
:1058A000002B00F08180DAF82440036A09F1140229
:1058B0009C42089258D215AB0593079F09F120032B
:1058C00009933D46DDF8148017E0D9F8143041699A
:1058D0009C424FD0B5FBF1F201FB1252002A54D08A
:1058E000D9F81C300091AA1AC9E905424668214638
:1058F000B047002854D1D9F80000DAF82C309C4287
:10590000E3D1DAF83030AB42DFD886691E44AE42CC
:10591000DBD9DAF83410761B012E28BF0126EB1AEA
:105920003246404619443544B044C6F101060AF0F7
:1059300092FA002EDFD101230293059BDDE90821B5
:10594000CDE900734846069BFEF7DCFF002849D1ED
:10595000DAF82830D9F800000137BB4224D9DAF848
:105960002440036A9C42ACD3AC4BAD4AAD481221F3
:105970000AF0C0F9D9F81830AB42ABD85E18AE4285
:10598000A8D9761BD9F81C10C6E70129A8D801238D
:105990000093214643462A464468A0470028CAD0BF
:1059A000079021B0BDE8F08F8269D9F82810DAF8A5
:1059B00034000AF050FAD9E90813D9F80020D9F8D0
:1059C00028009269CAE90B13FF210AF068FA4FF028
:1059D000FF33C9F820300798069BCAF8243021B05D
:1059E000BDE8F08F10F1340F3FF495ADD8E7DAF849
:1059F0001C309B0340F1B980DAF82040002C00F005
:105A0000B480D9F80010CD69013C083DB4FBF5F332
:105A1000069353B1581E059109F0F0FF0599023025
:105A2000A4EB8004B4FBF5F30693DAF82430059375
:105A3000D9F82C400B6AD9F83000059A1A44141B87
:105A4000B4FBF3F203FB124383420BD25C09D9F897
:105A50003C0003F01F0350F824200BFA03F3134318
:105A600040F82430069B002B7FD003F00103C3F1E4
:105A700002030A6A07939D00059B9342BFF474AF2B
:105A80000FAF002408461A4620E0D9F81430059AD2
:105A900046699A4200F04481B4FBF6F2436806FB83
:105AA00012429C46002A00F064810599D9F81C3006
:105AB000C9F81410A21AC9F8182000966646B04713
:105AC00000287FF46DAFD9F80000059ADAF82C3081
:105AD0009A42DAD1DAF83020A242D6D88369134448
:105AE000A342D2D91B1BDAF83410AB4228BF2B4695
:105AF000A21A11441E461A463846AD1A0AF0ABF9EE
:105B000034443744D9F80000002DDED1079BD9F882
:105B10002C405D1E012D0146036AD9F8300019D1D1
:105B20000F9A121BD618B6FBF3F203FB12628242E5
:105B300010D25409D9F83C0002F01F0350F8242079
:105B400005FA03F3134340F82430D9F82C400B6ACC
:105B5000D9F8300020AA02EB8505DDE90626921B64
:105B6000069255F8442C059268E7DAF800A0BAF1DD
:105B7000000F7FF49DADDDF824A0CEE46FF01B0391
:105B80000793184685E6149C002C3FF454ADDAF8D0
:105B90000010CD69013C083DB4FBF5F3089353B107
:105BA000581E069109F02AFF0699831CA4EB830373
:105BB000B3FBF5F30893139B0693DAF82C500B6AAA
:105BC000DAF83040069ACDF82C9008461A44551B56
:105BD000B5FBF3F203FB1253A3420BD25C09DAF8D4
:105BE0003C1003F01F0351F824200BFA03F3134376
:105BF00041F82430089B002B00F0E78003F00103FC
:105C0000C3F10203026A09939C00069B9342BFF40E
:105C1000ABAE0DF13C09002520E000BF945D05000E
:105C2000105D0500B45D05004368B5FBF1F201FBB2
:105C300012529C46002A00F0B280069FCAF81470E7
:105C4000AA1ADAF81C30CAF81820009139466746BB
:105C5000B84700287FF4A4AEDAF80000DAF8143070
:105C6000069A41699A42DFD1DAF81830AB42DBD8A4
:105C70005A18AA42D8D9521BDAF81C10A242A5EB36
:105C8000030328BF2246484619441746A41A154460
:105C90000AF0E1F8B944DAF80000002CDED1099BE3
:105CA000DAF82C50DAF83040591E0129036A19D16C
:105CB0000F9A521B1A44B2FBF3F703FB1722A242BE
:105CC00010D2DAF83C50570902F01F0355F827406C
:105CD00001FA03F3234345F82730DAF82C50036A1E
:105CE000DAF8304020AA02EB8101DDE90827D21B57
:105CF000089251F8442C069268E7D9F81830A3426C
:105D00003FF62CAD9A19A2427FF628AD121BD9F8A6
:105D10001C10AA4228BF2A46E31A164619444DE52C
:105D2000D9F81830A3423FF6B7AE9A19A2427FF6CF
:105D3000B3AE121BD9F81C10AA4228BF2A46E31A98
:105D400016461944D8E6B542FFF411ADB5FBF6F39B
:105D500006FB1353ED1A089300953B46224605991E
:105D60006646B04700287FF41BAE2F442C44089DA4
:105D70002AE5B542FFF499AEB5FBF6F306FB1353E3
:105D8000ED1A089300953B46224605996646B047B2
:105D900000287FF405AE2F442C44089DB2E68C42C7
:105DA000FFF44BAFB4FBF1F701FB1743E41A0A937E
:105DB00000944B462A4606996746B84700287FF468
:105DC000EFADA14425440A9C65E7DDF82C9031E451
:105DD0002DE9F04FD0E90C63A1B04FF0010901F1BA
:105DE000040801F10C0204460392CA460491C3461A
:105DF0004FF000082746B96B0FE05A090139581CCB
:105E0000FD6BB963786355F8224003F01F0209FA6D
:105E100002F2224200F0658103469E42EDD1002944
:105E200000F0BA813A68FB6AD2E908021E44914246
:105E300028BF1146B6FBF0F300FB13663963C7F8C1
:105E40003480D208FE620021F86B0AF028F87B68E3
:105E5000013300F09881BB68013300F09481CDE9F3
:105E60000D8A07F11406CDF814B001230024B346BF
:105E70003E68FA6A306A3D6B821A1444B4FBF0F152
:105E800000FB1141A9420FD2F86B4C0901F01F032E
:105E900050F8242009FA03F3134340F82430FA6A37
:105EA000306A0E9B3D6B821A1A44B2FBF0F300FB82
:105EB0001323AB420AD25809F96B03F01F0351F8C0
:105EC000202009FA03F3134341F820300DAA15A945
:105ED0003846FEF789FC002840F050815B460C26CE
:105EE000BB461F46189B12AC1CE0169ACDE9004633
:105EF00039465846FEF794FB002840F03F819DF854
:105F000049309DF84A209DF84B00189904331344FA
:105F10009DF84820034402F070020B44102A1893A5
:105F200000F03D811D9A22F00042043A03F10C0179
:105F30009142DAD93B465F469B46DDE91E43601C31
:105F4000CDE90D4301D0591C92D1FD68DDF814B0A4
:105F5000002D00F01881CDF828B0AB460CE09B0373
:105F600004D5DBF82040002C40F0F681DBF800B0CF
:105F7000BBF1000F00F00581DBF81C30DA03EED531
:105F8000DBF81440002CEAD03B68DD69013C083D99
:105F9000B4FBF5F2079252B1501E059309F02EFDA5
:105FA0000230A4EB8004B4FBF5F30793059BDBF808
:105FB00010200592FC6A1A6A386B0599CDF818B062
:105FC00011440C1BB4FBF2F102FB114282420AD2D3
:105FD0005409F86B02F01F0250F8241009FA02F27B
:105FE0000A4340F82420079A002A00F0A28202F017
:105FF0000102C2F10202196A08929500059A8A42CA
:1060000080F09F820DF13C0B0024069A0599D26A1C
:10601000914222D07A6905985969904200F07181C5
:10602000B4FBF1F2586801FB12428446002A00F0EA
:106030007B81FE6905987861A21ABA6118460091C1
:10604000334605996646B047002840F09780069A87
:106050000599D26A3B689142DCD1069A106BA04246
:10606000D8D89A690244A242D4D90993069B121B3C
:10607000596BAA4228BF2A46201A164601445846A0
:10608000AD1A09F0E8FE099B3444B344002DBCD19D
:10609000089A551E012DD7E90B401A6A16D10F999F
:1060A000091B1144B1FBF2F602FB161181420DD21D
:1060B000FC6B4E0901F01F0254F8260005FA02F2AB
:1060C000024344F82620D7E90B401A6A20A901EBC5
:1060D0008505DDE90716891B079155F8441C0591D4
:1060E0006EE73968FA6A096A1344B3FBF1F201FBFF
:1060F00012334BF8043BD7E90C63B3423C461BD048
:10610000590903F01F0255F821100AFA02F20A4257
:1061100012D0B86B01380AE0590903F01F0255F894
:10612000211009FA02F20A4200F1FF3004D00133D3
:10613000B342C4E90D30EFD1039A5A457FF458AE0B
:10614000DDF810B004210BF11C03DBF8042020461D
:10615000CDE90031002304F11401FEF761FAA8B97A
:10616000DBF81C304FF0FF32CBE909221420013359
:106170001021CBE90730CBF80C10002021B0BDE88E
:10618000F08FDDF828B0D7E90C6334E610F1340F56
:10619000E6D021B0BDE8F08F6FF01B00EEE7149C55
:1061A000002C3FF4A0AEDBF80010CD69013C083DA7
:1061B000B4FBF5F3089353B1581E069109F01EFC89
:1061C0000699831CA4EB8303B3FBF5F30893139B9D
:1061D0000693DBF82C500B6ADBF83040069A0B97DD
:1061E00008461A44551BB5FBF3F203FB1253A342B6
:1061F0000BD25C09DBF83C1003F01F0351F824209C
:1062000009FA03F3134341F82430089B002B00F0F4
:106210008E8103F00103C3F10203026A09939D001A
:10622000069B934280F08D810FAB0793002718E007
:106230004368B7FBF1F201FB12729C46002A00F0A2
:106240005E81069CCBF81440BA1ADBF81C30CBF800
:106250001820009121466446A04700288ED1DBF823
:106260000000DBF81430069A41699A42E0D1DBF86D
:106270001830BB42DCD85A18BA42D9D9D21BDBF845
:106280001C100798FB1AAA4228BF2A461944144634
:10629000AD1A174409F0DFFD079B23440793DBF891
:1062A0000000002DDDD1099BDBF82C50DBF83040DD
:1062B000591E0129036A19D10F9A521BD718B7FB2F
:1062C000F3F203FB1272A24210D25509DBF83C40F4
:1062D00002F01F0254F8253001FA02F2134344F889
:1062E0002530DBF82C50036ADBF8304020AA02EBA3
:1062F0008101DDE90827D21B089251F8442C06924F
:106300006FE7BA69A2423FF68BAE5018A0427FF603
:1063100087AE001BF9690993A84228BF2846A21A34
:10632000114406460246AAE68D42FFF482AEB5FB52
:10633000F1F601FB1652AD1A0992184600955B461C
:10634000224605996646B04700287FF417AFAB4454
:106350002C443B68099D99E63B68DD69013C083D9A
:10636000B4FBF5F2069252B1501E059309F046FBBC
:106370000230A4EB8004B4FBF5F30693059BDBF835
:1063800024200592FC6A1A6A386B0599CDF81CB076
:1063900011440C1BB4FBF2F102FB114282420AD2FF
:1063A0005409F86B02F01F0250F8241009FA02F2A7
:1063B0000A4340F82420069A002A00F0BF8002F029
:1063C0000102C2F10202196A08929500059A8A42F6
:1063D00080F0B7800DF13C0B0024079A0599D26A32
:1063E000914220D07A690598596990425FD0B4FBF8
:1063F000F1F2586801FB12428446002A68D0FE6917
:1064000005987861A21ABA61184600913346059939
:106410006646B04700287FF4B1AE079A0599D26A64
:106420003B689142DED1079A106BA042DAD89A6994
:106430000244A242D6D90993079B121B596BAA4268
:1064400028BF2A46201A164601445846AD1A09F0BC
:1064500002FD099B3444B344002DBED1089A551E59
:10646000012DD7E90B401A6A16D10F99091B114467
:10647000B1FBF2F602FB161181420DD2FC6B4E0904
:1064800001F01F0254F8260005FA02F2024344F814
:106490002620D7E90B401A6A089E20A901EB850542
:1064A0000699891B069155F8441C059170E7BA6955
:1064B000A2429CD85018A04299D9001BF9690993AF
:1064C000A84228BF2846A21A114406460246BCE745
:1064D0008D4294D3B5FBF1F601FB1652AD1A099229
:1064E000184600955B46224605996646B047002847
:1064F0007FF444AEAB442C443B68099DACE78D422D
:10650000FFF49FAEB5FBF1F401FB1453ED1A0A93AF
:106510000095079B06993A466446A04700287FF4F9
:106520002DAE079B2B442F4407930A9DB7E60B9F84
:10653000D8E4DDF818B0DBF81C3010E5DDF81CB04D
:1065400014E5034B034A0448122109F0D3FB00BFB2
:10655000945D0500105D0500B45D05002DE9F04F68
:1065600095B014AB054643F8342DD0E90162C1E97A
:1065700001620CAA0C46FEF757FD834600285FD146
:106580009DF83430222B40F08E80DDE90E23CDE9DA
:106590000A2305F11408814602900DF1400A039088
:1065A0000AAB414653F829701023CDE900A33A46BF
:1065B00000232846FEF734F800283DD1029B23B182
:1065C000109BE2699B1A002B58DB119B23F00043C0
:1065D000132B53D92A68D26993424FD814AB4FF08A
:1065E000FF3143F82C1D102218465146049302F047
:1065F000D1FF119B23F00042102A27D0CDE905944A
:1066000010260DF1230B1446DDF8109004E04846E7
:1066100002F0C0FFB44217D00123CDE900B33A46DF
:10662000334641462846FDF7FBFF012259461644F2
:106630000028ECD0DDE9059410F1340F1ED083461C
:10664000584615B0BDE8F08FDDE90594099B09F1C6
:1066500001069BB99AE80F0006F001060DF1500CF7
:106660000CEB8606676056F8286CA660102704F1CC
:106670001C06E76086E80F0001230293B9F1000FC2
:1066800014D0DDE9023BA3B1D4E901122B692161E9
:1066900062610E2110225846A161E26023602C61E4
:1066A00015B0BDE8F08F6FF0130BC9E74FF001098B
:1066B00076E76FF0330BC3E7026942B18A4203D138
:1066C00007E0994207D01A461368002BF9D1002041
:1066D000704700F110020B6813600020704700BF84
:1066E0002DE9F04F93B013468946029282464C2220
:1066F0001846002109F0D3FBD9F818300E2B00F012
:106700001E810F2B00F02881D9F80C30CB46DBF826
:10671000201021F00042043A03F10C00904298BF8F
:106720000AF1140940F2A080002980F294800AF155
:106730001409D046CA46DBE90923002508920993CB
:10674000A94608AB514653F82560102301930EABC0
:106750000093324600234046FDF762FF002840D1F7
:10676000B9F1000F05D00E9BDBF81C209B1A002B03
:106770005ADB0F9B23F00043132B55D9D8F8002088
:10678000D269934250D812AB4FF0FF3143F82C1D21
:1067900010220EA91846039302F0FCFE0F9F27F06B
:1067A0000042102A27D0CDE9049510240DF11B07D3
:1067B0001546DDF80C9004E0484602F0EBFEA542D9
:1067C00017D00123CDE90073324623465146404697
:1067D000FDF726FF0122394614440028ECD0DDE9FC
:1067E000049510F1340F1FD0831C34D013B0BDE8D2
:1067F000F08FDDE90495079B6C1CABB90EAB0FCB9A
:1068000004F0010412AF07EB8404CBF8046054F8E1
:10681000284CCBF8084010260BF11C04CBF80C6078
:1068200084E80F004FF00109CDB1B9F1000F00F07D
:10683000A480DBF82010DBF8182021F00043043B93
:10684000143210201B2BCBF81820CBF80C0008D8E2
:106850000029FFF670AF002013B0BDE8F08F0125CE
:106860006FE7D1460346C2460C200BA9DBF8042093
:10687000CDE9001049465046FDF7D2FE0028B3D1BD
:106880009DF82D509DF82E409DF82F60DBF80C00F0
:10689000DBF818109DF82C700A902A1D224432440F
:1068A00083180A4407F07F011129CBF80C30CBF88C
:1068B000182002D022297FF42AAF3A0660D5DAF8F0
:1068C0000430013334D0DAF80830013330D00CA969
:1068D0005046FEF7B5FA002888DB2DD19DF82C1024
:1068E0000A989DF82D509DF82E409DF82F605B462C
:1068F00001F07F01CB4699468DF82C10029B11299F
:10690000197002D11A460D9B53600299D9F80420E0
:106910000196031D2B4408310091234459465046EB
:10692000FDF77EFE002808BF012013B0BDE8F08F00
:106930005B46CB469946DFE7DBF80C30E7E6134AC7
:10694000029912880A8122230B70D9F8183001337A
:10695000C9F81830012049E702980D4A0346222160
:1069600003F8081B1188927801819A70D9F81830C1
:106970000133C9F81830012038E76FF0330035E7EC
:106980005B463946CB469946B8E700BF205605001E
:10699000705105002DE9F04FA9B00992CA690A9318
:1069A00002F00304012C00F0268454038A46834637
:1069B00002F4003300F1E882100507D5DAF814205C
:1069C000DAF82010914238BFCAF82020002B00F0DE
:1069D000E5820A9B1846002B00F0F1810AF12C0396
:1069E00005930A9B0B93D0464FF00109DA46D8F87D
:1069F0001C30990300F19F81D8F82010002940F045
:106A0000F482D3465BF8143B1D6ACAF83850D8E9C3
:106A10000823CDF8308006921493D0464FF0000A38
:106A2000D8E90C1413E06209631C681ED8F83C60B6
:106A3000C8F83430C8F8380056F8227004F01F0245
:106A400009FA02F23A4200F0C18105461C46A14211
:106A5000E9D1002D00F0F182D8F80020D8F82C30D0
:106A6000D2E908021944954228BF1546B1FBF0F35C
:106A700000FB1311C8F82C10C8F834A0C8F8305027
:106A8000D2080021D8F83C0009F009FAD8F80430FF
:106A9000013300F02082D8F80830013300F01B8267
:106AA00001231DADCDF854A0169300240C272E46CB
:106AB000D8F800C0D8F82C20DCF82000D8F83050E6
:106AC000821A1444B4FBF0F100FB1141A94213D225
:106AD000D8F83C004C0901F01F0350F8242009FAB3
:106AE00003F3134340F82430DCF82000D8F82C20BE
:106AF000169BD8F83050821A1A44B2FBF0F300FB10
:106B00001323AB420BD25809D8F83C1003F01F03F3
:106B100051F8202009FA03F3134341F8203015AA55
:106B200031464046FDF760FE002840F0BD811AACBA
:106B30000D96209B1CE01E9ACDE900475946404621
:106B4000FDF76EFD002840F0AF819DF869309DF89B
:106B50006A209DF86B002099043313449DF8682047
:106B6000034402F070020B44102A209300F06A8262
:106B7000259A22F00042043A03F10C019142DAD93D
:106B8000DDE92643621C0D9ECDE9154301D05D1C55
:106B90008ED1D8F80C50002D00F09D81CDF83CB07E
:106BA000AB460CE0990304D5DBF82040002C40F004
:106BB0003B83DBF800B0BBF1000F00F08A81DBF80B
:106BC0001C30D803EED5DBF81440002CEAD0D8F8FE
:106BD0000010CD69013C083DB4FBF5F3089353B1B7
:106BE000581E079108F00AFF07990230A4EB8004B1
:106BF000B4FBF5F30893DBF810300793D8F82C407A
:106C00000B6AD8F83000079A1A44141BB4FBF3F24D
:106C100003FB124383420BD25C09D8F83C0003F01B
:106C20001F0350F8242009FA03F3134340F82430DB
:106C3000089B002B00F0048403F00103C3F102035E
:106C40000A6A0D939D00079B934280F0F38317AF70
:106C500000240846DBF82C30079A9A4224D0D8F852
:106C60001430079A46699A4200F0AB82B4FBF6F200
:106C7000436806FB12429C46002A00F0BF82079937
:106C8000D8F81C30C8F81410A21AC8F818200096BA
:106C90006646B047002840F00781DBF82C30079AA1
:106CA000D8F800009A42DAD1DBF83020A242D6D8D8
:106CB00083691344A342D2D91B1BDBF83410AB42C7
:106CC00028BF2B46A21A11441E461A463846AD1A52
:106CD00009F0C1F834443744D8F80000002DB9D188
:106CE0000D9B5D1E012D0146036AD8E90B4017D1AB
:106CF000179A121BD618B6FBF3F203FB12628242FC
:106D00000ED25409D8F83C0002F01F0350F824209A
:106D100005FA03F3134340F82430D8E90B400B6A1B
:106D20000D9E28AA02EB8505089A921B089255F839
:106D3000442C079268E7D346D8F828505BF8143BF8
:106D4000DE69B5423FF460AED8F824400B9B059F46
:106D5000761B9E4228BF1E462346099C0CE010F17C
:106D6000340F40F0368141465046FEF7CDFB0028F7
:106D700040F02F81D8E90935CDE9014600955A4602
:106D800039465046FDF7BEFD0028E8D1D8F820204E
:106D9000D8F82830DAF8001032443344096AC8F8C9
:106DA0002020C8F82830099A0B9BCAF838103244C2
:106DB0009B1B09920B937FF41AAE0A98C246DAF82D
:106DC0001C3023F40023CAF81C3075E0D8F800000A
:106DD000D8F82C20076A14448B42B4FBF7F207FB67
:106DE000124420D04FEA531C03F01F0256F82CC067
:106DF0004FF0010E0EFA02F212EA0C0F13D0023D10
:106E00000CE04FEA531C03F01F0256F82CC009FA9D
:106E100002F212EA0C0F05F1FF3504D001338B4268
:106E2000C8E90D35EDD1012C40F2F282A742C0F045
:106E3000EF82C36821469847002840D1069BD8F8C6
:106E40000070002B00F0D0811A46FB69561EA3F19A
:106E5000080AB6FBFAF5002D40D1721C9342069247
:106E600051D01346002A00F0A7819A4600251DAE96
:106E7000059F0EE00123CDE90163009523465A46A4
:106E800039464046FDF73EFDC8B90135AA4500F038
:106E9000CC800123CDE90063149A2B465946404625
:106EA000FDF7BEFB0028E5D0DDF830A0DAF81C3095
:106EB00043F40023CAF81C3029B0BDE8F08F10F16C
:106EC000340FF1D14FF0FF33C8F82030D8F83850E4
:106ED000A4E5DDF83CB0D8F83850A1E5681E06936B
:106EE00008F08CFD851CA6EB8505B5FBFAF5284658
:106EF00008F084FD05FB1A66069BA6EB8006721C53
:106F000093420692ADD16E1C96FAA6F3B3FA83F3C0
:106F10000793013300250DF1500A08930426AF00B2
:106F20005A46CDE901A60097234605994046FDF74C
:106F3000E9FC149A0028C2D1079BAB4209D0CDE9E5
:106F400000A63B4659464046FDF76AFB0028ABD1F8
:106F5000149A012A40F26382D8F800703B6A934287
:106F6000C0F05D82089B0135AB42D8D8C246DDF83F
:106F700030809D00C8E90945D8F81C30FE6943F40B
:106F80000033C8F81C30E1E64FF0FF3522F48024CE
:106F9000CD62CC61FBB912053FF510ADDAF82040A7
:106FA000DAF814309C427FF614ADCAF82030002580
:106FB00001230DF14F02514658468DF84F50FFF70F
:106FC000E9FC0028FFF678AFDAF820309C42EFD8D1
:106FD000FFE4C2466AE700F043FA00287FF46CAF92
:106FE000DAF81C2002F40033E6E4013908F1240049
:106FF00008F12804D8E904230091CDE9010405999A
:107000005046FDF76FFB0028E3D1DAF80030D8F8DE
:1070100034009A69D346FF2108F041FF4FF0FF3258
:107020005BF8143BC8F82C20EEE4C246DDF8308053
:10703000DAF80070C8E909459EE7DDF830A06FF086
:107040001B0033E71C9E002E3FF492ADD8F80010D1
:10705000CD69013E083DB6FBF5F30E9353B1581EC2
:10706000079108F0CBFC0799831CA6EB8303B3FBC5
:10707000F5F30E931B9B0793D8F82CC0D8F830502B
:10708000079A0B6ACDF844B0084661461A44511A73
:10709000B1FBF3F203FB1213AB420BD25D09D8F83C
:1070A0003C1003F01F0351F8252009FA03F31343A2
:1070B00041F825300E9B002B00F0B88103F001034E
:1070C000C3F10203026A0F939E00079B934280F074
:1070D000B18117AB08934FF0000B1AE04368BBFB7C
:1070E000F1F201FB12B29C46002A00F07981079D63
:1070F000C8F81450ABEB0202D8F81C30C8F81820BE
:10710000009129466546A84700287FF4CDAED8F8FF
:107110000000D8F81430079A41699A42DED1D8F8B5
:1071200018305B45DAD85A185A45D7D9A2EB0B026A
:10713000D8F81C100898ABEB0303B24228BF3246C4
:1071400019441546B61A934408F085FE089B2B4453
:107150000893D8F80000002EDBD10F9BD8F82C1034
:10716000D8F830505E1E012E036A1AD1179A521AAF
:1071700002EB030CBCFBF3F203FB12C2AA4210D2D7
:107180005509D8F83C1002F01F0251F8253006FAD4
:1071900002F2134341F82530D8F82C10036AD8F8CE
:1071A000305028AA02EB860CDDE90E26921B0E92C7
:1071B0005CF8442C079269E7C2461546DDF830803A
:1071C00038E7D8F81830A3423FF650AD9A19A242DA
:1071D0007FF64CAD121BD8F81C10AA4228BF2A46D5
:1071E000E31A1646194471E5C246DDF830801D46A3
:1071F000C8E90943C0E66FF008005DE6B542FFF458
:107200003EADB5FBF6F306FB1353ED1A0E93009556
:107210003B46224607996646B04700287FF444AEB5
:107220002F442C440E9D57E5D8F80010CD69013C41
:10723000083DB4FBF5F3089353B1581E079108F0CD
:10724000DDFB07990230A4EB8004B4FBF5F308934F
:10725000DBF824300793D8F82C400B6AD8F83000BC
:10726000079A1A44141BB4FBF3F203FB1243834244
:107270000BD25C09D8F83C0003F01F0350F824201F
:1072800009FA03F3134340F82430089B002B3FF422
:1072900090AC03F00103C3F102030A6A0D939D0051
:1072A000079B934280F0C68017AF00240846DBF8A6
:1072B0002C30079A9A4222D0D8F81430079A46699F
:1072C0009A4267D0B4FBF6F2436806FB12429C4632
:1072D000002A70D00799D8F81C30C8F81410A21AE8
:1072E000C8F8182000966646B04700287FF4DCAD49
:1072F000DBF82C30079AD8F800009A42DCD1DBF892
:107300003020A242D8D883691344A342D4D91B1B8E
:10731000DBF83410AB4228BF2B46A21A11441E469C
:107320001A463846AD1A08F096FD34443744D8F86A
:107330000000002DBBD10D9BD8F82C405D1E012D07
:107340000146036AD8F8300019D1179A121BD618D3
:10735000B6FBF3F203FB1262824210D25409D8F852
:107360003C0002F01F0350F8242005FA03F31343F6
:1073700040F82430D8F82C400B6AD8F830000D9E25
:1073800028AA02EB8505089A921B089255F8442C0E
:10739000079266E7D8F81830A34293D89A19A24208
:1073A00090D9121BD8F81C10AA4228BF2A46E31A0B
:1073B00016461944B5E7B5428CD3B5FBF6F306FB88
:1073C0001353ED1A0E9300953B46224607996646E5
:1073D000B04700287FF468AD2F442C440E9DA6E7EB
:1073E0008E42FFF484AEB6FBF1F501FB1563F61A8D
:1073F00010930096089B07995A466546A8470028AF
:107400007FF452AD089B3344B3440893109EA0E62A
:107410000D4B0E4A0E4840F28C4108F06BFC0D4BB0
:107420000A4A0B4840F2D34108F064FCDDF844B04E
:10743000FFF77FBB084B094A0548122108F05AFCA8
:10744000DBF81C30FFF7AEBB7C5E0500405D05003D
:10745000B45D0500305E0500945D0500105D05001B
:107460002DE9F04F8A4699B0064606F11404DAF881
:10747000207005942C2200210AA8079708F00FFD20
:1074800094E807004FF0FF35DAE904340DF15409B0
:107490007561DAF820500E9389E80700DAF81410C5
:1074A000129701238D420F9411936DD29F033BD409
:1074B000129A0F9B9A4247D20DF127080DF14C0BFF
:1074C0001BE03368149DDF69BD421BD07C1B012C7F
:1074D00028BF0124CDF80080139A01942B46494619
:1074E0003046FDF79DF8A04460BB129A149B2244DD
:1074F000AF421C441292149426D1119B5C0349465E
:107500003046DED4DDE90E4314AD0092CDE901B57D
:107510002246FDF7E7F8A8B9119B3268149DD76998
:1075200043F480231193D1E75D0305D523F4802331
:107530004FF0FF32119315920AA93046FFF790FFE2
:107540000028B5D000281CDB01230DF1270251468D
:107550003046FFF71FFA002813DB7369013303D0AD
:107560004FF0FF3315937361DAF82020DAF8143006
:107570009A4209D2119B03F00302022A96D16FF0BE
:10758000080019B0BDE8F08F0DF1270B4FF001098D
:10759000DAF82C104B1C4AD03068DAF834308469A1
:1075A000DAF8302000948468A04720BB3368DAF80A
:1075B0002C809A69DAE90C75002A4DD02C46CDF85A
:1075C00018A015443F1BDDF814A007E014F8013B98
:1075D0009DF827209A421AD1AC421BD0CDE900B9C0
:1075E0003B19424651463046FDF71AF80028EDD0C7
:1075F000DDF818A032DA10F1340FC2D1514630460E
:10760000FDF782FF0028C3D019B0BDE8F08FDDF888
:1076100018A0F3E7DDF818A03368DAF834009A69A7
:10762000FF2108F03CFC4FF0FF33CAF82C30DAF8A9
:107630001C3023F40033DAE9082143F48033CAF81C
:107640001C30079BCAF810100020CAF81420CAF892
:10765000203019B0BDE8F08F2846E1E73368DAF84A
:1076600034009A69DCE700BF2DE9F04F0D46C96987
:10767000074601F00300022887B061D088039046D6
:1076800047D42A6A69698A423FD2891A99420E46CA
:1076900028BF1E460596002E4ED005F12C0905F197
:1076A000280B05F1240A1AE03C68AB6AE469A3429E
:1076B0001AD0E41AB44228BF34466A6ACDF8008072
:1076C000019449463846FCF7ABFFA044F0B92A6A5A
:1076D000AB6A22442344361B2A62AB622CD0EB698E
:1076E0005B0349463846DFD4D5E904430092CDE92F
:1076F00001AB2246FCF7F6FF40B9EA693968AB6A8C
:10770000CC6942F48022EA61D3E7002007B0BDE8EB
:10771000F08F4A0305D521F480214FF0FF32E96153
:10772000EA62294638460593FFF79AFE059B002832
:10773000A7D007B0BDE8F08F059807B0BDE8F08F7F
:107740006FF00800E2E700BF70B50C46C969164645
:107750004A031D4605D521F480214FF0FF33E16136
:10776000E3628B0304D52146FFF77AFE00B170BDBA
:1077700015B93046266270BD012D03D0022D07D009
:10778000206A70BD002E206A0BDB3044206270BD81
:10779000002E6069F9DA73428342F6D96FF0150062
:1077A00070BD73429842F0D2F8E700BF086A704794
:1077B000CB6948699B0303D50B6A984238BF1846CA
:1077C000704700BFF0B595B014AB154643F8441DA3
:1077D00005AA09A90646FDF727FC044610B1204674
:1077E00015B0F0BD4C220146284608F058FB9DF824
:1077F00018302B70112B04BF089B6B607268079BBD
:10780000934205F108071BD00898B168884217D049
:107810008B4215D0824213D005999DF819009DF82E
:107820001A300A9A0097043101449DF81B00019018
:107830000B44304606F11401FCF7F2FE0446CEE795
:10784000024B1B882B81204615B0F0BDE85C05007B
:1078500030B58B6A016099B00446002B73D0C361C8
:10786000C86A8A69002879D0A062FF2108F017FB56
:107870004FF0FF33216823626361486AC30640F01A
:10788000C480002800F0B3800B6B002B6ED0E36344
:10789000D1E90503B3FBF0F200FB1232002A40F0FD
:1078A000C280C869B0FBF3F203FB1203002B40F067
:1078B000B3804FF0FF35A0F10802B5FBF2F22A4485
:1078C000B2FA82F2C2F12002B0EB820FC0F09680D1
:1078D0000A6AA263C4E90155C4E90333012584F8A7
:1078E0004030C4E90B33636302AA0DA92046CDE9F9
:1078F0000235FCF779FF054660B123689A6A002AD1
:1079000044D0DA6A002A3CD01B6B002B35D02846C5
:1079100019B030BD202105ABCDE900310E9A1023FE
:1079200004F114012046FCF77BFE05460028E4D153
:10793000404B0B9ADDE906019A42C4E901012AD0C5
:107940006FF03305D9E74869F8F7E0F8E0610028FF
:1079500033D02168C86A8A69002885D11046F8F7B3
:10796000D5F8A06248B323689A697EE7C008F8F7A3
:10797000CDF8E06308B321688AE7E06BF8F7D8F840
:10798000C5E7A06AF8F7D4F82368BDE7E069F8F71F
:10799000CFF82368B5E70C9AA3F18773A3F580634A
:1079A0009A42CDD10A9B1A0C012A02D06FF015051C
:1079B000A3E79BB2012BF9D8A9E723689A6A8AB199
:1079C000DA6A52B11B6B13B16FF00B059FE7E06BE6
:1079D000F8F7AEF86FF00B0599E7A06AF8F7A8F88A
:1079E0002368EFE7E069F8F7A3F82368E8E7124BAC
:1079F000124A134840F6140108F07CF9114B0F4A63
:107A00000F4840F6240108F075F90F4B0B4A0C485B
:107A100040F6130108F06EF90C4B084A08484FF481
:107A2000026108F067F90A4B044A054840F61F0155
:107A300008F060F96C697474CC5E05006C5D05003B
:107A4000B45D0500445F0500AC5E0500145F0500F1
:107A5000E45E050003689A6A10B5044652B1DA6A1A
:107A60007AB11B6B0BB1002010BDE06BF8F760F82A
:107A7000002010BDC069F8F75BF82368DA6A002AB5
:107A8000EFD1A06AF8F754F82368EAE742680121C9
:107A9000013280F8401004D08368013301D001F036
:107AA0009BB80020704700BF2DE9F04F8846824602
:107AB000C869D1E90141A9B00130C8F804100792A2
:107AC000C8F81C00C8F8084004937BB11E465068F3
:107AD000D3681546D8F820201B1A022E134403D170
:107AE000E8696A6903449B1AC8F82030DAF8000094
:107AF00000230693CDE90D14C3689847D146054687
:107B0000002800F0798115F1340F40F037810D9B8A
:107B10004FF0FF32C9F82020002B00F04482012BE7
:107B20000E9A00F04082012A40F23D820127BB46B6
:107B30004FF0000AD9E90C53D9F8381012E05A096D
:107B40000139581CD9F83C40C9F83810C9F834003C
:107B500054F8226003F01F0207FA02F2324200F0EA
:107B6000118103469D42EAD1002900F02282D9F812
:107B70000020D9F82C30D2E908021D44914228BFD8
:107B80001146B5FBF0F300FB1355C9F83010C9F8E6
:107B900034A0D208C9F82C500021D9F83C0008F0D4
:107BA0007EF9D9F804300133C4D0D9F80830013354
:107BB000C0D0012309F11405CDF80C80CDF83CA00C
:107BC00010930024A846D9F80060D9F82C20306A18
:107BD000D9F83050821A1444B4FBF0F100FB114183
:107BE000A94212D2D9F83C004C0901F01F0350F809
:107BF000242007FA03F3134340F82430306AD9F8FD
:107C00002C20109BD9F83050821A1A44B2FBF0F3A2
:107C100000FB1323AB420BD25809D9F83C1003F0F8
:107C20001F0351F8202007FA03F3134341F82030D3
:107C30000FAA1DA94846FCF7D7FD002840F09D80FB
:107C40000C26209B16AC1CE01E9ACDE9004641464E
:107C50004846FCF7E5FC002840F08F809DF859303D
:107C60009DF85A209DF85B002099043313449DF839
:107C70005820034402F070020B44102A209300F0B5
:107C8000A081259A22F00042043A03F10C019142AE
:107C9000DAD9DDE92643601CCDE90F4301D0591C38
:107CA00091D1D9F80C40DDF80C80002C3FF442AFA4
:107CB000CDF82880C846A146D9F81C30DA0304D58F
:107CC000D9F81440002C40F037829B0304D5D9F832
:107CD0002040002C40F0EC82D9F80090B9F1000F60
:107CE000EAD1C146DDF8288024E7DAF80430013310
:107CF00000F04984DAF8083001331DAC0DAE00F015
:107D000044842246314611AB5046FCF773FF0028ED
:107D100033DB00F03A84D8E90103119E1596214621
:107D20000C360C2413909DF84B001996149312AE48
:107D3000169418941A9000241C904A460123504629
:107D400017961B94FFF7B0FEB8B90D98DAF8042027
:107D5000904200F00E840E9BDAF808108B4200F07F
:107D60000884884200F005849A4200F0028450465C
:107D7000FFF78CFE002800F088830546284629B0CE
:107D8000BDE8F08FD9F80000D9F82C20016A13441F
:107D9000B3FBF1F201FB1231C8F80410D9E90C323F
:107DA0009A4221D0560902F01F0554F826600BFABA
:107DB00005F5354218D0D9F8385005F1FF3C654635
:107DC00001279C462B460AE0560902F01F0554F88D
:107DD000266007FA05F5354203F1FF3304D001327E
:107DE0006245C9E90D23EFD101230693C368984783
:107DF000054600287FF487AE0DF1A00A4FF0FF334F
:107E00004AF84C3D08F11C0421465046102201F06E
:107E1000C1FBD8F80420009409F12003102419466E
:107E2000039301942B464846FCF75EFE834628B137
:107E300010F1340F3FF46BAE05469FE709F11403D0
:107E4000264605930127D8F8203023F00043043B51
:107E5000A34232D9049B9B4507DA4FEA0B13079ADA
:107E6000D518D358B34200F086801DAB00930E9A0C
:107E70000197334605994846FCF7D2FB00287FF46A
:107E80007CAF01221DA9504601F084FB1DABD8F840
:107E9000042003990093019723464846FCF724FEEB
:107EA000002840F08C80D8F8203023F000430134C3
:107EB000043BA34206F10106CCD80420D8F80420E4
:107EC00003990190CDF800A023464846FCF70CFE2C
:107ED000054600287FF417AED9F82010D9F8000025
:107EE0004FF0FF339942C9F8143017D08469D9E9AB
:107EF000092300948468A047054600287FF403AE58
:107F0000D9F80030D9F828009A69FF2107F0C7FF97
:107F10004FF0FF33D9F80000C9F8203003699847C3
:107F2000054600287FF4EFADD8F820704FF0FF33FE
:107F300027F000471D93043FD8F80430039309F15C
:107F4000140B00F09682064611AC08E001360122BF
:107F500021461DA801F01EFBB74200F08A820123D2
:107F6000CDE90043039A334659464846FCF758FB8F
:107F70000028EBD001E7D5E90212504601F00AFBD8
:107F8000D5E90231D8F804204846CDE9003123462E
:107F90000399FCF7A9FD90B96A68EB680BF1010B36
:107FA00016441C444FE76FF03305284629B0BDE85E
:107FB000F08F6FF01B05284629B0BDE8F08F05460D
:107FC000A1E5189C002C3FF43DAED9F80010CD6916
:107FD000013C083DB4FBF5F0002800F0AD8201380B
:107FE000059107F00BFD0599831CA4EB8303B3FBFC
:107FF000F5F30893179B0593D9F82CC0D9F83040B6
:10800000059A0B6ACDF82C80084661461A44511A2D
:10801000B1FBF3F203FB1213A3420BD25C09D9F8B4
:108020003C1003F01F0351F8242007FA03F3134315
:1080300041F82430089B002B00F0918203F00103EB
:10804000C3F10203026A09939D00059B934280F0ED
:10805000808211AB06934FF000081AE04368B8FB2A
:10806000F1F201FB12829C46002A00F04D82059C31
:10807000C9F81440A8EB0202D9F81C30C9F818203E
:10808000009121466446A04700287FF476AED9F8D7
:108090000000D9F81430059A41699A42DED1D9F826
:1080A00018304345DAD85A184245D7D9A2EB08020E
:1080B000D9F81C100698A8EB0303AA4228BF2A4649
:1080C00019441446AD1A904407F0C5FE069B23449C
:1080D0000693D9F80000002DDBD1099BD9F82C10AC
:1080E000D9F830405D1E012D036A1AD1119A521A37
:1080F00002EB030CBCFBF3F203FB12C2A24210D250
:108100005409D9F83C1002F01F0251F8243005FA46
:1081100002F2134341F82430D9F82C10036AD9F83D
:10812000304028AA02EB850CDDE90825521B089295
:108130005CF85C2C059269E7D8F80010CD69013C29
:10814000083DB4FBF5F0002800F0FA8101380391F6
:1081500007F054FC03990230A4EB8004B4FBF5F360
:108160000693D9F810300393D8F82C400B6AD8F84E
:108170003000039ACDF814901A44141BB4FBF3F2A8
:1081800003FB124383420BD25C09D8F83C0003F096
:108190001F0350F8242007FA03F3134340F8243058
:1081A000069B002B00F0DF8103F00103C3F1020303
:1081B0000A6A08939D00039B934280F0CA810DF1E7
:1081C000440900240846059B039ADB6A9A4224D09E
:1081D000D8F81430039A46699A4200F02481B4FB1F
:1081E000F6F2436806FB12429C46002A00F07681B4
:1081F0000399D8F81C30C8F81410A21AC8F818202F
:1082000000966646B04700287FF4B7AD059B039AF9
:10821000DB6AD8F800009A42DAD1059B1A6BA242B9
:10822000D6D883691344A342D2D905991B1B496B45
:10823000AB4228BF2B46A21A11441E461A46484696
:10824000AD1A07F008FE3444B144D8F80000002D00
:10825000B9D1089BD8F82C4001465D1E012DD8F8F5
:1082600030000B6A19D1119A121B1A44B2FBF3F6B3
:1082700003FB1622824210D2D8F83C40560902F085
:108280001F0354F8260005FA03F3034344F826308D
:10829000D8F82C400B6AD8F83000089E28AA02EBC8
:1082A0008505069A921B069255F85C2C039263E7AB
:1082B000D8F80010CD69013C083DB4FBF5F000286A
:1082C00000F03C810138039107F098FB03990230DC
:1082D000A4EB8004B4FBF5F30593D9F824300393A1
:1082E000D8F82C400B6AD8F83000039ACDF81890D3
:1082F0001A44141BB4FBF3F203FB124383420BD268
:108300005C09D8F83C0003F01F0350F8242007FA5A
:1083100003F3134340F82430059B002B00F0158134
:1083200003F00103C3F102030A6A08939D00039B53
:10833000934280F00E810DF1440900240846069B0B
:10834000039ADB6A9A4223D0D8F81430039A46691C
:108350009A427BD0B4FBF6F2436806FB12429C467D
:10836000002A00F0A5800399D8F81C30C8F8141032
:10837000A21AC8F8182000966646B04700287FF475
:10838000FCAC069B039ADB6AD8F800009A42DBD16A
:10839000069B1A6BA242D7D883691344A342D3D950
:1083A00006991B1B496BAB4228BF2B46A21A1144EE
:1083B0001E461A464846AD1A07F04DFD3444B144F6
:1083C000D8F80000002DBAD1089BD8F82C405D1ECB
:1083D000012D0146036AD8F8300019D1119A121BF9
:1083E0001A44B2FBF3F603FB1622824210D2D8F8ED
:1083F0003C40560902F01F0354F8260005FA03F327
:10840000034344F82630D8F82C400B6AD8F83000E3
:10841000089E28AA02EB8505059A921B059255F83D
:108420005C2C039264E7D8F81830A3423FF6D7AE2D
:108430009A19A2427FF6D3AE121BD8F81C10AA429A
:1084400028BF2A46E31A16461944F8E6D8F8183029
:10845000A3423FF67FAF9A19A2427FF67BAF121B71
:10846000D8F81C10AA4228BF2A46E31A1646194417
:10847000A0E71D9A159B9A427FF449AB5346CA4622
:108480009946069B002B7FF430ACDAF81030002BB5
:108490003FF474ACD8E901125C688C4252D0986801
:1084A00090424FD094424DD081424BD01B68EEE7B2
:1084B000B542FFF458AFB5FBF6F306FB1353ED1AC4
:1084C000099300954B46224603996646B04700281B
:1084D0007FF453ACA9442C44099D71E7B542FFF4E5
:1084E00087AEB5FBF6F306FB1353ED1A099300951F
:1084F0004B46224603996646B04700287FF43DACC0
:10850000A9442C44099DA0E68D42FFF4B0ADB5FB13
:10851000F1F401FB1453ED1A0A930095069B05999B
:1085200042466446A04700287FF427AC069B2B44B4
:10853000A84406930A9DCCE508905BE50590CCE63F
:1085400006900EE6C3E90112B0E7DDF81890FFF7D8
:10855000C3BB194B194A1A48122107F0CBFBDDF8AF
:108560002C80FFF76EBBDDF81490D9F81C30FFF7B4
:10857000ACBBD8F80430CAF80430D8F80830CAF8D0
:108580000830FFF7F4BB1DAC0DAE31462246504615
:10859000FCF700FF0028FFF6F0AB3FF476AF214672
:1085A000D8E90104002326901A4650462794FFF785
:1085B0007BFAFFF7DFBB00BF945D0500105D05008F
:1085C000B45D05002DE9F04F9DB000F1140882461E
:1085D0008B4691460593474699F8053099F8060071
:1085E00099F80740DAF80020DBF82010D26904334C
:1085F000034423440B44934240F28A80002980F2D2
:10860000A180DBE909234FF00008CDE90289099236
:108610000A9309AB394653F828501023019311AB44
:1086200000932A4600235046FBF7FAFF00283DD16D
:10863000029B2BB1119BDBF81C209B1A002B59DBF2
:10864000129B23F00043132B54D9DAF80020D2698F
:1086500093424FD80DF170094FF0FF3349F8503D68
:10866000102211A9484600F095FF129E26F0004303
:10867000102B25D0CDF8108010240DF11F06984640
:1086800004E0484600F086FFA04517D00123CDE95D
:1086900000632A46234639465046FBF7C1FF0122B4
:1086A000314614440028ECD0DDF8108010F1340F6E
:1086B00020D0034618461DB0BDE8F08FDDF81080CD
:1086C000089B08F10104ABB911AB0FCB04F0010416
:1086D0001CAE06EB8404CBF8045054F84C4CCBF899
:1086E000084010250BF11C04CBF80C5084E80F0057
:1086F00001230293B8F1000F07D0DDE90239002B06
:108700007FF46AAF6FF03303D4E74FF0010880E7DE
:108710004D460B1F45F8043B059F1395002611930A
:10872000159311AA594650460C250223CDE917741A
:10873000129616961495FFF7B7F9034618461DB022
:10874000BDE8F08F5D460FCD11AC0FC40FCD0FC447
:1087500095E8070084E8070059465046FDF738FBC6
:1087600003460028A6D1DBF820201A99CBF8241064
:108770004846043A1B99CBF8281040F8042B0A937A
:1087800099F807100E93059B0F93099202230D92FF
:1087900010910B900C2409AA594650460C94FFF7EF
:1087A00083F90346002885D1DBE90114199A1A914F
:1087B00042F0004511A91A46504619951B94FFF73F
:1087C00073F9034676E700BF2DE9F04153799679B6
:1087D0000D460433D179334414462A6A0B4403F11D
:1087E000140122F000428A428EB0064664D003AFE4
:1087F000206804933A460390002701232946304617
:10880000CDE90577FFF750F900284FD1F36823B37E
:108810004FF0FF370BE0D3F808E0D5F808C0E64585
:1088200009D0624507D0714505D01B68ABB15A68C5
:1088300069688A42EFD1DA6821688A4239D0F4D96E
:10884000617994F806E094F807C0043171446144FA
:10885000521ADA601B68002BE9D1336953B925E05D
:108860009F68AE68B74209D0B24207D0B94205D07E
:108870001B68DBB15A6869688A42F1D1D9682268FD
:108880009142F5D96279A779E67904323A443244C3
:108890008A1ADA606279A779E679996904323A44EA
:1088A00032448A1A9A611B68002BE3D10EB0BDE8EE
:1088B000F081C3E90177B8E74368013324D08368C6
:1088C000013321D0002203AF01230192394601AACE
:1088D0000293FBF789FF90BB0C9B5A1C15D0DDF867
:1088E00034C0BCF1FF3F0CAA394630460DD0D5F854
:1088F00004E09E4509D0D5F80880E04505D0434501
:1089000003D0E645E5D100E003AF0B9A002A06DB71
:108910006379A179E27904330B44134468E7D5E91C
:108920000831AC6A0C9163F00045002315403946CC
:1089300030461A460B950D94FFF7B6F8B6E70028B7
:10894000B4DBE2E72DE9F0478B6A0160A6B004468C
:10895000002B62D0C361C86A8A69002869D0A0620E
:10896000FF2107F09CFA4FF0FF3322682362636116
:10897000536AD90640F00481002B00F0FA80106B96
:1089800000285FD0E063D2E90553B3FBF5F105FBA6
:108990001131002940F00981D169B1FBF3F503FBE6
:1089A0001515002D40F0FA804FF0FF36A1F10803B5
:1089B000B6FBF3F33344B3FA83F3C3F12003B1EB13
:1089C000830FC0F0E480526A25612946D208C4E9C9
:1089D000026584F84050666007F061FA2368E5623A
:1089E000D3E90823934228BF1346C4E90C35A26398
:1089F00010A92046FDF7ECF9054600282AD0236887
:108A00009A6A002A7FD0DA6A002A77D01B6B002B83
:108A100070D0284626B0BDE8F0874869F7F776F8A9
:108A2000E061002800F08A802168C86A8A6900280D
:108A300095D11046F7F76AF8A06200287ED0236827
:108A40009A698DE7D808F7F761F8E063002875D0D8
:108A5000226898E71BA92046FDF7BAF905460028C9
:108A6000CDD1034602461BA92046FFF71DF8054657
:108A70000028C4D1206850491C9AADF82250D0E992
:108A8000073603C90EAF87E80300A9460B931025EC
:108A90001D9B0C96082041F22E464FF0011162609A
:108AA000099219923422ADF82060A3600A931A93B8
:108AB0000795AA468DF823000D9118924FF00208F1
:108AC00008AF2026012303AA10A92046CDE903A65A
:108AD000CDE90576FEF7E8FF0546C8B110F1340F81
:108AE0008DD1B8F1010F16D1B9F1000F16D16FF089
:108AF000330584E7E06BF7F71BF88AE7A06AF7F71E
:108B000017F8236882E7E069F7F712F823687AE735
:108B10004FF00109E5E74FF00108D3E7002310A962
:108B200001AA2046CDE90138FBF75EFE0546002884
:108B30007FF465AF23681A6AA26361E723689A6AC3
:108B400092B1DA6A5AB11B6B2BB16FF00B05284654
:108B500026B0BDE8F087E06BF6F7EAFFF5E7A06A1C
:108B6000F6F7E6FF2368EEE7E069F6F7E1FF236832
:108B7000E7E7124B124A134840F6140107F0BAF81F
:108B8000114B0F4A0F4840F6130107F0B3F80F4B93
:108B90000B4A0C4840F6240107F0ACF80C4B084A8D
:108BA00008484FF4026107F0A5F80A4B044A05484B
:108BB00040F61F0107F09EF8905F0500CC5E0500AF
:108BC0006C5D0500B45D0500AC5E0500445F05000A
:108BD000145F0500E45E05002DE9F04FBBB083464D
:108BE0002C22002119A807F05AF94FF0004328223F
:108BF00024A80021219307F052F9DBF800301B6A0A
:108C000001222E92002B00F04981002303932DAA0C
:108C100024A95846FBF7E8FD079048BB219B002B91
:108C20007ADBDBF80430013300F04281DBF80830F6
:108C3000013300F03D810DAB2FAA22A95846FBF766
:108C4000D9FF002813DB00F033810F9C229B109D7D
:108C5000239A9C4200F03881944200F03B8100232B
:108C600019A958461A46CDE92245FEF71DFF07907F
:108C700007983BB0BDE8F08F03460C2001900EA88A
:108C80000090259A59465046FBF7CAFC002840F050
:108C9000AD809DF839209DF83A309DF83B50279CD7
:108CA0002A989DF838100D9404321A442A44A318C7
:108CB00002442A920A06279330D5DAF804300133A9
:108CC000D34610D0DAF8083001330CD00FA9504643
:108CD000FCF7B6F80028CADB40F0D7809DF83810C2
:108CE0000D9C9DF83B50119401F07F0104F10C02A2
:108CF00000208DF838100EA90C2615921391CDE99D
:108D00001705012311AA24A9584616951296149600
:108D1000FEF7CAFE0028AAD1279BDA462C9921F03B
:108D20000042043A03F10C00904240F2BE80002958
:108D300080F2A7800AF1140BDDE92D2300250B92A8
:108D40000C93A8464FF010090BAB594653F8257009
:108D5000CDF804902FAB00933A4600235046FBF722
:108D60005FFC00283FD1B8F1000F04D02F9B2B9A55
:108D70009B1A002B72DB309B23F00043132B6DD921
:108D8000DAF80020D269934268D83AAB4FF0FF314D
:108D900043F8C01D102218462FA9049300F0FAFBD7
:108DA000309B23F00042102A44D0CDE905851024E1
:108DB0000DF127061546DDF8108004E0404600F06E
:108DC000E9FBA54234D00123CDE900633A462346AE
:108DD00059465046FBF724FC012231461444002832
:108DE000ECD0DDE9058510F1340F37D0831CD34674
:108DF0007FF43DAF24AD0FCD19AC0FC40FCD0FC420
:108E000095E8070084E80700DBF80030039A1B6A46
:108E100001329A42039241D22D9B01333FF428AF95
:108E20002E9B01337FF4F3AE07983BB0BDE8F08F83
:108E3000DDE905850A9B6C1C83B92FAB0FCB2BAEEC
:108E400004F0010486E80F003AAB03EB8404259795
:108E500054F8BC3CCDE926394FF001089DB1B8F17A
:108E6000000F1BD02C992A9A21F00043043B1432A6
:108E700010201B2B2A9227903FF6FEAE0029FFF60A
:108E80005BAFD346B6E701255EE70DAA24A9584695
:108E9000FFF79AFC00283FF43FAFE8E66FF033039A
:108EA000079307983BB0BDE8F08F0AF1140BE4E696
:108EB000DDE92D54002319A958461A46CDE922545C
:108EC000FEF7F2FD0790D3E6AA423FF425AF9442A5
:108ED0007FF4C5AEAB427FF4C2AE1DE770B590F82B
:108EE00040309CB00546019163B9436801220133CB
:108EF00080F8402006D08368013303D0FFF76CFE72
:108F0000044660B901AB02AA06A92846FCF78CF812
:108F1000831C044606D0002808BF6FF010042046CA
:108F20001CB070BD2F21019807F0FCFE0028F6D17F
:108F30002B681B6AAB6311A92846FCF749FF04465E
:108F40000028ECD1DDE90F3602461A9311A9034639
:108F500028461B96FEF7A8FD04460028DFD1019E97
:108F60008DF80E0040F622033046ADF80C3007F0C5
:108F70000AFF3346DDE912648DF80F0002AA06A944
:108F800028460594109404960F96FFF71BFB0446A1
:108F90000028C4D12B681B6AAB63C0E72DE9F043FE
:108FA0001F4691B003F00303012B0C4600920546C7
:108FB00003D090F84030002B4ED001AA05A96B4693
:108FC0002846FCF731F8064600283FD19DF80830C6
:108FD000222B00F09380BB0500F18D80DDE9062097
:108FE00001996260039AA0600023C4E906372362F6
:108FF000C4E90312049B63617A0506D5002B3DD1B9
:109000004FF0FF320023C4E904232B68586B4FF064
:10901000FF32E262002859D0EB68002B61D1606317
:10902000E36903F003034FF0FF36012BE66205D03E
:109030002B68FF219A6906F032FFE662EB68236035
:1090400000263046EC6011B0BDE8F083023019D044
:10905000304611B0BDE8F08343680122013380F847
:109060004020AAD083680133A7D0FFF7B5FD06469C
:109070000028A2D0304611B0BDE8F08347F4803715
:10908000E761BDE7DDF800902F21484607F04AFE72
:1090900080460028DCD1F905DAD540F611034846B0
:1090A000ADF808308DF80A8007F06DFE4FF0FF36FE
:1090B0008DF80B004B4601AA05A92846CDE90368A7
:1090C000FFF780FA0646002888D0C1E7E26902F07F
:1090D0000302012A08D09869F6F718FD606300289A
:1090E0009ED16FF00B06B3E75869F6F70FFD60638A
:1090F000002895D1F5E76FF01006A9E76FF0140688
:10910000A6E700BF2DE9F041CB690C4659039AB0A0
:10911000064605D523F480234FF0FF32E361E26277
:109120009A030AD521463046FEF79AF9054618B14A
:1091300028461AB0BDE8F081E36903F41023B3F5C3
:10914000803F04D0002528461AB0BDE8F08163684E
:109150000133F7D0A3680133F4D00FA9221D3046A4
:10916000FBF742FB05460028E2D1E068049504AF16
:109170004FF00C080346CDE900780390C7E901558C
:10918000109A06F114013046FBF74AFA054600280A
:10919000CED19DF81030112B20D1039B2269099765
:1091A000304603F10C070D9566699DF8135007933F
:1091B00005920FA9012307AA0C950E95CDF82080E2
:1091C000CDF828800B970696FEF76EFC0546002822
:1091D000AED1E36923F48033E361A9E7034B044A8A
:1091E000044840F2136106F085FD00BF5C5E050097
:1091F000505D0500B45D0500F0B5CB690C46590320
:109200009BB0054605D523F480234FF0FF32E36180
:10921000E2629A0322D521462846FEF721F9064646
:10922000D8B1EA6842B1944203D163E09C4263D072
:109230001A461368002BF9D1A36923B11B6813B137
:1092400030461BB0F0BD2B685B6B002BF8D1606B18
:10925000F6F76EFC30461BB0F0BDE36903F4102353
:10926000B3F5803F01D00026DBE763680133FAD015
:10927000A3680133F7D00FA9221D2846FBF7B4FAE3
:1092800006460028CDD1E068039004A90C270346C8
:10929000CDE90017109A049605F114012846CDE98E
:1092A0000566FBF7BDF906460028BAD19DF81030D7
:1092B000112B24D1039B0D9004AA6069099203F13C
:1092C0000C029DF8136008970A97079327690B9281
:1092D00006900FA9012307AA28460C960E9605971B
:1092E000FEF7E2FB064600289BD1E36923F48033B6
:1092F000E36196E705F10C02236813609CE7034BDA
:10930000034A044840F2136106F0F4FC5C5E050079
:10931000505D0500B45D0500F0B590F84030ADB08B
:10932000044601917BB943680122013380F8402053
:1093300009D08368013306D0FFF74EFC054610B113
:1093400028462DB0F0BD0BA901AB07AA2046FBF7BC
:109350006BFE05460028F3D19DF82030222B00F04B
:10936000BF809DF821309DF822009DF82310139AAC
:10937000043303440B4403F1140122F000428A42F7
:1093800000F0948021AE0798229332462190002667
:1093900001230BA92046CDE92366FEF785FB0028B3
:1093A00040F09780E36823B39DF821609DF8221078
:1093B0009DF82320DDF81CC00E440436DDE90C07BF
:1093C00016444FF0FF3E08E09968B94208D0BA420F
:1093D00006D0884204D01B685BB15A688242F3D140
:1093E000DA68624579D084BF921BDA601B68002B73
:1093F000F3D1236923B39DF821109DF822009DF835
:109400002320DDF81CC001440431DDE90C67114460
:1094100008E09868B84208D0BA4206D0864204D024
:109420001B686BB15A68B242F3D1DA686245F7D96A
:109430009869521A401ADA6098611B68002BF1D1C2
:109440009DF82030222B7FF47BAF6368013326D058
:10945000A368013323D000200123059005AA0BA99E
:1094600020460693FBF7C0F90546A8B17CE0159AA3
:10947000511C14D01799994279D01898904276D0FF
:10948000834274D0914272D014AA0BA92046FBF7F4
:10949000ABF90546002867D1149B581CE7D13A4B1D
:1094A0003A4A3B4840F26E7106F024FC636801338F
:1094B00044D0A368013341D0002021AE01230390A2
:1094C000314603AA20460493FBF78EF930B30028F7
:1094D00027DA054628462DB0F0BDC3E901EE7AE74C
:1094E00009AA16A92046FBF77FF900283FF439AFF7
:1094F0000546EFE72B9A571C13D00C99994210D0D0
:109500000D9890420DD083420BD0914209D02AAAE7
:1095100031462046FBF768F90028D8D12A9B5A1C0F
:10952000E8D1299A002A0BDB9DF821309DF8221002
:109530009DF8232004330B44134424E721AEF0E7C5
:10954000DDE9133163F00040104000232A91299097
:1095500031461A46159E2B962046FEF7A5FA00289E
:109560003FF46EAF0546B5E7002DFFF6E9AE2046A5
:10957000DDE91F5400230BA91A46CDE91454FEF768
:1095800093FA0546DCE600BF9C5F0500605D0500C0
:10959000B45D0500E2B170B4013A04680D4D8E1857
:1095A000013911F8013F83EA040202F00F028E42F2
:1095B00055F8222082EA141484EA131303F00F03EF
:1095C00055F8233083EA1414EBD1046070BC704763
:1095D000704700BFA05F050010B5034B0360044651
:1095E000FAF7C4FA204610BDE85F050010B5054B38
:1095F00003600446FAF7BAFA2046F8F7C7FD20469A
:1096000010BD00BFE85F050008B500F037F9002085
:1096100008BD00BF70B501F5ED51CC0182B004F179
:109620008006FF25012220460DF1070114448DF824
:10963000075000F029F9A642F4D1002002B070BD15
:1096400008B501F5ED5102EBC1101946029A00F080
:109650001BF9B0FA80F04009404208BD08B501F599
:10966000ED5102EBC1111846029A00F025F90028CD
:10967000CCBF00200120404208BD00BF38B500210A
:109680000546FAF793FA98B94FF46D24204600F096
:109690001BF904F5805458B1B4F5742FF6D128465F
:1096A000FAF7A6FA28460021BDE83840FAF77EBA54
:1096B00038BD00BF10B5074C07492046FAF75EFADF
:1096C000064B23602046064A0649BDE8104004F0D8
:1096D00009BE00BF8093002028610020E85F0500DC
:1096E00000600020D995040029DF704728DF70470B
:1096F00012DF704708B506F09FFBB0FA80F0400912
:1097000008BD00BF10B5144606F0A5FB204610BDED
:10971000F0B5194E316883B0054629B3174F2D0BAC
:1097200014242846FFF7E2FF034698B90DF107001D
:109730008DF80730FFF7DCFF9DF8073013B90120E3
:1097400003B0F0BD4FF0FF313068F6F7EBFE3B6839
:10975000022BF4D00120F6F78FF9631E13F0FF04FB
:10976000DFD1002003B0F0BD03220120F6F71EFA7E
:1097700030600028D2D1F4E724A4002078610020D2
:109780002DE9F04FDFF8C8A0DFF8C09083B0904615
:1097900004460D465708D6084FF0140B32462946AA
:1097A0002046FFF7A1FF034668BB0DF107008DF8C7
:1097B0000730FFF79DFF9DF80730D3B93D443C4487
:1097C000DFF88CA0214F4FF014093246294620467D
:1097D000FFF78AFF034668BB0DF107008DF80730DD
:1097E000FFF786FF9DF80730DBB9404603B0BDE8C0
:1097F000F08F4FF0FF31DAF80000F6F793FED9F85A
:109800000030022BDAD00120F6F736F90BF1FF33E6
:1098100013F0FF0BC2D14FF00008404603B0BDE883
:10982000F08F4FF0FF31DAF80000F6F77BFE3B686F
:10983000022BDAD0012009F1FF39F6F71DF919F0F2
:10984000FF09C2D14FF00008E7E700BF78610020B0
:1098500024A40020074B1A6852B130B4064D0446C8
:10986000002310462C601A46194630BCF6F712BA8F
:10987000704700BF24A4002078610020014800F058
:10988000A5B800BF6061002010B4094CA0420AD303
:10989000B0F5742F07D213465DF8044B0A46014613
:1098A000044800F049B84FF0FF305DF8044B7047B2
:1098B000006002006061002013460A46014601482C
:1098C00000F0A4B860610020F0B5194E316883B093
:1098D000054629B3174F2D0B14242846FFF706FF22
:1098E000034698B90DF107008DF80730FFF700FF28
:1098F0009DF8073013B9012003B0F0BD4FF0FF31E0
:109900003068F6F70FFE3B68022BF4D00120F6F723
:10991000B3F8631E13F0FF04DFD1002003B0F0BDE5
:1099200003220120F6F742F930600028D2D1F4E793
:1099300024A40020786100202DE9F04F83B001932A
:10994000002B3CD0DFF8809005460E4690461F461F
:10995000C6F30B0ACAF580542B69BC4206EA090B10
:1099600028BF3C465B4520D0184601334FF4805257
:1099700013D0EB6813B16969984770B90320F9F700
:10998000F7FB2B68286998476B68D5E904014FF409
:10999000805298470320F9F701FCC5F810B05946EA
:1099A000AB6868694FF4805298476869414622461F
:1099B000504406F050FA3F1B2644A044C8D10198F9
:1099C00003B0BDE8F08F00BF00F0FFFF38B50369BA
:1099D0005A1C1AD0C56804462DB118464FF480525F
:1099E0006169A84770B90320F9F7C2FB23682069B1
:1099F00098476368D4E904014FF4805298470320E4
:109A0000F9F7CCFB4FF0FF33236138BD2DE9F84364
:109A100004691D46631C06468846174607D1B3688D
:109A2000394640462A4698472846BDE8F88394427E
:109A300024D92A4494428368F2D204F58052974292
:109A4000EED2E41B22463946404698474FF48059EF
:109A500008EB04002A1B00219145736928BF914639
:109A60004A4619444C4406F0F6F9A542DCD9B368DD
:109A7000391908EB04002A1B9847D5E704F58053F1
:109A80009A42CCD2391BC1F580592A46404600245F
:109A9000E2E700BF38B590F8E8500DB1284638BD70
:109AA000012380F8E830044601F024FE0028F5D1B7
:109AB0002046BDE8384000F0AFB800BF10B5044CF8
:109AC000204600F0A5F8002384F8E83010BD00BF60
:109AD00028A4002003680A689A4201D00020704739
:109AE00070B5054684B04FF453700C46F5F7DEFFB1
:109AF0000646A8B10C4800F0ADF8211D00242A68E4
:109B000000912B1D02940949019601F08DFC044639
:109B10003046F5F7E5FFB4FA84F0400904B070BDB3
:109B2000002004B070BD00BF28A4002005A20400DE
:109B3000F0B585B006464FF453700D4617460393B3
:109B4000F5F7B4FF78B1044600903A46281D311D60
:109B500003AB01F0E7FC05462046F5F7C1FF15B958
:109B6000039805B0F0BD002005B0F0BD00220260F2
:109B7000704700BF10B50446084601F045FD20605F
:109B8000003018BF012010BD00220260704700BFE6
:109B900010B50446084601F037FD2060003018BFBC
:109BA000012010BD00230360704700BF00B583B0E3
:109BB00002AB043043F8042D0A46042101F0AEFB49
:109BC00018B9019803B05DF804FB002003B05DF8FC
:109BD00004FB00BFF0B5054683B04FF463700E463A
:109BE0001746F5F763FF044678B1019055F8040B6A
:109BF00000953A463146012301F0CCFA054620464D
:109C0000F5F76EFFB5FA85F0400903B0F0BD00BF6F
:109C1000002280F8E420704770B590F8E4400CB161
:109C2000204670BD012380F8E43005464FF4BF5054
:109C3000F5F73CFF06460028F2D03146284600F0F2
:109C4000CDFC0446B4FA84F430466409F5F748FFC5
:109C5000204670BD704700BFF0B5054699B01F465D
:109C600000230E46144605A819460322D5F8D05005
:109C700001F062F938BB0146AD00082303AA05A82C
:109C8000CDE9034501F098F9E8B9611905A801F09B
:109C9000B7F9C0B937B923461022314605A801F0FB
:109CA000C7F980B905F1100302A901910094194682
:109CB000324605A8029301F0F9F9044B002818BFB9
:109CC000184619B0F0BD014819B0F0BD360CF000CF
:109CD0002DE9F04F864C80469E460F4694460FCCA9
:109CE000B7B00DF11C0A55460FC594E80F0004F1FA
:109CF000100685E80F000FCE0FAD0FC596E80F00D8
:109D0000303485E80F000FCC17AD0FC50FCC0FC551
:109D100094E80F00D8F8D040CDF80CE0042C85E88A
:109D20000F0001D0082C6BD1409A231DB2EB830F9A
:109D30004FEA830B03D06F4837B0BDE8F08F07EBD5
:109D40000C019CFA8CF30CF118060CF109003B6035
:109D50009BFA8BF5802326F00F06321A7D6038447B
:109D60000B72002101F09CFD409B1B09ABF1100B15
:109D700000F0BB80042C47D0DDF80C90CDF808B083
:109D80004B4617ADB1464FF0000823ACBB461E460C
:109D900024E0029FCDF814A0069701F00DF90346C8
:109DA0002946204610353BBB01F02AF984464FF086
:109DB000100E4B465A4649462046BCF1000F1BD1B7
:109DC0000DEB0E07CDE90067CDF810E001F06EF95C
:109DD000103688B9409BB8EB131F58D200231946A0
:109DE0000222204601F0A8F8014608F101080823E4
:109DF00005AA20460029CCD03F4837B0BDE8F08FF7
:109E00003E4837B0BDE8F08FDDF80C90CDF808B0D3
:109E100033460FAD4E464FF0000823ACBB46994683
:109E200026E0029FCDF814A0069701F0C5F803467E
:109E3000294620461035002BDED101F0E1F884469A
:109E40004FF0100E4B465A4649462046BCF1000FD3
:109E5000D2D10DEB0E07CDE90067CDF810E001F08F
:109E600025F910360028C7D1409BB8EB131F0ED23E
:109E7000002319460222204601F05EF8014608F14F
:109E80000108082305AA20460029CAD0B4E7DDF856
:109E900008B0039D0023194601222046CDE9055B49
:109EA00001F04AF801460028A6D1082305AA204659
:109EB00001F082F800289FD105EB0B01204601F04C
:109EC0009FF80146002897D1409A284601F0E8FC07
:109ED000409B009540A901912A462046194601F071
:109EE000E5F800283FF428AF86E723ACD1E700BFB0
:109EF00060600500230CF000360CF000210CF0002F
:109F00002DE9F04F2DED028B164687B007321C4627
:109F1000D308129D0393002800F0BC800F4600294F
:109F200000F0BF80002C54D0BDF80C1080462046B5
:109F300000F0BCFF0228064640F2AA8003285DD14B
:109F40002378032B40F2A480039B681C591E012335
:109F5000019301F0A7FC019B0493019B76429AB206
:109F600006F007064FF0FF0A4AFA06FA08EE102A32
:109F70005E1E4FF6FF72103B5FFA8AFA2E44029281
:109F8000059318EE101A2A464046B84700287DD19E
:109F900033780AEA03033370049B102B40D0BDF8DA
:109FA000043022461946284600F0ACFE022852D062
:109FB000029B013B0293E4D13E4B03990193284657
:109FC00001F070FC019B184607B0BDEC028BBDE8A8
:109FD000F08F99B22A461C46B84703460028ECD1B8
:109FE000611E70076A5C42F080025CD16A540023F3
:109FF000184607B0BDEC028BBDE8F08F039B00F163
:10A000000709A3EBD90105EBD90001F04BFC4FEA9E
:10A01000D903B9F1870F019388BF102304939CE7FC
:10A02000059B05EB030904EB030B07E0002BB6D0FF
:10A03000B84758BB33780AEA030333701023194634
:10A040005A46484600F05EFE0346022B4A464FF051
:10A0500010014046EAD1019B002BC8D0013DE91810
:10A06000012315F8012F13448D422B704FEA23234F
:10A07000F7D1019B013C2344022214F8011F0A443A
:10A080009C4222704FEA2222F7D1B0E7034694E7C0
:10A09000094B92E7094B184607B0BDEC028BBDE8AF
:10A0A000F08F074B8FE7764206F0070632416A547D
:10A0B00089E700BF010CF000320CF000250CF00025
:10A0C000140CF0002DE9F0438FB0884607A917461D
:10A0D000044601F0A5FA054600284ED1D4F8D05028
:10A0E000042D01D0082D4ED1D4F8C4300C2B62D8E9
:10A0F000B8F1000F45D02E1D760106AA04ABCDE9BC
:10A100000032029707A905AB00222046059600F011
:10A11000DFFD00283CD1069B0498D4F8C42023F02E
:10A120000303083304F1840918449200494601F0FE
:10A13000B3FBD4F8C400069A04992B1D9E0002EBD1
:10A14000800200964B4620460692FFF7C1FD054669
:10A1500050B9B8F1010F33D0034622464946204694
:10A16000FFF77AFDB0B105462046E42101F09AFBE5
:10A1700038464FF4BF5101F095FB28460FB0BDE8BB
:10A18000F0836E01B9E71B4D28460FB0BDE8F083A0
:10A19000194DE9E7D4F8D430012243F00103C4F8A3
:10A1A000D430C4F8CC2000234846C4F8C430402141
:10A1B00001F078FBDCE7114D28460FB0BDE8F083D5
:10A1C0003146204601F06EFB2B462246494620468A
:10A1D000FFF742FD0028C6D1D4F8D430084AC4F8AD
:10A1E000CC8023F4803343F00103C4F8D430C4F8A6
:10A1F000DC20D8E7210CF000260CF000040CF00065
:10A20000CDAB23012DE9F04F9DB0002800F03B813C
:10A210001646002A00F03D810D4621B98B4658466E
:10A220001DB0BDE8F08FB14F04464FF0FF313868E4
:10A2300001F058FB002840F01981AD4BD4F8DC2028
:10A240009A4216D0DFF8B8B22946304601F02AFB10
:10A25000D4F8C430002B40F00D81386801F05CFB6D
:10A260000028DCD0A34801F0EBFA58461DB0BDE849
:10A27000F08FD4F8D430DA0740F10E81D4F8CC3026
:10A28000113300F20F81D4F8D080B8F1040F05D05B
:10A29000B8F1080F02D0DFF86CB2D5E7D4F8C420CB
:10A2A0000C2A00F2FC8004F14003029304F1840ABA
:10A2B000002A00F0FD809200514604F1480001F0B0
:10A2C000EBFAD4F8C420029908F104039B00009330
:10A2D000920053462046FFF7FBFC83460028B3D18B
:10A2E0000346224651462046FFF7B6FC8346002827
:10A2F000AAD104EB88090122D9F80C301BBA9B18AB
:10A300001BBAC9F80C304FEA880B16D3D9F80830BD
:10A310001BBA9B181BBAC9F808300ED3D9F8043001
:10A320001BBA9B181BBAC9F8043006D354F828305E
:10A330001BBA13441BBA44F82830002309A8194655
:10A34000032200F0F9FD002840F0AF800146082309
:10A3500007AA09A8CDE9074B00F02EFE002840F01F
:10A36000A480494609A800F04BFE002840F09D80DB
:10A37000614AD4F8D4301A4200F0A2802B0915F0BB
:10A380000F0B049300F0998001330493CDF80CB0C7
:10A390005B469D420DD0EA1A11463046059201F007
:10A3A00081FA059A3346314609A800F041FE00289B
:10A3B0007BD104F1300B10220298594601F06CFA5F
:10A3C0005846102101F06EFA102306A90191CDF82C
:10A3D00000B009A85A461946069300F067FE002807
:10A3E00063D1039AA81A3044594601F055FAD4F8BB
:10A3F000D430DB0509D45A460298049B314600F05C
:10A40000CBF9834600287FF41FAFD9F80C30049AAB
:10A410001BBAD3181BBAC9F80C3017D3D9F80830B7
:10A4200001221BBA9B181BBAC9F808300ED3D9F801
:10A4300004301BBA9B181BBAC9F8043006D354F871
:10A4400028301BBA13441BBA44F828305146012364
:10A4500022462046FFF700FC834600287FF4F4AE36
:10A46000D4F8CC300133C4F8CC30F1E6234801F005
:10A47000E7F9E2E60023C4F8C43004F18400402187
:10A4800001F010FAE9E6DFF880B058461DB0BDE8EB
:10A49000F08FDFF878B0C2E6DFF874B0D4E6DFF80A
:10A4A00074B0D1E6DFF870B0CEE6DFF870B0CBE67E
:10A4B0005046402101F0F6F91BE71023039368E7AB
:10A4C00004F1300318461021039301F0EBF9039BCC
:10A4D0001022194609A800F0ABFD0028E5D1D4F8F8
:10A4E000D43043F48033C4F8D43047E740A500208B
:10A4F000CDAB23010860050000010100F05F0500FD
:10A500000E0CF000210CF000270CF000000CF00005
:10A51000080CF000040CF000070CF000360CF00002
:10A5200070B5002849D00D46002943D0244E04467A
:10A530004FF0FF31306801F0D5F990BB002001F0F9
:10A5400021FA50BB20462A460121FFF7BBFD0446F5
:10A55000012001F017FAB8B9306801F0DDF950B9FF
:10A56000012001F00FFA08B9204670BD154801F02E
:10A5700067F9204670BD144801F062F9012001F02E
:10A5800001FA0028F0D0F1E70E4801F059F93068DF
:10A5900001F0C2F90028E3D0EDE70C4801F050F9D2
:10A5A000D0E70B4801F04CF9002001F0EBF900284E
:10A5B000C8D0F2E7074C204670BD074C204670BD5E
:10A5C00054A50020406005000860050020600500DB
:10A5D000F05F0500200CF000250CF00000284CD0A6
:10A5E000F0B50D4689B0002938D00446E42101F0C9
:10A5F00059F901A9204601F013F810B1204809B01B
:10A60000F0BD204F4FF0FF31386801F06BF980BB8F
:10A61000002001F0B7F940BB01A92A46204600F00E
:10A6200063FB0646012001F0ADF9D0B9386801F0AE
:10A6300073F978B9002EE1D12046E42101F032F916
:10A6400029462046FFF76CFF0F4B002818BF18461D
:10A6500009B0F0BD0D4801F0F3F8EBE70C4809B084
:10A66000F0BD0C4801F0ECF8E0E70B4801F0E8F829
:10A67000D2E70A4801F0E4F8CAE70948704700BF8A
:10A68000110CF00054A50020120CF0000860050029
:10A69000200CF0004060050020600500F05F050020
:10A6A000250CF00030B4029D4DB1064D941EAC4215
:10A6B00002D830BCFFF724BC034830BC70470348C5
:10A6C00030BC7047FDFF0700310CF000300CF0008B
:10A6D00038B504464FF4806001F040F9054D064856
:10A6E0000649074A00232B6003600B682360136050
:10A6F00038BD00BFC8B102502CB1025004B10250A5
:10A7000008B102500138072805D8DFE800F00A0E2A
:10A71000041204040406094870478B698B6000200A
:10A720007047CB688B60002070470B698B600020FE
:10A7300070474B698B600020704700BF310CF100FF
:10A740000B6802E0082B0B6006D8426813424FEA00
:10A750004303F7D00020704700487047310CF100E8
:10A76000084B094A002119601368002BFCD10748E7
:10A770000749084A03604FF480604FF0FF330860D8
:10A78000136070472CB1025010B90250C4B102508E
:10A7900008BA025008B10250012BF8B516461CD079
:10A7A00010221D460C4601F05FF8E0B1AF1E3146A5
:10A7B00004EB0710102201F057F8A0B1022D0ADDBA
:10A7C0000025204610342146102201F04DF80135B5
:10A7D00048B1BD42F5D10020F8BD1146102201F06C
:10A7E00043F80028F7D10148F8BD00BF020CF00083
:10A7F000002877D0F8B50C46002971D01D46002BF3
:10A800006ED0064622B1012200232A60C0F8D8305B
:10A810002B68002B62D029462046FFF791FF0028C5
:10A820005BD128682146FFF76DFF002855D1364BD4
:10A830003649374A01271F609C460F60CCF80070EC
:10A84000A368136011688B42F8D1324F3249334A02
:10A85000334B4FF0000CC7F800C004270F600A21EB
:10A8600011606FF03A021A60079B012B4FF0805382
:10A870003AD0D3F8002C013243D0D3F8002C294B26
:10A88000A3FB02321209A368274C2849284F03FB77
:10A8900002F303EB4303DB039B092360254B2C6886
:10A8A0000C601A60069A244C3A604FF48062226071
:10A8B00001224FF0FF3441F8C44C43F80C2CD6F879
:10A8C000D8302A6823F07F4343EA0263C6F8D830C1
:10A8D0002A6843EA0223C6F8D830F8BD1748F8BD05
:10A8E0001748F8BD16487047D3F80C2C013206D033
:10A8F000D3F80C2C0B4BA3FB0232FA40C3E7162211
:10A90000C1E70622BFE700BFC4B1025040B1025008
:10A9100030B102502CB102500CB1025038B102508B
:10A9200000B10250ABAAAAAAD8B10250CCB10250D1
:10A93000D0B10250D4B1025008BA0250310CF1002B
:10A94000350CF100F0B4C900002401F1FF3C2646AB
:10A95000274606E09F4216D00126654519D82C46A9
:10A960001F46630904F01F0150F823301F2923FA02
:10A9700001F304F1010518BF03F00103002CE9D134
:10A9800001263546EBE701369642E6D10248F0BC97
:10A9900070470020F0BC7047360CF100002861D0F1
:10A9A0002DE9F0414C1EB4F5047F27D233B32AB30E
:10A9B000CD00012B05F1FF3E30D000218C460F4623
:10A9C0000E4603F1FF384C0901F01F0550F82440F2
:10A9D0001F2D24FA05F418BF04F0010421B9012643
:10A9E000B44631462746EEE7B34213D0A74201D121
:10A9F0000CF1010C464504D1624502D21A48BDE86B
:10AA0000F0813C4601318E4506F10106EAD2002074
:10AA1000BDE8F08100264FF0010CF3E70026B446B4
:10AA200037463446610904F01F0350F821101F2BEC
:10AA300021FA03F118BF01F001013CB15FB98C4567
:10AA400001D0614608E00136614605E00126344642
:10AA50008C460127E6E73E46B242CFD30134AC42F2
:10AA6000F6D1D4E700487047370CF1002DE9F04FDC
:10AA700089B01D46149BDDF84CA004460E461746CF
:10AA80004BB94FF08053D3F8002C013200F0A9806D
:10AA9000D3F800BC08E04FF08053D3F80C2C0132FF
:10AAA00000F0A280D3F80CBC7C480AF5C1622A6091
:10AAB000129A00234FF0FF31136000F013FF0028BB
:10AAC00040F08680764A774B7749106004321960EF
:10AAD00013680693069BD907FAD5714A714B00217A
:10AAE00011601B680793043213680793079BDB0709
:10AAF000FAD56C4B6D4A1B680793DDF81C90136800
:10AB00000793079BD807FAD5644800F005FF002893
:10AB10005AD1654B994540F0B680D4F8D43013F43F
:10AB200000790ED1D90512D52B68129A1B681360D3
:10AB30003BB1D4F8D4309B055BD5484609B0BDE89D
:10AB4000F08FDFF87C91484609B0BDE8F08F002F08
:10AB500000F08780564A574B1168B2681B689A42CA
:10AB600045D10A2943D194F8DB3005930AF5C26A2E
:10AB7000042500274FF0805804A8FFF7A9FD04988A
:10AB8000820602D510F01A0039D0D4F8D810059AF0
:10AB90000B0A03F47F030B4323F07F43082AC4F816
:10ABA000D83077D0149B4FEA420CCDE900730022D5
:10ABB00005AB31462046CDF814C0FFF719FE00283A
:10ABC0005FD1013DD8D1B4E73B4800F039FEA0E7A2
:10ABD0003A48DFF8F09000F033FE484609B0BDE88F
:10ABE000F08F4FF0900B5FE74FF4047B5CE7DFF8EA
:10ABF000D890FFF7B5FD484609B0BDE8F08F129B2D
:10AC00005246C3F800B0594600F03CFD002838D148
:10AC1000D8F8043C129A013318BFD8F8043C1168E4
:10AC200008BF51230293D8F8083C01332ED0D8F83E
:10AC3000083C03934B1EB3F5047F0FD2029A029196
:10AC40005046FFF77FFE48B90299039A4FF480639C
:10AC50005046FFF7A3FE00283FF46BAF129B1F6026
:10AC600093E723F00F03C4F8D430149B0122CDE9FD
:10AC70000093314605AB2046FFF7BAFD00283FF4AC
:10AC800075AF814655E7DFF83C9056E740F2373321
:10AC90000393CFE7DFF834904BE700BF4CA50020CB
:10ACA00004BF025000BF025012FA12FA08BF02504D
:10ACB00038B1025030B1025008600500F05F050065
:10ACC000330CF000350CF000300CF100320CF100C8
:10ACD00030B4DDE90234049D02940024CDE903542C
:10ACE00030BCFFF7C3BE00BF10B586B005AB012472
:10ACF000CDE901240093002204ABFFF7B7FE06B0B4
:10AD000010BD00BFF0B4441831B114F8015D4E1EFF
:10AD100015B931460029F8D1D41833B114F8015DC2
:10AD20005E1E45B93346002BF8D10D1E18BF012514
:10AD30002846F0BC70478B4222D325D84C1EA64231
:10AD400028BF2646002E23DB0136941900258219E0
:10AD500004E0012D38BF012590420BD012F8016D9F
:10AD600014F8017DB742F4D3F6D9002D08BF0225AF
:10AD70009042F3D18B4218BF00252846F0BC7047A3
:10AD800001252846F0BC704702252846F0BC7047D4
:10AD90000025EFE79942F0B50DD801EB03044FEA27
:10ADA000540467D3002C7DD04FF0000C171F2146B0
:10ADB000051F624632E003F1804C0CF1FF3C051F99
:10ADC000002600EB8C0C05EB810E34465CF8047F0A
:10ADD000E64546EA0706F9D116F1FF3744F1FF3C94
:10ADE0006FEA0C0C99420CF0010C3ED201F1804E3E
:10ADF0000EF1FF3E171F02EB8E0507EB830355F89C
:10AE0000042FAB4246EA0206F9D116F1FF3644F1AF
:10AE1000FF32D24302F0010291B3051F002305EB7C
:10AE2000810E28463C46194650F8046F54F8045FDA
:10AE3000AE4218BF002103F0010318BF002388BFF2
:10AE400041F0010138BF43F001038645ECD1A9B1BF
:10AE500082F00100BCF1000F00D108408CF0010429
:10AE600002B91C4000EB4400F0BDC3B1171F1946E6
:10AE70000022D3E700263446B446B7E7002BE7D1DB
:10AE8000BCF1000F03D132B160461446EAE782F00C
:10AE900001000023E2E7104613461446E1E760464E
:10AEA0001C46DEE720462346DBE700BF4218084683
:10AEB00030B112F8013D411E1BB908460028F8D1F7
:10AEC00070471A064FEAC00018D4590600F1FF3245
:10AED00015D49906A0F1020211D4D906A0F10302FB
:10AEE0000DD41907A0F1040209D45907A0F10502F5
:10AEF00005D49B07A0F1060201D40738704710461D
:10AF0000704700BFA1B100EB810001E001390FD013
:10AF100050F8043D002BF9D04801A0F1200202E0D6
:10AF20000138904206D0002B4FEA4303F8DA70470D
:10AF300008467047704700BF78B3032A70B50E46C5
:10AF40001546044601D9052A1CD1012E18D8ABB9E3
:10AF5000022D19D0052D17D04C21204600F0A2FC5F
:10AF6000052D88BF4FF0FF3213D900200123C4E91B
:10AF70000826C4E90B00C4E90D3370BD094870BD53
:10AF8000094870BD094870BD56B94C21204600F0F3
:10AF900089FC074B53F82520E7E74FF47000704712
:10AFA000044870BD0E00F0000600F0000200F00042
:10AFB000D06005001200F000C8B110B50C4682B197
:10AFC0008CB9082B0DD15368102B0ED1136843B1E7
:10AFD00001238362D2E90012103000F05DFC2046AC
:10AFE00010BD044810BD044810BD044810BD4FF406
:10AFF000700070470400F0000500F0000300F0004E
:10B0000070B108B5036A013B022B05D831B110229B
:10B0100000F042FC002008BD034808BD034808BDFD
:10B020004FF47000704700BF0200F0000100F00014
:10B0300038B349B31AB338B512F00F051BD1046AFF
:10B0400024F00404032C01D003B31D4613462A4602
:10B0500001F022FE58B1A0F57100052818D8052886
:10B0600016D8DFE800F005030A0303080A4838BDD4
:10B070004FF4700038BD094838BD094838BD07484D
:10B0800070474FF47000704706487047064838BD57
:10B090004FF4750038BD00BF0200F0000A00F00058
:10B0A0000600F0000800F0000900F000F8B5079F66
:10B0B00048B30E460546002A35D0994239D8002FAC
:10B0C00041D02B6A23F00401032906991FD00029DF
:10B0D00032D03968B14233D3300703D0012B1CD8AA
:10B0E000EB6A23B311463346069A284601F0E0FE88
:10B0F000044660B3A0F57104052C37D8DFE804F0EE
:10B100000310251010174FF470042046F8BDA9B1A4
:10B1100039680F2914D93107E4D0032BE2D1DFE7D6
:10B12000144C2046F8BD0029C9D0134CEDE7134C50
:10B13000EBE7134C2046F8BD002ED3D0114CE4E7CA
:10B14000114C2046F8BD114CDFE7114CDDE72B6AAE
:10B1500023F00403032B01D03E60D6E7069829466E
:10B16000102200F099FB10233B60CEE74FF47504EA
:10B17000CBE700BF0200F0000800F0000A00F0007A
:10B180000C00F0000900F0000D00F0001100F000CC
:10B190000600F0002DE9F84F1E460A9B002B6AD0EE
:10B1A0000D4600296FD0044600287DD0022E5ED8BF
:10B1B00016B10B9B002B79D0D4F8B872B7F5107F7D
:10B1C0004CD8D4F8BC127B1C994247D895F8009013
:10B1D000B9F1070F53D8B9F1050F50D009F00603A4
:10B1E0000737022B4FEAD7073CD07B00013393424D
:10B1F0003BD10A9807F1030B4FF45D7100F1040A8B
:10B200002BF0030800F04EFB414650463B466A1CBB
:10B2100000F002FC002838D14FEA9B0B5B465946F0
:10B2200022465046FFF7B6FD022855D119F0040F0B
:10B230003ED10A9B214603F194004FF4377200F08F
:10B240002BFB4946504600F06DFC0446002845D1D2
:10B25000022E45D00A9A264B13601CE0254C20464E
:10B26000BDE8F88F7B1C9342C3D0234CF7E7234CF7
:10B270002046BDE8F88F224C2046BDE8F88F214CCF
:10B280002046BDE8F88F204CE9E7204C0A984FF49F
:10B290005D7100F007FB0B9B002BE0D04FF4637156
:10B2A000184600F0FFFADAE7194CD8E7194CD6E750
:10B2B0000A9B7A1C4C334146184698462A443B4622
:10B2C00000F0AAFB0028E0D140465B4659462246E2
:10B2D000FFF760FD0228ACD00C4CC0E70E4CD5E760
:10B2E0000B99504600F0FCFC0028B3D00446CDE793
:10B2F000010000EC9508F0000F08F0001108F000C4
:10B300000E08F0000708F0000D08F0001008F0002B
:10B310000208F0001208F0003008F0002DE9F043B8
:10B3200083B0019300283DD01646002A67D00268FA
:10B330001F46354B9A4204461BD18FB3052914D0C2
:10B34000072912D8D0F84C33C56C21F0020203F162
:10B350000709042A03F11F034FEAD9094FEA5313DF
:10B3600005F0010522D0022907D0284803B0BDE826
:10B37000F083274803B0BDE8F0833A6809F101087B
:10B3800042453ED3304645F0020500F8015B9B0084
:10B39000221D494600F096FB48BBC7F80080E5E750
:10B3A0001C48E3E71C4803B0BDE8F0833A684FEA65
:10B3B000490808F10108424523D3042930460CBF4F
:10B3C0000D4645F006059B0000F8015B221D49462D
:10B3D000019300F077FB50B909F10100019B04F1E2
:10B3E0004C023044494600F06DFB0028D5D0304671
:10B3F000396800F057FA002308483B60B6E7084870
:10B40000B4E70848B2E700BF010000EC1508F000FF
:10B410001A08F0001708F0001408F0001B08F000EC
:10B420001608F0001808F0002DE9F04782B0DDE9B9
:10B430000A98002A5CD01D46002B5ED0B9F1000F9F
:10B440005DD0B8F1000F5CD0074600285BD08A467B
:10B45000002948D0144618464FF44C7100F022FAE7
:10B460004FF45D71484600F01DFAD4F8BC621F36F7
:10B470007609B200013E04F1D801404605EB86068C
:10B4800000F00AFA002373602B1DD4F8BC2200934D
:10B49000514638464346FFF705F90646C8B12846E7
:10B4A0004FF44C7100F0FEF948464FF45D7100F026
:10B4B000F9F90C9B23B140F66811184600F0F2F937
:10B4C00040464FF4537100F0EDF9304602B0BDE84C
:10B4D000F087204643464A46294602F06DFE06465E
:10B4E0000028E6D0DBE7094E304602B0BDE8F08721
:10B4F000074E304602B0BDE8F087064EE5E7064E3F
:10B50000E3E7064EE1E7064EDFE700BF9008F000F4
:10B510000208F0000308F0000408F0000508F0003D
:10B520009108F0002DE9F041002940D016461F4651
:10B530000A682B4B9A420C4631D1054600283AD076
:10B540000268013B9A422ED1002E45D0002F45D0F3
:10B55000069BB3B300F194014FF4377204F150002D
:10B5600000F082F90435211D68BBD4F808333A682D
:10B570000733B2EBD30F4FEAD3081ED3069B2846FE
:10B58000324600F0DDFB0446F8B9C7F800800698A3
:10B590004FF4537100F086F92046BDE8F081114C5C
:10B5A0002046BDE8F081104C2046BDE8F0810F4CEC
:10B5B0002046BDE8F0810E4CF2E70E4CC7F8008043
:10B5C000EEE70D4CECE70D4CEAE73968304600F049
:10B5D00069F900233B60DAE7094CE1E7094CDFE752
:10B5E000020000EC3408F0003208F0003308F000EC
:10B5F0003108F0003808F0003708F0003A08F00091
:10B600003508F0003608F0000B2804D8034B53F837
:10B61000203003B118470020704700BF4462050086
:10B6200030B5042285B00123C0F8D0200B606846F5
:10B630000023CDE90033CDE902330C4600F04EF88B
:10B640000546C8B9DDE90030DDE90212E360003BE0
:10B65000C4E9040118BF0123A26108B143F0020349
:10B6600009B143F004030AB143F00803002228465D
:10B670006360A26005B030BD014800F0E1F8E1E789
:10B68000E860050030B585B004460D4610480392C9
:10B690004FF0FF3100F026F9039A68B92046009573
:10B6A0000123002101F0E6FF0446094800F034F9C7
:10B6B00038B9204605B030BD064800F0C1F8039AFD
:10B6C000ECE7054800F0BCF8204605B030BD00BFEF
:10B6D0004CA50020F05F05000860050000234FF432
:10B6E000FA714FF47A72C0E900228160C360184693
:10B6F000704700BF10B500F031F8A0B900F01EF996
:10B7000020B1032400F070F8204610BD00F03AF993
:10B71000034680B90D4A1268120EF02A06D005249D
:10B7200000F00EF9EEE70424204610BD0849094A4E
:10B730000968914201D00624F2E7074A012013600C
:10B7400000F020F904460028DED0E8E728B90250CE
:10B7500024BA02500000E0200CBA025008B5184884
:10B7600000F0A4F898B9174800F0A0F8B8B9164846
:10B7700000F09CF8D8B9154B124A15481A6000F031
:10B7800095F8C0B9134B124A1A60002008BD124840
:10B7900000F056F80B4800F089F80028E7D00F4871
:10B7A00000F04EF8084800F081F80028E3D00C487B
:10B7B00000F046F8DFE70B4800F042F8E2E700BF90
:10B7C0004CA5002058A5002044A5002054A5002029
:10B7D00050A5002040A50020186105003461050037
:10B7E000506105007061050008B500F03BF80F4896
:10B7F00000F06AF804210D4800F054F80C4800F0FD
:10B8000063F80B48042100F04DF80A4800F05CF89A
:10B8100040B9094800F058F8BDE80840064804213E
:10B8200000F040B8054800F00BF8F2E74CA5002006
:10B8300058A5002044A5002050A500205061050017
:10B84000BFF34F8F0549064BCA6802F4E062134309
:10B85000CB60BFF34F8F00BFFDE700BF00ED00E0FE
:10B860000400FA05704700BFA2B1013A30B40139B3
:10B870008518421E002012F8013F11F8014F954231
:10B8800083EA040340EA0300F5D1003818BF012021
:10B8900030BC70471046704704F0DDBA04F0E6BAD9
:10B8A00004F0FDBA0A46002104F0F9BA10B50446C6
:10B8B00010B10020206010BD0248FFF7C1FF00203A
:10B8C000206010BD9061050010B5044610B1002045
:10B8D000206010BD0248FFF7B3FF0020206010BDBC
:10B8E0009061050010B5044680B10123BFF35B8F62
:10B8F00054E8002F44E800310029F9D1BFF35B8FF1
:10B90000012AF3D0BFF35F8F002010BD0148FFF77D
:10B9100097FFEAE7B461050010B5044620B1BFF314
:10B920005F8F0020206010BD0348FFF789FFBFF341
:10B930005F8F0020206010BDD4610500002070479B
:10B9400000207047014B1860704700BF08BA0250D2
:10B95000014B1860704700BF04BA025010B504468E
:10B9600030B1054B18680442FCD0044B1C6010BD7C
:10B970000348FFF765FFF4E700BA025008BA025027
:10B98000F461050010B54FF0FF3104461748FFF78A
:10B99000A9FFE8B9164A54B11368A3B1012B18D016
:10B9A000013B1360BDE810401048FFF7B5BF1068B9
:10B9B00038B9104B10490124C3F800450B68002B1F
:10B9C000FCD101301060BDE810400848FFF7A4BF6B
:10B9D00010BD09490B68002BFCD106480749C0F887
:10B9E00000356FF07E430B601368D9E744A5002053
:10B9F00014A5002000A0025010B9025004BA025051
:10BA00003AB10A44013812F8013D00F8013F8A4278
:10BA1000F9D10020704700BF002A48D02DE9F0413D
:10BA20000446002845D015465A1E053234D811F078
:10BA3000030631D18B422FD8CF1C27F003028A4254
:10BA400032D8A2EB030840441A462946FFF726FFE6
:10BA5000414620464FEA9708FFF724FFB8F1010F4F
:10BA60001DD0FF0804EB87000438231F04EB880572
:10BA700053F8042F55F8041D12BA09BA834219600D
:10BA80002A60F5D118F0010007D054F827301BBA0E
:10BA900044F82730002000E00748BDE8F081236823
:10BAA0001BBA30462360F8E70448BDE8F08104483B
:10BAB00070470348F1E700BF050DF000090DF000E5
:10BAC000040DF00030B40AB300B3DBB113F003058A
:10BAD00018D18B4216D3A9B1904208D002D9134491
:10BAE000984217D3904202D243189A4212D9114475
:10BAF000431E11F8014D03F8014F8A42F9D128463F
:10BB000030BC7047044D284630BC7047034D284672
:10BB100030BC7047024DF6E7050DF000040DF00053
:10BB2000060DF000F0B50446D0F848038DB000F1E2
:10BB30001F062023B6F5187F00937ED20F46694674
:10BB400001F0F0FB054610B128460DB0F0BD7609B6
:10BB5000334604F19002012101F024FD0121084641
:10BB6000052304F5127201F01DFD33462246012122
:10BB7000022001F017FD334604F1D8020121042010
:10BB800001F010FD04F5907233460121052001F00B
:10BB900009FD424A13680193019BDB07FAD5404B2C
:10BBA00040493E4A196013680293029BD807FAD5B0
:10BBB0003B4B3D49394A196013680393039BD907EE
:10BBC000FAD5374B3949354A196013680493049BF9
:10BBD000DB07FAD5324B364A1A6007F00603022B10
:10BBE0002FD004F1480233460121032001F0DAFC92
:10BBF0002A4A13680593059BDC07FAD5284B2D4983
:10BC0000264A196013680693069BD807FAD5244B79
:10BC100029492A4A196013680793079BD907FAD55F
:10BC2000274A284B126812F4805F08BF1D4600980F
:10BC300001F062FC28460DB0F0BD234D28460DB042
:10BC4000F0BD01F069FE002826D01C4A1368089355
:10BC5000089BDB07FAD51D4B184A196813680A932D
:10BC60000A9BD807FAD51A4A1A4B11601B68099328
:10BC7000099B5F40F90708D5343A13680B930B9B77
:10BC8000DB07FAD5064B144A1A60314604F1480026
:10BC9000032201F05BFCCAE7104DC8E7B0B00250C8
:10BCA00080B0025080210888804118318061088866
:10BCB0000051183180310C8800681051B4B0025026
:10BCC00088B002501008F0000F08F0000CB00250CD
:10BCD000E4B00250DCB00250C03000294021F00036
:10BCE00070B5D0E9D2421F3484B0640900F1480332
:10BCF0000D4601EB84061F3201EBC4010391009352
:10BD000000F5B4710346CDE901565209903000F0B8
:10BD1000D3FE70B930462146FFF7F4F830B921461A
:10BD20002846FFF7EFF808B904B070BD024804B028
:10BD300070BD024804B070BD1008F0003008F0007B
:10BD40002DE9F043D0E9D2451F3485B0640903EBF7
:10BD5000C40E1E4603EB84071F3500F14803009311
:10BD6000CDE9027E03460196904690306A0900F0C4
:10BD7000A3FE054640B130464FF45371FFF792FDE4
:10BD8000284605B0BDE8F08338462146FFF7BAF8EB
:10BD900060B121463046FFF7B5F838B14FEA840963
:10BDA0004A4640463146FFF72BFEE4E7004DE2E706
:10BDB0002008F1002DE9F04F97B0DDE920744FEA3B
:10BDC000043E4EEA844E4EEA83149D4D44F0045CDA
:10BDD0009C012E680096009EF607FAD5229DDFF89A
:10BDE0006482974EC8F800C0920142EA834242EA58
:10BDF000053545F010454FEA834832680192019AB3
:10BE0000D207FAD58F4ADFF838C215604EEA811E94
:10BE10004EF0104E8E01DCF800200292029AD507F7
:10BE2000F9D53D0345EA8745864A854FC2F800E0CB
:10BE300044EA050949F004593A680392039AD20783
:10BE4000FAD5804ADFF8F8E1C2F8009044EA033CF2
:10BE500048EA0C0747F004574FEA033ADEF800209F
:10BE60000492049AD207F9D5764ADFF8D4E1176034
:10BE70004CEA814949F010498F04DEF80020059210
:10BE8000059AD207F9D56F4ADFF8B4E1C2F80090FD
:10BE900045F0104545F48075DEF800200692069ABC
:10BEA000D207F9D5DFF89CE1674ADFF89491CEF824
:10BEB000005042EA80124FEA801ED9F800500795E0
:10BEC000079DED07F9D5DFF87CB1DFF884915C4D73
:10BED000CBF8002049EA00394FEA003B2A68089273
:10BEE000089AD207FAD5574DC5F80090239A574DB6
:10BEF00045EA8249524A12680992099AD507F9D54A
:10BF0000504A4F4DC2F800904CF0245949F40019A2
:10BF10002A680A920A9AD207FAD54A4D484AC5F8C1
:10BF200000904EEA030343F0484343F4821315683C
:10BF30000B950B9DED07FAD54EEA0B05DFF804E1F2
:10BF40003F4ACEF8003045EA080545F0045513682D
:10BF50000C930C9BDB07FAD53A4B394A1D604CEA2F
:10BF6000804040F0045013680D930D9BDD07FAD517
:10BF7000344BDFF8E0C0324A18604AEA0C0C136810
:10BF80000E930E9BD807FAD52E4B2D4DC3F800C04B
:10BF900047EA013746EA070C4CF004500A032B68C5
:10BFA0000F930F9BDB07FAD5264B254D18604CF0FD
:10BFB000104C2B681093109BDB07FAD5214B204DBA
:10BFC000C3F800C02B681193119BDB07FAD51D4BFA
:10BFD0001B4D1860274347F004572B681293129BA0
:10BFE000DB07FAD5174B16481F60239B44EA080469
:10BFF00044EA033444F0104403681393139BDD07B1
:10C00000FAD5104B0E481C60324342F0245242F4E1
:10C01000101203681493149BDC07FAD5094B0848E7
:10C020001A600E4346F0484646F4A216036815937C
:10C03000159BDB07FAD5034B1E6017B0BDE8F08FE8
:10C04000B0B0025080B002500040102100410021E9
:10C0500000011021400128292DE9F04F9FB0AF4F7A
:10C060002D9D289E2C0344EA854C4CEA831C4FEA04
:10C07000854E01944CF0104C9D013C680494049C46
:10C08000E407FAD54FEA801BA54F4BEA033848EA8C
:10C090008646DFF88882C7F800C046F010461F03C6
:10C0A000D8F800400594059CE407F9D5DFF87082C4
:10C0B000DFF868C24BEA00340294C8F8006044F02C
:10C0C000245848F40018DCF800400694069CE60763
:10C0D000F9D5DFF84C92914EC9F8008045EA070C7B
:10C0E0004EEA0C0E4EF0104E34680794079CE4079D
:10C0F000FAD5299CDFF82892DFF82082C9F800E001
:10C1000047EA811646EA84468C0146F010460094C0
:10C11000D8F800400894089CE407F9D5009CDFF8A3
:10C120000082DFF8F891C8F8006044EA013E4EF062
:10C13000245848F40018D9F800400994099CE607EF
:10C14000F9D52A9CDFF8D891744EC9F800804FEADF
:10C15000043A4AEA844A2A9C4AEA050A4AF0104A02
:10C160004FEA844934680A940A9CE407FAD52B9C68
:10C1700047EA844606430396694E684CC6F800A019
:10C18000039E46F0484A4AF0C00A26680B960B9E6A
:10C19000F607FAD5624C614EC4F800A049EA0C0AD1
:10C1A0004AF0104A34680C940C9CE407FAD52C9C95
:10C1B00047EA84460E430396594E584CC6F800A0F1
:10C1C000039E2E4346F0484A26680D960D9EF607BC
:10C1D000FAD5019C44EA8216514C46EA09094F4EB1
:10C1E000C4F800A049F010494FEA821A34680E944E
:10C1F0000E9CE407FAD54A4C484EC4F800904AEA2F
:10C20000824A4AF0104A4AF4405A4FEA8249346856
:10C210000F940F9CE407FAD5414E404CC6F800A09D
:10C2200026681096109EF607FAD53D4EDFF8F8A066
:10C230003A4CC6F800A026681196119EF607FAD56A
:10C24000374EDFF8E8A0354CC6F800A026681296F5
:10C25000129EF607FAD5324EDFF8D4A02F4CC6F85E
:10C2600000A04EF0104E4EF4402E26681396139EFA
:10C27000F607FAD52A4E2B4CC6F800E044EA804E69
:10C280003036800434681494149CE407FAD547EAE5
:10C290008347DFF88CA0214CCAF800E04BEA070680
:10C2A00046F0484646F003064FEA834A2368159352
:10C2B000159BDB07FAD5DFF868E0184CCEF8006074
:10C2C000029B43F0045646F4801623681693169B8F
:10C2D000DB07FAD5124CDFF844E02660DEF80030C8
:10C2E0001793179BDC07F9D50D4CDFF830E026607B
:10C2F00040F0045040F48240DEF800301893189B60
:10C30000DB07F9D5009B054C4AEA01011943044BB0
:10C3100041F04841186041F480410BE0B0B0025058
:10C3200080B002500041009000310C90C0400C9051
:10C33000C030202923681993199BDE07FAD5194BC1
:10C340001948196003681A931A9BDC07FAD5154B34
:10C350001549C3F8008049EA02322A4342F01042EC
:10C360000B681B931B9BD807FAD50E4B0E491A601E
:10C370002F4347F010470B681C931C9BDA07FAD534
:10C38000084B094A1F604CF0104141F4301113680A
:10C390001D931D9BDB07FAD5024B19601FB0BDE84A
:10C3A000F08F00BF80B00250B0B002502DE9F04FC6
:10C3B00099B0DFF870C2269C239D270347EA844981
:10C3C00049F0104646F0800699464FEA844EDCF864
:10C3D00000300193019BDC07F9D5914B914C1E6015
:10C3E0004FEA894949EA801949F0104646F4005657
:10C3F0004FEA801A23680293029BDB07FAD5884B29
:10C40000884C1E604AEA003C4CF0245646F4001664
:10C4100023680393039BDB07FAD5814B814C1E6095
:10C420004EF0104646F4025623680493049BDB0743
:10C43000FAD5229B7B4C4FEA834E4EEA811E784B05
:10C440004EF0104E1E604EF4005E8E012368059380
:10C45000059BDB07FAD5724B724CC3F800E046EA45
:10C46000013949F0245B4BF4001B23680693069BBB
:10C47000DB07FAD54FEA053E694B6A4CC3F800B0BA
:10C480004EEA854E4EF0104E4EF0800E4FEA854833
:10C4900023680793079BDD07FAD5249B604C40EA8D
:10C4A000834545F048455F4BC4F800E045F403552B
:10C4B0001C680894089CE407FAD5594B594C1D6038
:10C4C00048F0104545F4025523680993099BDB07A2
:10C4D000FAD5259BDFF848E1524CCEF8005041EAEE
:10C4E000834343F0484545F4025523680A930A9B69
:10C4F000DB07FAD547EA8217494B4A4C1D6047EAE9
:10C50000080848F01047950123680B930B9BDB0745
:10C51000FAD5434B434C1F6045EA824242F0104239
:10C5200042F4405223680C930C9BDD07FAD53C4B38
:10C530003C4C1A6023680D930D9BDA07FAD5384BF3
:10C54000394C384A1C6013680E930E9BDB07FAD5F2
:10C55000334B364C334A1C6013680F930F9BDF0735
:10C56000FAD52F4B324C1C602E4A49F0104444F44B
:10C57000402413681093109BDD07FAD5284B2D4DEE
:10C58000284A1C6045EA8045800413681193119B7A
:10C59000DC07FAD5224B284C224A1D604AEA0404E3
:10C5A00013681293129BDB07FAD51D4B1D4A1C60C2
:10C5B0004CF0045444F4801413681393139BDF0766
:10C5C000FAD5174B174A1C6013681493149BDD07A8
:10C5D000FAD5134B134A1C6040F0045040F48240DB
:10C5E00013681593159BDC07FAD50D4B0D4A18609F
:10C5F0000E4346F0484646F4042613681693169BED
:10C60000D907FAD5064B074A1E6013681793179B84
:10C61000DB07FAD5024BC3F800B019B0BDE8F08FC4
:10C6200080B00250B0B0025000310C90C0400C906D
:10C63000C030202900410090032008C82DE9F043B4
:10C64000974AABB013680993099BDF07FAD5954B5E
:10C650009549934A196013680A930A9BDE07FAD535
:10C66000904B92498E4A196013680B930B9BDD0720
:10C67000FAD58C4B8E498A4A196013680C930C9B2F
:10C68000DC07FAD5874B8B49854A196013680D93EF
:10C690000D9BD807FAD5834B8749814A19601368E7
:10C6A0000E930E9BD907FAD57E4B844A1A601B2045
:10C6B00000F030FD0446182000F02CFD8442784A3A
:10C6C00009D913680F930F9E16F00106F9D0754B28
:10C6D0007B4A1A6009E013681093109BDB07FAD5B8
:10C6E000704B784A1A60044600266D4A136811930D
:10C6F000119BDF07FAD56B4B7349694A19601368C0
:10C700001293129BDD07FAD5664B704A1A601C2003
:10C710001D2118220B238DE80F000F230E220D215F
:10C720000C20FFF747FB01340C200D210E220F23B4
:10C730008DE80F0024F00104132312221121102090
:10C74000FFF738FB0125A11E08AB07AA1B2008959F
:10C7500000F02CFD022800F06A81032800F04081DF
:10C76000012800F0168100274D4A13681F931F9B74
:10C77000DB07FAD54B4B5649494A19601368209399
:10C78000209BDD07FAD5474B5249454A196013688B
:10C790002193219BD807FAD5424B4F4A1A60043C9B
:10C7A00039D44FF0170916254FF01A081521142017
:10C7B000CDE900011A231622CDE90259FFF7FAFA52
:10C7C000142003468DE82201162201F07BFB08AB02
:10C7D00007AA21461B2000F0E9FC00EB870004308B
:10C7E000072816D8DFE800F0A1A8A59D9995840434
:10C7F00012271122102315211420CDE904270393B9
:10C80000CDE90001029517231622FFF725FC4FF012
:10C81000FF37023CCAD519201C21162215231824E3
:10C82000CDE90121CDE9030400930E2214230D214B
:10C830000C20FFF7BBFD1A4A002F40F081801368DF
:10C840002693269BDC07FAD5164B2449144A196017
:10C8500013682793279BD807FAD51248204B214904
:10C86000214C0F4A0460002E14BF1E460E4613686A
:10C870002893289BD907FAD50A4B094A1E601368EA
:10C880002993299BDB07FAD5064B184A1A6018230F
:10C890001D221C21012001F029FC2BB0BDE8F083F2
:10C8A000B0B0025080B0025000020021008220216E
:10C8B000408220218082242140066E490096692909
:10C8C000C0066649C0066249000662410016624918
:10C8D00040D62129C0D32029C0142129C05521299F
:10C8E0004007564940075E490007524900065A4929
:10C8F0000E270D220C2315211420CDE904270393C4
:10C90000CDE90001029517231622FFF7A5FB0027AA
:10C910007FE718271D221C23EDE718271D221C2363
:10C9200069E7182719221C23E5E712271322102391
:10C93000E1E70E270F22DDE70E270F220C235AE72F
:10C9400013682293229BD907FAD54C4B4C494D4A88
:10C95000196013682393239BDB07FAD547484A4B9A
:10C960004A494B4C474A0460002E14BF1E460E46EF
:10C9700013682493249BDF07FAD5404B414A1E607D
:10C9800013682593259BDD07FAD53C4B414A1A6075
:10C990007DE73C4A13681393139BD807FAD5374BAE
:10C9A0003D49384A196013681493149BD907FAD586
:10C9B000324B3A49334A196013681593159BDB07CC
:10C9C000FAD52E4B36492F4A196013681693169BD9
:10C9D000DF07FAD5294B334A1A604FF0FF37C3E619
:10C9E000284A13681B931B9BDF07FAD5234B2E495C
:10C9F000244A196013681C931C9BDD07FAD51F4B52
:10CA00002A49204A196013681D931D9BD807FAD53F
:10CA10001A4B27491B4A196013681E931E9BD9079E
:10CA2000FAD5164B234A1A604FF0FF379CE6154A99
:10CA300013681793179BDD07FAD5104B1649114A57
:10CA4000196013681893189BD807FAD50B4B134934
:10CA50000C4A196013681993199BD907FAD5074B2B
:10CA60000F49084A196013681A931A9BDB07FAD515
:10CA7000024B0C4A1A60002776E600BF80B00250D5
:10CA8000C0D32029B0B002504007364940073E4984
:10CA90000007324900063A49000532494005364947
:10CAA00080053A49C0053E490005424940054649CE
:10CAB00080054A49C0054E492DE9F04F0D4687B023
:10CAC00004461146284600929846FEF71BFAD4F811
:10CAD000BC32009904F1D80A1F3306465B0952465E
:10CAE0002846FEF757F9002E70D001286ED0D4E901
:10CAF000AEB0394B584593F91A2093F91CC00092F7
:10CB00004FF0200793F91B2093F91D30059738BF8C
:10CB1000584605A90192CDF808C0039300F002FC25
:10CB2000074618B1384607B0BDE8F08F2B490BF126
:10CB30001F094FEA59194B46C1F800B0224601219E
:10CB400000F030FD0121084604F5DC72052300F0F9
:10CB500029FD4B4604F1480201210B2000F022FD83
:10CB6000D4F8BC329DF808409DF800001F335246AF
:10CB70005B099DF80CA0012100F014FD42464B46D4
:10CB80002046012100F00EFD109A4B46504601212F
:10CB900000F008FD06F11F035B099DF804002A461A
:10CBA000012100F0FFFCFFF749FD1198224649469C
:10CBB00000F0CCFC12985246494600F0C7FC05989C
:10CBC00000F09AFC384607B0BDE8F08F044F3846B5
:10CBD00007B0BDE8F08F00BF2462050090B002509E
:10CBE0003008F10038B5224B224A01210546196070
:10CBF0001368002BFCD1204A1368002BFCD11F4A7C
:10CC00001368002BFCD11E4A1368002BFCD11D4B6E
:10CC10001C68002CFCD14FF0FF30FEF793FE2B6A0E
:10CC200023F00403032B184B18680CBF20F04000BE
:10CC300020F08000FEF78CFE144B00221A602B6A55
:10CC400023F00402032A18BF6C6A114A4FEA8303D7
:10CC500018BF04F0010403F01C031C4314602B6A8A
:10CC6000072B02D10B4B01221A60002038BD00BFF8
:10CC700000B9025070B4025020BD025020BC0250D6
:10CC800038BD025038BC025004BA0250BCB4025045
:10CC9000C0B402507CB40250002800F0BF80F8B548
:10CCA0001D46436B0E4617460446002B35D0012B1C
:10CCB00002D1B5F5803F33D265484FF0FF31FEF722
:10CCC00011FE002857D10020FEF75CFE00284ED14F
:10CCD000604B01221A60236A032B28DC002B28DA20
:10CCE0005D4A1368002BFCD15A4A1360236A23F073
:10CCF0000403032B594B18680CBF40F0400040F070
:10CD00008000FEF725FE0120FEF73CFE002836D10C
:10CD10004F48FEF701FE28B9F8BDB5F5805FCBD3CB
:10CD20004F48F8BD4F48FEF78BFD0020F8BD072B9C
:10CD3000D6D1636A012BD3D8636B012BD0D8A36BF8
:10CD4000012BCDD82046FFF74DFF0028C8D1A36A9C
:10CD5000012B6CD033F0020263D0236A5A1E062ADC
:10CD60001BD8DFE802F0104B101A1A1A10003E48C8
:10CD7000FEF766FDACE73D48FEF762FDA3E73C48E1
:10CD8000FEF75EFDC4E73B4B22681A6062685A609A
:10CD9000A2689A60E268DA60236A23F00403032B36
:10CDA00031D0A36B012B4CD0334A344B1760202079
:10CDB0001D60636B012B2CD0314A324B16601D6015
:10CDC000FEF7CCFD244A1368002BFCD1236A013BFB
:10CDD000062B10D8DFE803F00414040F0F0F040033
:10CDE000244A294B126822601A6862605A68A2605D
:10CDF00008331B68E3600123236371E7234BC3E718
:10CE0000224A234BEEE7636B012B01D01020D3E7BE
:10CE10004020204A204B16601D60D1E74FF471007E
:10CE200070471E491E4A0B600123136095E71D4B96
:10CE300022691A6062695A60A2699A60E269DA60DE
:10CE40008BE7194A194B176080201D60B1E700BFBE
:10CE50004CA5002010B8025010B9025004BA02507C
:10CE60000500F1000860050020600500F05F050086
:10CE70004060050040B4025030BD025034BD025045
:10CE800030BC025034BC025044B4025060B4025072
:10CE900064B4025028BC02502CBC025038BA025074
:10CEA00078B4025000B4025028BD02502CBD02508C
:10CEB0002DE9F041002800F081801D46036A072B10
:10CEC0000F46044616D055B9032B0FD1036B6BB92F
:10CED000C0E90F55C0E9115500F13C0710252B465C
:10CEE00039462046BDE8F041FFF7D6BE2E46304613
:10CEF000BDE8F081436B002B37D1B5F5805F39D2A7
:10CF000015B9236B002B35D167484FF0FF31FEF781
:10CF1000E9FC002840F097800020FEF733FD002850
:10CF200040F09980614B01221A60236A032B23DCB5
:10CF3000002B23DA5E4E5F4A1368002BFCD15B495D
:10CF40005D4A0B60106840F04000FEF701FD0120D3
:10CF5000FEF718FD00287AD15348FEF7DDFC0028C3
:10CF6000C5D05648FEF76CFCC1E7012BC8D1B5F51A
:10CF7000803FC5D3524EBAE7072BDBD1636A012B42
:10CF800078D8636B012B57D8A36B012B00F28480F8
:10CF90002046FFF727FE06460028CCD1A36A012BC6
:10CFA0006AD033F0020271D0236A013B062B13D8FA
:10CFB000DFE803F009440912121209004FF4710668
:10CFC0003046BDE8F0813F4B22681A6062685A60C3
:10CFD000A2689A60E268DA603B493C4A01230B6030
:10CFE0001560002D3BD1226B0AB9394A1360314BD1
:10CFF0001E68002EFCD1236A013B062B9BD801A2A0
:10D0000052F823F021D0040041D0040021D00400C4
:10D0100037CF040037CF040037CF040021D00400FD
:10D02000284A2C4B126822601A6862605A68A26013
:10D0300008331B68E3607EE7274E7CE7274BC3E796
:10D04000264A274BEEE72748FEF7FAFB64E7264817
:10D05000FEF7F6FB80E72548FEF7F2FB62E7636B1D
:10D06000012B1BD0224A234B176010201D60FEF7B6
:10D0700075FCBCE7204E5EE7204B22691A606269AE
:10D080005A60A2699A60E269DA608DE71C491D4A1C
:10D090000B600123136087E71B4E4CE71B4A1C4BB8
:10D0A000176040201D60E2E74CA5002010B8025038
:10D0B0000100F10010B9025004BA025008600500E6
:10D0C0000500F10040B402507CB40250BCB40250E0
:10D0D00024B5025044B402500300F10060B4025081
:10D0E00064B40250F05F0500406005002060050058
:10D0F00030BC025034BC02500200F10000B40250B7
:10D1000038BA025078B402500400F10028BC025032
:10D110002CBC025030B4214A84B013680093009BA9
:10D12000DC07FAD500F1A05303F52C439B001B4A02
:10D13000186813680193019BD907FAD5184B1A6830
:10D1400012F11F0348BF02F13E035B11591E0FD4B9
:10D15000124A144D144C13680393039BDB07FAD552
:10D160000B182B6023680293029B2BB90139F2D272
:10D17000580104B030BC704701314801A0F12001D2
:10D180004FF0004202E001388142F2D013424FEAF0
:10D190005202F8D004B030BC704700BFB4B00250A7
:10D1A000ACB00250E4B00250DCB0025070B41C6865
:10D1B00085B001F01F0644B91E2E06D01068F0405D
:10D1C00000F0030005B070BC70470F4D2C6801944F
:10D1D000019CE407FAD500F1A05404F52C44A40006
:10D1E000094D20682C680394039CE407FAD5074C8A
:10D1F00000EB6111064821600168029102991160FB
:10D2000000211960DAE700BFB4B00250E4B0025068
:10D21000DCB00250A0F12003B3F5426F61D8F0B446
:10D220008F2882B053D900F11F035B095B013F33A4
:10D230009B09013311B18B4255D80B46DC004FF4EA
:10D240008051B1FBF4F1202928BF202102B11160E7
:10D25000264C274D0126002226600239144603FA87
:10D2600006F640F6FC778C4204F10104B6BF2A6052
:10D270002F6092191E2C05F10405F4D11D4C1E4D92
:10D28000226032442A6000F13F011C4A1C4DDFF845
:10D2900090C0E56021F03F0110604031194F1A4EF7
:10D2A0001A4D1B48CCF800109B011A493B603360B3
:10D2B0002B60E3620360D3610A680192019AD2078E
:10D2C000FAD5154A0020136002B0F0BC704700F197
:10D2D000470400F16603E4064FEA5313A6D0013376
:10D2E000A4E70E4870470D48EEE700BF1CB8025097
:10D2F00000B0025078B002507CB0025090B00250A2
:10D3000020F80F0098B002509CB00250A0B002501C
:10D31000A8B00250B4B00250ACB002502221F000CC
:10D3200094B0025038B504460D4619484FF0FF310D
:10D33000FEF7D8FA60B90020FEF724FB80B920463A
:10D340002A460021FFF766FF0446A0B9204638BDF3
:10D350001048FEF775FA0020FEF714FB0028EED007
:10D360000D48FEF76DFA20462A460021FFF752FFCE
:10D3700004460028EAD00120FEF704FB20B9044847
:10D38000FEF7CAFA204638BD0448FEF759FAF6E718
:10D3900058A50020F05F05002060050040600500F2
:10D3A0002DE9F0434E4C89B023680193019BDD07C2
:10D3B000FAD54C4B13449B000A181D681E2A05F130
:10D3C0001F0588BF1E224FEA551502FB05F288BFD4
:10D3D000C0F11E01B2F5806F04D94FF48061B1FB3A
:10D3E000F5F1091A002976DD00F1A05000F52C4076
:10D3F00005F1010E4FF0000C394ADFF8F4803A4C89
:10D4000087002EF00106604613680293029BDB073B
:10D41000FAD5D7F8009013680393039BDB07FAD57E
:10D42000C8F80090002355B101339D422060FBD124
:10D43000AE4204D92B4601339E422060FBD10CF151
:10D44000010C614507F10407DED1254A13680493F6
:10D45000049BDC07FAD5254B214A1968136805930C
:10D46000059BD807FAD5224B19607DB100231E49D0
:10D470001A4601339D420A60FBD1AE4206D91A49D1
:10D480002B46002201339E420A60FBD1144A1368E6
:10D490000693069BD907FAD5164B114A19681368EB
:10D4A0000793079BDB07FAD5114B196035B10023B1
:10D4B0000D491A4601339D420A60FBD1AE4207D99D
:10D4C000094A002301E00EF1010E76451360FAD1FE
:10D4D00009B0BDE8F08305F1010E2EF00106B4E7B6
:10D4E000B4B0025024AC0014D8B002507CB002504A
:10D4F000D4B0025078B0025008B558B90F4B002292
:10D500001A600120FEF73EFA98B90D48FEF704FABA
:10D5100050B908BD202801464FF0070228BF20213E
:10D520000020FFF73DFFE9E7BDE808400548FEF7AA
:10D5300087B90548FEF784F9E7E700BF1CB8025039
:10D5400058A50020086005004060050010B4124C8A
:10D5500085B023680193019BDB07FAD502F1A05245
:10D5600002F52C4293000C4A1C6813680393039B3A
:10D57000DB07FAD5094B1C6051B10438084A00EBAF
:10D58000810113680293029B40F8043F8842F8D15E
:10D5900005B05DF8044B7047B4B00250E4B00250DF
:10D5A000DCB0025070B42F4D85B02C680094009C04
:10D5B000E407FAD500F1A05000F52C408000294C7A
:10D5C0000568206801900198C607FAD5264801260B
:10D5D00005609BB1043A254E02EB830452F8040F18
:10D5E0003060A242FAD15E1C26F00102934205D2BD
:10D5F0001E4C0020013393422060FBD1194A26F0D3
:10D60000010013680293029BDC07FAD5184B0B4408
:10D610009B001B681F33B0EB531F4FEA53121DD200
:10D6200010490B680393039BDB07FAD50E4B0544A7
:10D63000121A1D6012D000230C4819460133934280
:10D640000160FBD15A1C22F00101994206D907481A
:10D65000002300E001328A420360FBD105B070BCB8
:10D66000704700BFB4B00250D4B00250D8B00250DE
:10D6700024AC0014F8B5069E002E33D001292FD813
:10D68000012B31D81C4C074600251C482560046836
:10D69000002CFCD11A4D2C68002CFCD1194D2C68A3
:10D6A000002CFCD1184D2C68002CFCD1174D2C6897
:10D6B000002CFCD1012B19D01548164B02602020FC
:10D6C0001E6001290BBF144B144B154A154A1760F5
:10D6D0001E60FEF743F9144B18680028FCD1F8BD12
:10D6E0001248F8BD1248F8BD1248F8BD1248134B55
:10D6F000026080201E60E4E700B9025070B402505E
:10D7000020BD025020BC025038BD025038BC02502F
:10D7100030BD025034BD02502CBC025034BC02500B
:10D7200028BC025030BC025010B902500200F40074
:10D730000100F4000300F40028BD02502CBD02508B
:10D740002DE9F043644A93B013680093009BD90716
:10D75000FAD5624B6249634A196013680193019BD1
:10D76000DB07FAD5604B1B68DF0400F1AF805A4A33
:10D7700013680293029BDE07FAD5584B5B49594A5E
:10D78000196013680393039BDD07FAD5564B1B689A
:10D79000DC0400F18580534B554E4F494F4FDFF865
:10D7A0006CC14FF00109DFF868E1524D00241A689E
:10D7B0000492049AD007FAD530681A680692069A3D
:10D7C000D207FAD5CEF800002A680592059A12B958
:10D7D0005DE052080134D007FBD514F01F0568D175
:10D7E0001D680995099DE807FAD5434DD5F80080D5
:10D7F0001D680B950B9DED07FAD5DFF814E13D4D43
:10D80000CEF800802D680A95E0070A9D05D505F041
:10D810000704032C4AD0052C48D002F00302032A47
:10D8200005D105F00305032D08BFC9F100090A68F9
:10D830000C920C9AD407FAD5304A3A600A680D92D5
:10D840000D9AD007FAD52E4A3A600A680E920E9ABF
:10D85000D207FAD52B4A3A600A680F920F9AD50779
:10D86000FAD5294A3A600A681092109AD407FAD574
:10D870001B4A3A601A681192119AD007FAD51A4ACF
:10D880001268D2048FD5484613B0BDE8F0830A6809
:10D890000792079AD207FAD5C7F800C0203486E766
:10D8A0004FF00109484613B0BDE8F083C9F1000903
:10D8B000B3E7DFF860E0013D4EEA053E0D680895EC
:10D8C000089DED07FAD5C7F800E089E74FF0000999
:10D8D000484613B0BDE8F083B0B0025080B00250AB
:10D8E00000082A51B4B0025088B0025000182A51E2
:10D8F00028B00250DCB002502CB0025000032A497C
:10D9000080022E49C0C228A1C002324980F229619A
:10D91000E4B00250800228612DE9F047894ABAB08C
:10D9200013680093009BD807FAD5874B8749884A2C
:10D93000196013680193019BD907FAD5854B1B68C1
:10D94000DB0400F19181824A13680393039BDE0795
:10D95000FAD5814B7E4A196813680593059BDD074C
:10D96000FAD57E4A7E4B11601B680493049F07F032
:10D970000303032B00F0748207F00703052B714AA1
:10D9800000F0278113681993199BDC07FAD56E4BB9
:10D9900074496C4A196013681A931A9BD807FAD510
:10D9A000694B714A1A60FFF7CBFE013000F01D820F
:10D9B000644A13681B931B9BD907FAD562486B4BCB
:10D9C0000360013F40F071825E49DFF8D0C1604BD7
:10D9D000674E624D624CB8460A681C921C9AD20788
:10D9E000FAD5C0F800C008F120081A681D921D9AE7
:10D9F000D707FAD537681A681F921F9AD207FAD547
:10DA00002F6022681E921E9F002FE5D017F00103A1
:10DA100011D17F08FE07194603F10103F9D54948E2
:10DA200002682092209AD507FAD5524A464842EA1F
:10DA3000013198440160434A13682193219BDC071C
:10DA4000FAD5414B4C493F4A196013682293229BF7
:10DA5000D807FAD53C4B494A3A4CDFF84491484E36
:10DA6000414D1A609A4623682393239BD907FAD520
:10DA7000CAF8009023682493249BDA07FAD5CAF8E1
:10DA8000006023682593259BDB07FAD5CAF8005070
:10DA9000FFF756FE0130E6D12A4A13682693269BEB
:10DAA000DC07FAD5284B3749264A196013682793B3
:10DAB000279BD807FAD5244B3349224A19601368AB
:10DAC0002893289BD907FAD51F4B2A491D4A19606C
:10DAD00013682993299BDB07FAD51B4B2B49194A5D
:10DAE000196013682A932A9BDE07FAD5164B28493A
:10DAF000144A196013682B932B9BDD07FAD5124843
:10DB0000244A104BDFF89C90DFF89CE0224EDFF8AF
:10DB10009CC002601A682C922C9AD407FAD5C0F8DF
:10DB200000901A682D922D9AD107FAD50849094D0F
:10DB3000C0F800E000241A682E922E9AD207FAD577
:10DB4000066035E0B0B0025080B0025000081251BB
:10DB5000B4B0025088B0025000B00250E4B002509D
:10DB6000DCB0025080021249C0020249C0100229F2
:10DB70000CB00250C0000C61C0011E41C0111E4912
:10DB800080021E49C0311C98C0100E21C030109870
:10DB900040021249809184A800182651C0F00D61FE
:10DBA000C0111E2140320C88406224884092248893
:10DBB0000A682F922F9AD207FAD52A68D20460D425
:10DBC00001341A683092309AD207FAD5C0F800C0F2
:10DBD000B1E713680993099BDB07FAD5854B8649A2
:10DBE000864A196013680A930A9BDF07FAD5814BAE
:10DBF0008349824A196013680B930B9BDE07FAD5A1
:10DC00007C4B80497D4A196013680C930C9BDD079F
:10DC1000FAD5784B7C497D4A196013680D930D9BAA
:10DC2000DC07FAD57A4B754A1B68D80440F192801C
:10DC300013680E930E9BD907FAD56E4B75496F4A40
:10DC4000196013680F930F9BDB07FAD5694B724974
:10DC50006A4A196013681093109BDF07FAD5654B69
:10DC60006E4A1A60002054E0644A13680293029BD3
:10DC7000DF07FAD55F4B6A4A1A6001203AB0BDE867
:10DC8000F087002C3FD0A8EB0404012C33D0621E97
:10DC900002F01F01002A4FF00107B8BF04F11E0275
:10DCA0008F4051111A683292329AD207FAD55D4AE2
:10DCB000564C026022683392339AD507FAD55A4AF5
:10DCC000524C156822683492349AD207FAD5574CD0
:10DCD000574A2944216017601A683592359AD2074D
:10DCE000FAD5544A02601A683692369AD507FAD5A0
:10DCF000514A02600EE71A683192319AD107FAD57B
:10DD00004E4A026006E707F00303032B40F0C5808C
:10DD100001203A4A13683793379BDC07FAD5354B15
:10DD20004749364A196013683893389BD907FAD5A2
:10DD3000304B4449354A196013683993399BDB07E6
:10DD4000FAD5334B1B6813F4805F18BF01203AB03B
:10DD5000BDE8F08713681193119BDE07FAD5254BB8
:10DD600039492A4A196013681293129BDD07FAD5C4
:10DD7000274B1B68DC04C3F30030CAD51F4B1A685D
:10DD80001392139AD107FAD51A4B304A1B491A60DD
:10DD90000B681493149BDA07FAD5164B1E4A1749E1
:10DDA0001A600B681593159BDB07FAD5114B284AAF
:10DDB00012491A600B681693169BDF07FAD50D4BB4
:10DDC000244A0E491A600B681793179BDE07FAD591
:10DDD000084B214A09491A600B681893189BDD0704
:10DDE000FAD5044B1D4A1A603CE700203AB0BDE862
:10DDF000F08700BF80B0025040120229B0B002503C
:10DE0000C01124618071109800181A51B4B00250EA
:10DE100088B002508031022180211861C0601098C2
:10DE2000C0000E410002224120B00250D4B0025086
:10DE3000D8B0025040821C98C0900C88C0700C88EA
:10DE400080310C88004818510098185180510229DF
:10DE500040121071C061249840021071C0901C885B
:10DE6000343A13680693069BDC07FAD5104B114928
:10DE7000114A196013680793079BD807FAD50C4B12
:10DE80000E490D4A196013680893089BD907FAD503
:10DE9000074B0B4A1A6000203BE707F00707052FE6
:10DEA0004FF001003FF435AFE8E64FF00008ADE574
:10DEB00080B00250C0100221B0B0025080110C613D
:10DEC000C0601098F0B595B07D4C1A9E370347EAB4
:10DED000864747F0045545F0800526680096009E69
:10DEE000F607FAD51B9C764E920142EA0434754A35
:10DEF00044F01044156044F4002432680192019A01
:10DF0000D507FAD56F4A6E4E146047EA811747F07D
:10DF100010478A0134680294029CE407FAD54FEA5C
:10DF2000033C4CEA834C674B654C1F604CF0045635
:10DF300046F0800623680393039BDF07FAD5614B05
:10DF40005F4C1E6023680493049BDD07FAD55D4B8C
:10DF50005D4F5E4C5A4E1C6047EA81478C04336823
:10DF60000593059BDB07FAD5564B554E1F604CF0C9
:10DF7000104C4CF4807C33680693069BDD07FAD581
:10DF8000504E534D4E4FC6F800C045EA80158601ED
:10DF90003B680793079BDB07FAD54A4F4D4BDFF8E9
:10DFA00020C13D6043EA003E0703DCF800300893DF
:10DFB000089BDD07F9D5434DDFF828C1C5F800E01F
:10DFC0001C9B30354CEA834E2B680993099BDB0779
:10DFD000FAD53C4B3A4DC3F800E02B680A930A9BF4
:10DFE000DB07FAD5374B3C4DDFF8FCC01D60344DE4
:10DFF00046EA0C0C2B680B930B9BDB07FAD5314BD5
:10E000002F4DC3F800C03E4346F0045646F40026A8
:10E010002B680C930C9BDF07FAD52A4D2F4B2E60F3
:10E0200043EA804030352B680D930D9BDE07FAD50F
:10E03000244B234D18602B680E930E9BDB07FAD5FB
:10E04000204B274D1E481D60144344EA013444F020
:10E0500004550E0303680F930F9BDF07FAD5194B86
:10E0600017481D6044F0104403681093109BDB07B1
:10E07000FAD5144B12481C6003681193119BDF07FB
:10E08000FAD5104B0E481D60164346F0245646F450
:10E09000101603681293129BDC07FAD5094B084847
:10E0A0001E600A4342F0484242F4A21203681393EE
:10E0B000139BDB07FAD5034B1A6015B0F0BD00BF08
:10E0C000B0B0025080B00250802000908020082123
:10E0D00000401021000110218020202980200021F3
:10E0E0004021282900410021024010C830B42D4CA5
:10E0F00088B0206800900098C507FAD52A4C2B48B4
:10E100002B4D2560303440EA834523680193019B01
:10E11000D807FAD5900140EA8240234B214A1D607E
:10E1200040F0104444F4C04413680293029BDB07A0
:10E13000FAD51D4B1B4A1C6013680393039BDD0734
:10E14000FAD58B0143EA8141174B1A4D1D60154AE0
:10E1500041F0104545F4C04513680493049BDB0768
:10E16000FAD5114B0F4A1D6013680593059BDD0717
:10E17000FAD50D4B0B4A1C6041F0584113680693C9
:10E18000069BDC07FAD5084B064A196040F0584058
:10E1900013680793079BDB07FAD5034B186008B099
:10E1A00030BC7047B0B0025080B00250807100980F
:10E1B000C0210229806118902DE9F04385B0002824
:10E1C0004CD00E4600294ED01546002A4DD0002BCB
:10E1D0003FD0D0F8BC22039305F14C0700F5B6738D
:10E1E0001F3201F1040905F10408CDE9018700930C
:10E1F0005209494600F592730446FEF75DFC074656
:10E20000A8B94FF43772214606F15000FDF744FBE0
:10E21000174B336021464FF4377205F19400FDF738
:10E220003BFB144B2B60384605B0BDE8F08300245F
:10E230004846346021462C604C22FDF731FB4046B5
:10E2400021469022FDF72CFB0B4F384605B0BDE868
:10E25000F0830A4F384605B0BDE8F083084F3846D2
:10E2600005B0BDE8F083074FDDE7074FDBE700BFF0
:10E27000020000EC010000EC3008F0000508F0009E
:10E280000208F0000308F0000408F000004870479E
:10E2900074620500004870475065050000487047EB
:10E2A0002C68050000487047086B0500004870475F
:10E2B000E46D050000487047C070050000487047D5
:10E2C0009C73050000487047787605000048704749
:10E2D0005479050000487047307C050000487047BD
:10E2E0000C7F05000B460146184601F021BD0000D9
:10E2F00000B510EE103A204A23F00043934283B059
:10E3000019DDB3F1FF4F04DB30EE400A03B05DF8D6
:10E3100004FB684600F07EF800F00300012811D0ED
:10E3200002281FD0B8B10120DDED010A9DED000AE1
:10E3300000F066FDEAE7DFED110A00F0B7F903B07F
:10E340005DF804FBDDED010A9DED000A00F058FDCB
:10E35000B1EE400ADAE7DDED010A9DED000A00F0BA
:10E36000A5F9D3E7DDED010A9DED000A00F09EF965
:10E37000B1EE400ACAE700BFD80F493F00000000D5
:10E3800000B510EE103A214A23F00043934283B0C7
:10E390001ADDB3F1FF4F04DB30EE400A03B05DF845
:10E3A00004FB684600F036F800F00300012813D0A3
:10E3B000022820D0B8B1DDED010A9DED000A00F081
:10E3C00075F9B1EE400AE9E70020DFED110A00F02F
:10E3D00017FD03B05DF804FBDDED010A9DED000AB9
:10E3E00000F064F9DAE70120DDED010A9DED000A95
:10E3F00000F006FDD2E70120DDED010A9DED000AE7
:10E4000000F0FEFCB1EE400AC8E700BFD80F493F5C
:10E410000000000070B510EE103A964A23F0004458
:10E42000944286B0054669DD934A944210EE106A24
:10E430001ADC002B24F00F04DFED907A904A64DDA3
:10E44000944270EE677A00F0CF809FED8E7A77EE7F
:10E45000C76A012077EEE67AC5ED006A77EEC77AE3
:10E46000C5ED017A06B070BD874A944261DDB4F112
:10E47000FF4F80F2B180E215863AA4EBC25307EE5B
:10E48000903ABDEEE77ADFED816AB8EEC77A77EEB3
:10E49000C77A8DED037A67EEA67ABDEEE77AB8EE1D
:10E4A000C77A77EEC77A8DED047A67EEA67AF5EE35
:10E4B000407AF1EE10FACDED057A40F0C780B5EE66
:10E4C000407AF1EE10FA0CBF01230223704901914A
:10E4D0000221009103A8294600F06AF9002E12DA01
:10E4E00095ED007AD5ED017AB1EE477AF1EE677AD3
:10E4F000404285ED007AC5ED017A04E0002285ED09
:10E50000000A4260002006B070BD944270EE277A87
:10E5100000F089809FED5B7A77EE876A4FF0FF30DD
:10E5200077EEE67AC5ED006A77EE877AC5ED017A77
:10E53000E9E700F0ADFCDFED576ADFED505A9FEDE3
:10E54000517AF6EE007AE0EE267AFDEEE77A17EEE3
:10E55000900AF8EEE76A1F28B1EE666AA6EE250A71
:10E5600066EE877A52DD30EE677A17EE103AE415E0
:10E57000C3F3C753E31A082B52DDDFED477A9FED53
:10E58000477AF0EE405AE6EE275A30EE650AA6EEDC
:10E59000270AF0EE407AD6EE877A35EEE77A17EE64
:10E5A000103AC3F3C753E41A192C51DC85ED007AF5
:10E5B000B0EE650A30EE470A002E30EE670A85EDB0
:10E5C000010AA0DAB1EE477AB1EE400A85ED007A91
:10E5D00085ED010A404296E770EE407A0020C5EDD5
:10E5E000017AC5ED007A8EE7DFED2B6A9FED2B7A7D
:10E5F00077EEE67A012077EEC76A77EEE67AC5ED28
:10E60000006A77EEC77AC5ED017A7CE7421E244B9B
:10E6100053F8223024F0FF029A4230EE677AA4D0F9
:10E6200085ED007AC6E7DFED1C6A9FED1C7A77EE78
:10E63000A67A4FF0FF3077EE876A77EEE67AC5ED7F
:10E64000006A77EE877AC5ED017A5CE703233DE740
:10E650009FED147A9FED145AB0EE650AA6EE070AF4
:10E6600075EEC07AE6EE077AD6EE857A30EE677AF6
:10E67000D6E700BFD80F493FE3CB1640800FC93F14
:10E68000D00FC93F43443537800F494300008043D2
:10E690006882050084F9223F0044353708A3852E9F
:10E6A000E881050000A3852E32318D2410EE103A4A
:10E6B00023F00043B3F1485F2CDAFDEEC07A17EE89
:10E6C000903A002B5BD020EE007ADFED314A9FEDCF
:10E6D000315ADFED315A9FED316ADFED317ADFEDEE
:10E6E000316AA7EE245AE7EE055AA7EE256AE7EE4F
:10E6F000067AE7EE276A66EE876A60EEC00AB6EE33
:10E70000006AE7EE260AF7EE007AD7EE060A37EE41
:10E71000E00A704720EE007ADFED1D4A9FED1D5A9A
:10E72000DFED1D5A9FED1D6ADFED1D7ADFED1D6ADD
:10E730001D4AA7EE245A9342E5EE075AA5EE876AD2
:10E74000E6EE077AE7EE876A66EE876AD5DD174A56
:10E75000934217DC03F17F4307EE903AB7EE006A6D
:10E7600036EE676A60EEC00AF6EE005AE7EE260A59
:10E77000D7EE257A77EEE07A36EE670A7047B7EE85
:10E78000000A7047B6EE076AF5EE027AEAE700BFC4
:10E790004ED747ADF6740F317CF293B4010DD037EC
:10E7A000610BB6BAABAA2A3D9999993E0000483F41
:10E7B0002DE9F04F2DED048BD7B003F1FF39029313
:10E7C000D31E48BF131DB24C649D0591DB1023EA94
:10E7D000E37354F82560039303F10108A2EBC80822
:10E7E00016EB09028646A3EB090316D41A449FEDE3
:10E7F000A97A6598511C1AAA002BA4BF50F823408F
:10E8000007EE904A03F10103ACBFF8EEE77AF0EEB1
:10E81000477A8B42E2EC017AEED1029B002E4FEA5E
:10E8200083044FEA860A1DDB1AAB181943AA734604
:10E83000191902EB0A0742ADF446B9F1000FDFEDFA
:10E84000957A09DB02466346F3EC016A32ED017A00
:10E850008B42E6EE877AF7D1E5EC017ABD4200F112
:10E860000400EAD1AAF1080306ADEB1804939FED6A
:10E870008B9ADFED898A009605ABB34674449A44BF
:10E8800042AF76464FEA8B0156AB0B44BBF1000F0B
:10E8900013ED140A16DD07EB8B032A4660EE097AA6
:10E8A000B0EE407AFDEEE77A73ED016AF8EEE77AB2
:10E8B000BB42A7EEE87A37EEA60ABDEEC77AA2EC15
:10E8C000017AEBD14046019100F030FBB0EE408A76
:10E8D000B4EE000A28EE000A00F0E2FAF2EE007A46
:10E8E000A0EE678AB8F1000F0199FDEEC89AF8EE24
:10E8F000E97A38EE678A40F3C4800BF1FF3CC8F137
:10E90000080355F82C2042FA03F000FA03F3D31A57
:10E9100045F82C3019EE90CA8444C8F1070209EE7C
:10E9200090CA43FA02F2002A31DD19EE903ABBF1A7
:10E93000000F03F1010309EE903A40F329822868A1
:10E94000002840F08680BBF1010F0BD0AE464FF09F
:10E95000010C5EF8040F0CF1010300287CD19B45EB
:10E960009C46F6D1B8F1000F0EDDB8F1010F00F0B2
:10E970003281B8F1020F07D10BF1FF3155F8213088
:10E9800003F03F0345F82130022A00F01281B5EE72
:10E99000408AF1EE10FA40F09580009B0BF1FF3CAD
:10E9A00063450EDC0BF18041013905EB810100204C
:10E9B00051F80439514540EA0300F9D1002840F0EC
:10E9C0001381009B013B55F82330002B40F0008160
:10E9D000049B4FF0010C53F804290CF1010C002AA0
:10E9E000F9D0DC440BF1010EE64530DC039B029AC2
:10E9F0000EEB03015A4403EB0C0B1AAB01F18041FF
:10EA000003EB8202659B013903EB810107EB8E0E5C
:10EA100003EB8B0B51F8043F9FED1E7A07EE903A03
:10EA2000F8EEE77A1046B9F1000FE0EC017A09DB65
:10EA3000334601E072ED017AF3EC016AA342A6EEDF
:10EA4000A77AF7D15945AEEC017A0246E2D1E34606
:10EA500018E701234FF0000CC0F580709B4545F886
:10EA60002C000CDD55F82300294405EB830300E05E
:10EA70001868C0F1FF0043F8040B8B42F8D1012065
:10EA800070E70FD10BF1FF3355F8232012124AE73C
:10EA9000AC85050000000000000080430000803BC2
:10EAA0000000C93FF6EE007AB4EEE78AF1EE10FA04
:10EAB00080F25881B5EE408AF1EE10FA4FF0000274
:10EAC0003FF46BAFB0EE480AC8F100009146009EDB
:10EAD00000F02CFA1FED107AB4EEC70AF1EE10FA2E
:10EAE000C0F258815FED137A60EE277A0BF10103D3
:10EAF000FDEEE77A08F10808F8EEE77AA7EEC70A14
:10EB0000FDEEE77ABDEEC00A10EE102A45F82B2084
:10EB100017EE902A45F823204046B7EE000A0093EE
:10EB200000F004FA009B002BC0F24B81980042AA2F
:10EB300000F1040C1FED277A1044011D05EB0C02B7
:10EB400072ED017AF8EEE77AAA4267EE807A20EE5B
:10EB5000070A61ED017AF3D10DF1B80E1FED306AAD
:10EB60000546774603F101080024002EC0F2058116
:10EB7000A148DFEDA27A2946B0EE467A002203E0F2
:10EB8000A24208DCB0EC017AF1EC016A0132964253
:10EB9000E6EE877AF4DA01344445E7EC017AA5F130
:10EBA0000405E2D1649A032A53D8DFE802F0CAB61A
:10EBB000B65BB7EE000A30EE488A00283FF4E7AEB5
:10EBC0004046019200F0B2F9019A38EE408ADEE642
:10EBD0004FF0010C05E70BF1FF3155F8213003F040
:10EBE0007F0345F82130CFE6914655F82C20009E52
:10EBF0006346A8F10808002A8ED10CF18042013A40
:10EC000005EB820252F80419013BA8F1080800291B
:10EC1000F8D081E74A46DFED797A002A40F0C280D9
:10EC20009DED2E7A059A002BC2ED007A77EE677A79
:10EC30000CDD2FA90122B1EC017A0132934277EE6B
:10EC4000877AF8DA4B46002B40F0B880059BC3ED7D
:10EC5000017A19EE903A03F0070057B0BDEC048B2F
:10EC6000BDE8F08F002B40F3C480980056AA024400
:10EC70000DF1B80E03F1804152ED286A01390EEB17
:10EC8000830272ED017A37EEA67A964577EEC77A5F
:10EC900082ED007A77EEA67AF0EE476AC2ED017A4D
:10ECA000EFD1012B40F3A58056AB184489000B1D12
:10ECB00050ED286A73442FAA73ED017A37EEA67AD5
:10ECC0009A4277EEC77A83ED007A77EEA67AF0EE75
:10ECD000476AC3ED017AEFD10831DFED487A0EEBD8
:10ECE00001030EF1080E33ED017A9E4577EE877A27
:10ECF000F9D14B46DDED2E6A9DED2F7A2BB1F1EE69
:10ED0000666AB1EE477AF1EE677A059BC3ED006A59
:10ED100083ED017AC3ED027A9BE7002BFFF67AAF11
:10ED20002EA901EB8302DFED357A043232ED017A50
:10ED3000914277EE877AF9D14A46002A3FF470AFC4
:10ED400030E0DFED2E7AF4443CED017AE64577EED3
:10ED5000877AF9D14B460BB1F1EE677A059BC3ED8B
:10ED6000007A76E719EE903ABBF1000F03F1010348
:10ED700009EE903A37DD0222E1E5DFED207A013439
:10ED80004445E7EC017AA5F104057FF4EEAE09E70E
:10ED90000020E7E5BDEEC00A5B4610EE102A45F8FC
:10EDA0002B20B9E6DDED2E6A059AB1EE677A002BCD
:10EDB00076EEE77A82ED007A3FF73BAFF1EE677AC5
:10EDC00044E7649A032A3FF644AF01A151F822F0C8
:10EDD000E1ED04001BED04001BED040065EC0400F4
:10EDE000DFED067AB6E7F7EE007A37EEC88A022240
:10EDF000CDE5DFED027A7CE78485050000000000A8
:10EE000010EE103A23F00043B3F1485F04DAFDEE50
:10EE1000C07A17EE903A23B360EE007A9FED155A50
:10EE2000DFED155A9FED156ADFED156A9FED157A36
:10EE3000E7EE855A20EE275AA5EEA76AE6EE276A86
:10EE4000A6EEA77A70B127EE457AF6EE006AA0EE3C
:10EE5000A67ADFED0D6AD7EE270AE5EE260A30EE38
:10EE6000600A7047DFED096AE7EE876AA6EE850A59
:10EE7000704700BFD3C92E2F342FD7B21BEF3836BF
:10EE8000010D50B98988083CABAA2A3EABAA2ABE1C
:10EE900010EE103A23F0004300EE103A704700BF26
:10EEA00010EE102A22F00041CB0D7F3B162B1CDC0C
:10EEB000002B10EE100A1EDB194919410A4227D017
:10EEC000DFED187A70EE277AF5EEC07AF1EE10FADF
:10EED0001EDD002A04DA4FF4000242FA03F318445C
:10EEE00020EA010300EE103A7047B1F1FF4F0FD353
:10EEF00030EE000A7047DFED0B7A70EE277AF5EE00
:10EF0000C07AF1EE10FA03DD002A02DB9FED060A5B
:10EF100070470029FFEE007A18BFB0EE670A70470D
:10EF2000FFFF7F00CAF249710000000008B510EE33
:10EF3000103A33F000422DED028B11D0B2F1FF4FA9
:10EF400011D2B2F5000F13D3D20D0244FE2A1CDCFD
:10EF5000002A2ADD23F0FF4343EAC25300EE103AB1
:10EF6000BDEC028B08BDBDEC028B30EE000A08BD83
:10EF70001D4BDFED1E7A984220EE270A10DB10EEC3
:10EF8000103AC3F3C752193ADFE79FED198AF0EE42
:10EF9000400AB0EE480A00F031F820EE080ADFE738
:10EFA000DFED140A20EE200ADAE712F1160F0EDA6E
:10EFB0004CF250339842E8DC9FED0E8AF0EE400AA6
:10EFC000B0EE480A00F01AF820EE080AC8E7193235
:10EFD00023F0FF4343EAC253DFED077A00EE103A15
:10EFE00020EE270ABCE700BFB03CFFFF0000004C4A
:10EFF000CAF249716042A20D0000003310EE103ACF
:10F0000010EE902A23F0004302F00042134300EE7A
:10F01000103A704781F0004102E000BF83F00043E6
:10F0200030B54FEA41044FEA430594EA050F08BFA3
:10F0300090EA020F1FBF54EA000C55EA020C7FEA67
:10F04000645C7FEA655C00F0E2804FEA5454D4EBE4
:10F050005555B8BF6D420CDD2C4480EA020281EAAE
:10F06000030382EA000083EA010180EA020281EAE6
:10F070000303362D88BF30BD11F0004F4FEA013138
:10F080004FF4801C4CEA113102D0404261EB410147
:10F0900013F0004F4FEA03334CEA133302D05242CD
:10F0A00063EB430394EA050F00F0A780A4F1010489
:10F0B000D5F1200E0DDB02FA0EFC22FA05F28018C3
:10F0C00041F1000103FA0EF2801843FA05F35941A9
:10F0D0000EE0A5F120050EF1200E012A03FA0EFC28
:10F0E00028BF4CF0020C43FA05F3C01851EBE37152
:10F0F00001F0004507D54FF0000EDCF1000C7EEB6F
:10F1000000006EEB0101B1F5801F1BD3B1F5001FAC
:10F110000CD349085FEA30004FEA3C0C04F10104CB
:10F120004FEA445212F5800F80F09A80BCF1004FF4
:10F1300008BF5FEA500C50F1000041EB045141EA76
:10F14000050130BD5FEA4C0C404141EB010111F477
:10F15000801FA4F10104E9D191F0000F04BF014622
:10F160000020B1FA81F308BF2033A3F10B03B3F100
:10F1700020020CDA0C3208DD02F1140CC2F10C0290
:10F1800001FA0CF021FA02F10CE002F11402D8BFEE
:10F19000C2F1200C01FA02F120FA0CFCDCBF41EABA
:10F1A0000C019040E41AA2BF01EB0451294330BD89
:10F1B0006FEA04041F3C1CDA0C340EDC04F1140466
:10F1C000C4F1200220FA04F001FA02F340EA03003D
:10F1D00021FA04F345EA030130BDC4F10C04C4F183
:10F1E000200220FA02F001FA04F340EA0300294663
:10F1F00030BD21FA04F0294630BD94F0000F83F4AD
:10F20000801306BF81F480110134013D4EE77FEA8F
:10F21000645C18BF7FEA655C29D094EA050F08BFDB
:10F2200090EA020F05D054EA000C04BF19461046BC
:10F2300030BD91EA030F1EBF0021002030BD5FEA00
:10F24000545C05D14000494128BF41F0004130BD28
:10F2500014F580043CBF01F5801130BD01F000457C
:10F2600045F0FE4141F470014FF0000030BD7FEAEF
:10F27000645C1ABF194610467FEA655C1CBF0B46EA
:10F28000024650EA013406BF52EA033591EA030F01
:10F2900041F4002130BD00BF90F0000F04BF0021F9
:10F2A000704730B54FF4806404F132044FF000052C
:10F2B0004FF0000150E700BF90F0000F04BF0021A5
:10F2C000704730B54FF4806404F1320410F000450B
:10F2D00048BF40424FF000013EE700BF42004FEA06
:10F2E000E2014FEA31014FEA02701FBF12F07F4383
:10F2F00093F07F4F81F06051704732F07F4208BF3A
:10F30000704793F07F4F04BF41F40021704730B540
:10F310004FF4607401F0004521F000411CE700BF8C
:10F3200050EA010208BF704730B54FF000050AE00F
:10F3300050EA010208BF704730B511F0004502D510
:10F34000404261EB41014FF4806404F132045FEA12
:10F35000915C3FF4D8AE4FF003025FEADC0C18BFBB
:10F3600003325FEADC0C18BF033202EBDC02C2F1AD
:10F37000200300FA03FC20FA02F001FA03FE40EA3F
:10F380000E0021FA02F11444BDE600BF70B54FF043
:10F39000FF0C4CF4E06C1CEA11541DBF1CEA135521
:10F3A00094EA0C0F95EA0C0F00F0DEF82C4481EA89
:10F3B000030621EA4C5123EA4C5350EA013518BFA9
:10F3C00052EA033541F4801143F4801338D0A0FB96
:10F3D00002CE4FF00005E1FB02E506F00042E0FB43
:10F3E00003E54FF00006E1FB03569CF0000F18BF49
:10F3F0004EF0010EA4F1FF04B6F5007F64F54074F1
:10F4000004D25FEA4E0E6D4146EB060642EAC62183
:10F4100041EA55514FEAC52040EA5E504FEACE2EF0
:10F42000B4F1FD0C88BFBCF5E06F1ED8BEF1004FF3
:10F4300008BF5FEA500E50F1000041EB045170BD6F
:10F4400006F0004646EA010140EA020081EA0301B3
:10F45000B4EB5C04C2BFD4EB0C0541EA045170BDAF
:10F4600041F480114FF0000E013C00F3AB8014F129
:10F47000360FDEBF002001F0004170BDC4F1000472
:10F48000203C35DA0C341BDC04F11404C4F12005F3
:10F4900000FA05F320FA04F001FA05F240EA02004E
:10F4A00001F0004221F0004110EBD37021FA04F684
:10F4B00042EB06015EEA430E08BF20EAD37070BD3E
:10F4C000C4F10C04C4F1200500FA04F320FA05F09D
:10F4D00001FA04F240EA020001F0004110EBD3709F
:10F4E00041F100015EEA430E08BF20EAD37070BD0F
:10F4F000C4F1200500FA05F24EEA020E20FA04F3E8
:10F5000001FA05F243EA020321FA04F001F0004196
:10F5100021FA04F220EA020000EBD3705EEA430E07
:10F5200008BF20EAD37070BD94F0000F0FD101F036
:10F530000046400041EB010111F4801F08BF013C6F
:10F54000F7D041EA060195F0000F18BF704703F0AD
:10F550000046520043EB030313F4801F08BF013D34
:10F56000F7D043EA0603704794EA0C0F0CEA1355F0
:10F5700018BF95EA0C0F0CD050EA410618BF52EAAA
:10F580004306D1D181EA030101F000414FF00000B0
:10F5900070BD50EA410606BF1046194652EA4306BE
:10F5A00019D094EA0C0F02D150EA013613D195EA32
:10F5B0000C0F05D152EA03361CBF104619460AD17A
:10F5C00081EA030101F0004141F0FE4141F4700184
:10F5D0004FF0000070BD41F0FE4141F4780170BD74
:10F5E00070B54FF0FF0C4CF4E06C1CEA11541DBFD9
:10F5F0001CEA135594EA0C0F95EA0C0F00F0A7F8DB
:10F60000A4EB050481EA030E52EA03354FEA013107
:10F6100000F088804FEA03334FF0805545EA13131A
:10F6200043EA12634FEA022245EA111545EA1065E2
:10F630004FEA00260EF000419D4208BF964244F179
:10F64000FD0404F5407402D25B084FEA3202B61A98
:10F6500065EB03055B084FEA32024FF480104FF46C
:10F66000002CB6EB020E75EB030E22BFB61A7546E0
:10F6700040EA0C005B084FEA3202B6EB020E75EB73
:10F68000030E22BFB61A754640EA5C005B084FEADB
:10F690003202B6EB020E75EB030E22BFB61A7546A8
:10F6A00040EA9C005B084FEA3202B6EB020E75EBB3
:10F6B000030E22BFB61A754640EADC0055EA060E74
:10F6C00018D04FEA051545EA16754FEA06164FEAB7
:10F6D000C30343EA52734FEAC2025FEA1C1CC0D163
:10F6E00011F4801F0BD141EA00014FF000004FF0F0
:10F6F000004CB6E711F4801F04BF01430020B4F1B1
:10F70000FD0C88BFBCF5E06F3FF6AFAEB5EB030C68
:10F7100004BFB6EB020C5FEA500C50F1000041EB65
:10F72000045170BD0EF0004E4EEA113114EB5C0432
:10F73000C2BFD4EB0C0541EA045170BD41F4801105
:10F740004FF0000E013C90E645EA060E8DE60CEA0D
:10F75000135594EA0C0F08BF95EA0C0F3FF43BAF2A
:10F7600094EA0C0F0AD150EA01347FF434AF95EAE1
:10F770000C0F7FF425AF104619462CE795EA0C0FC5
:10F7800006D152EA03353FF4FDAE1046194622E792
:10F7900050EA410618BF52EA43067FF4C5AE50EA6C
:10F7A00041047FF40DAF52EA43057FF4EBAE12E75C
:10F7B0004FF0FF3C06E000BF4FF0010C02E000BF3D
:10F7C0004FF0010C4DF804CD4FEA410C7FEA6C5C20
:10F7D0004FEA430C18BF7FEA6C5C1BD001B050EAC3
:10F7E000410C0CBF52EA430C91EA030F02BF90EAAE
:10F7F000020F0020704710F1000F91EA030F58BF6D
:10F80000994208BF90422CBFD8176FEAE37040F0CE
:10F81000010070474FEA410C7FEA6C5C02D150EA6C
:10F82000013C07D14FEA430C7FEA6C5CD6D152EA27
:10F83000033CD3D05DF8040B704700BF84461046EC
:10F8400062468C461946634600E000BF01B5FFF7EB
:10F85000B7FF002848BF10F1000F01BD4DF808EDBB
:10F86000FFF7F4FF0CBF012000205DF808FB00BF8C
:10F870004DF808EDFFF7EAFF34BF012000205DF8E6
:10F8800008FB00BF4DF808EDFFF7E0FF94BF012033
:10F8900000205DF808FB00BF4DF808EDFFF7CEFF34
:10F8A00094BF012000205DF808FB00BF4DF808ED73
:10F8B000FFF7C4FF34BF012000205DF808FB00BF44
:10F8C0004FEA410C7FEA6C5C02D150EA013C0AD15C
:10F8D0004FEA430C7FEA6C5C02D152EA033C02D14E
:10F8E0004FF0000070474FF0010070474A0011D2FE
:10F8F00012F5001211D20DD56FF47873B3EB62528A
:10F900000ED44FEAC12343F0004343EA505323FA95
:10F9100002F070474FF00000704750EA013002D10A
:10F920004FF0FF3070474FF0000070474FEA410240
:10F93000B2F1E04324BFB3F5001CDCF1FE5C0DD94D
:10F9400001F0004C4FEAC0024CEA5070B2F1004F97
:10F9500040EB830008BF20F00100704711F0804F9A
:10F9600021D113F13872BCBF01F00040704741F45F
:10F9700080114FEA5252C2F11802C2F1200C10FA63
:10F980000CF320FA02F018BF40F001004FEAC12347
:10F990004FEAD32303FA0CFC40EA0C0023FA02F3EB
:10F9A0004FEA4303CCE77FEA625307D150EA0133C1
:10F9B0001EBF4FF0FE4040F44000704701F0004091
:10F9C00040F0FE4040F40000704700BF53B94AB910
:10F9D000002908BF00281CBF4FF0FF314FF0FF3057
:10F9E00000F086B9ADF1080C6DE904CE00F01AF80C
:10F9F000DDF804E0DDE9022304B07047430803F0BA
:10FA00005533C01A830803F0333300F03330184401
:10FA100000EB101000F00F3000EB002000EB004076
:10FA2000000E70472DE9F047089E04468846002BDB
:10FA30004BD18A42154667D9B2FA82F24AB1C2F175
:10FA4000200701FA02F320FA07F7954047EA030876
:10FA500094404FEA154E230CB8FBFEF71FFA85FCC5
:10FA60000EFB178843EA084307FB0CF1994209D9BA
:10FA7000EB1807F1FF3080F01B81994240F21881AA
:10FA8000023F2B445B1AA4B2B3FBFEF00EFB103313
:10FA900044EA034400FB0CFCA44509D92C1900F1ED
:10FAA000FF3380F00781A44540F2048102382C44E2
:10FAB00040EA0740A4EB0C0400271EB1D440002309
:10FAC000C6E900433946BDE8F0878B4209D9002ECC
:10FAD00000F0EB800027C6E9000138463946BDE852
:10FAE000F087B3FA83F7002F47D18B4202D38242CB
:10FAF00000F2FA80841A61EB030301209846002E7D
:10FB0000E0D0C6E90048DDE702B9FFDEB2FA82F2D2
:10FB1000002A40F08F80491B4FEA154E1FFA85F8E6
:10FB20000127B1FBFEFC230C0EFB1C1143EA014331
:10FB300008FB0CF1994207D9EB180CF1FF3002D207
:10FB4000994200F2CD808446591AA3B2B1FBFEF06F
:10FB50000EFB101443EA044408FB00F8A04507D943
:10FB60002C1900F1FF3302D2A04500F2B6801846EE
:10FB7000A4EB080440EA0C409FE7C7F1200CBB400F
:10FB800022FA0CFE4EEA030E01FA07F420FA0CF5F5
:10FB900021FA0CF34FEA1E482543B3FBF8F92C0C6D
:10FBA00008FB19331FFA8EFA44EA034309FB0AF4EF
:10FBB0009C4202FA07F200FA07F10BD91EEB03038D
:10FBC00009F1FF3080F087809C4240F28480A9F1E7
:10FBD000020973441B1BADB2B3FBF8F008FB1033F2
:10FBE00045EA034400FB0AFAA24508D91EEB0404C7
:10FBF00000F1FF336BD2A24569D90238744440EA60
:10FC00000940A0FB0289A4EB0A044C45C2464B46BE
:10FC100054D351D0002E69D0B1EB0A0564EB030434
:10FC200004FA0CFCFD40FC404CEA0505C6E9005412
:10FC3000002747E7C2F1200320FA03F7954001FAB5
:10FC400002F021FA03F34FEA154E3843010CB3FBDF
:10FC5000FEF71FFA85F80EFB173341EA034107FB55
:10FC600008F38B4204FA02F407D9691807F1FF3C44
:10FC70002FD28B422DD9023F2944CB1A81B2B3FB3C
:10FC8000FEF00EFB103341EA034100FB08F38B4208
:10FC900007D9691800F1FF3C17D28B4215D90238F9
:10FCA0002944C91A40EA07473BE73746304609E787
:10FCB0000746E7E61846FBE64145ABD2B8EB020A39
:10FCC00069EB0E0201381346A4E76046E9E71846DF
:10FCD00095E76746D1E781467CE702382C4447E741
:10FCE000ACF1020C2B442FE7384608E73746E9E62B
:10FCF000704700BF1FB51C46094B1B680546D868F6
:10FD000052B1084B0091CDE9013207492B462246FA
:10FD100000F036F801F0EAF9044B1A46F2E700BFAA
:10FD20007C610020B8850500C5850500F3850500C8
:10FD300010B5054C13462CB10A4601460220AFF31C
:10FD4000008010BD2046FCE700000000014B186851
:10FD5000704700BF7C61002008B5074B044613B113
:10FD60000021AFF30080054B1868836A03B1984700
:10FD7000204602F0A1FF00BF00000000F48505004E
:10FD80000EB403B5014603AB054853F8042B0068D5
:10FD9000019300F06DF902B05DF804EB03B0704719
:10FDA0007C61002070B50D4E0D4CA41BA4100025E5
:10FDB000A54209D10B4E0C4C02F080FFA41BA410ED
:10FDC0000025A54205D170BD56F82530984701356C
:10FDD000EEE756F8253098470135F2E74C630020EE
:10FDE0004C6300204C63002070630020D0F8EC00CE
:10FDF00070470000024B0146186800F0B5B800BF1C
:10FE00007C610020024B0146186800F05FB800BF1B
:10FE10007C61002082B001B901A942B14BB11378D5
:10FE20000B601278101C18BF012002B070471046FA
:10FE3000FBE76FF00100F8E730B50024A24201D1E2
:10FE4000002007E0035D01340D1915F8015CAB4299
:10FE5000F4D0581B30BD10B5431E0A44914200D166
:10FE600010BD11F8014B03F8014FF7E7884210B5B8
:10FE700001EB020307D8421E99420AD011F8014B48
:10FE800002F8014FF8E78342F5D98118D21AD3421C
:10FE900000D110BD13F8014D01F8014DF7E7024400
:10FEA0000346934200D1704703F8011BF9E738B5C8
:10FEB00002FB01F4214600F057F8054618B122462E
:10FEC0000021FFF7ECFF284638BD000038B5054695
:10FED000002945D051F8043C0C1F002BB8BFE41892
:10FEE00002F0B6F91F4A1368104633B96360146014
:10FEF0002846BDE8384002F0ACB9A3420CD92168CD
:10FF00006218934204BF1A685B68636004BF5218AA
:10FF100022600460ECE713465A680AB1A242FAD99B
:10FF200019685818A0420BD1206801445818824221
:10FF30001960DDD1106852685A6001441960D7E732
:10FF400002D90C232B60D3E7206821188A4204BF12
:10FF500011685268626004BF091821605C60C7E7DD
:10FF600038BD00BF18A5002070B5CD1C25F00305D5
:10FF700008350C2D38BF0C25002D064601DBA942A3
:10FF800003D90C233360002070BD02F061F9214ACF
:10FF90001468214691B9204C23681BB9304600F003
:10FFA0000BFE20602946304600F006FE431C24D19B
:10FFB0000C233360304602F04CF9E4E70B685B1B1E
:10FFC00018D40B2B0FD90B60CD50CC18304602F053
:10FFD00040F904F10B00231D20F00700C31AD3D011
:10FFE0005A42E250D0E78C424B6816BF6360136000
:10FFF0000C46EBE70C464968CCE7C41C24F003042C
:020000025000AC
:10000000A04205D0211A304600F0D6FD0130CFD0F5
:100010002560DBE718A500201CA500209368013BA4
:10002000002B10B4936008DA9469A34201DB0A291B
:1000300003D15DF8044B00F079BF1368581C1060C1
:10004000197008465DF8044B7047F8B506460F4630
:100050001446D518AC4201D1002007E03A4614F806
:10006000011B3046FFF7DAFF431CF3D1F8BD000057
:100070002DE9F04F9DB00C4617460393064618B184
:1000800083690BB901F080FF7B4B9C4257D17468A8
:10009000A38918075DD52369002B5AD00023099343
:1000A00020238DF8293030238DF82A304FF0010BB2
:1000B000B846454615F8013B0BB1252B54D1B8EB9A
:1000C000070A0BD053463A4621463046FFF7BDFF9C
:1000D000013000F0C280099B5344099398F8003026
:1000E000002B00F0BA8000234FF0FF32CDE905234A
:1000F000049307938DF853301A93A846052218F8F5
:10010000011B5E4802F054F8049B78BBD90644BF3B
:1001100020228DF853201A0744BF2B228DF853203C
:100120002A782A2A2AD0079AA84600200A2541467A
:1001300011F8013B303B092B69D960B324E0504BE7
:100140009C4201D1B468A3E74E4B9C4208BFF468BF
:100150009EE72146304600F05BFF00289ED04FF01E
:10016000FF301DB0BDE8F08FA846A2E7434A801AD1
:100170000BFA00F0184304904546BEE7039A111DA0
:1001800012680391002A01DB079204E0524243F017
:1001900002030792049398F800302E2B0ED198F8A2
:1001A00001302A2B38D1039B1A1D1B680392002BA8
:1001B000B8BF4FF0FF3308F102080593324D98F8AD
:1001C00000100322284601F0F3FF40B14023401BFA
:1001D00003FA00F0049B034308F10108049398F824
:1001E00000102A488DF82810062208F1010701F0B6
:1001F000DFFF002837D0264B1BBB039B073323F0C0
:10020000070308330393099B4B44099350E705FB0D
:100210000232012088468AE7002308F1010805938D
:1002200019460A25404610F8012B303A092A03D90D
:10023000002BC3D00591C1E705FB012101238046B6
:10024000F0E703AB00932246124B04A9304600F0BE
:10025000B7F8B0F1FF3F8146D5D1A3895B063FF5E2
:100260007EAF09987DE703AB00932246094B04A9B2
:10027000304600F05BFBECE778870500028605005E
:100280009887050058870500088605000C8605003C
:10029000C10305004B0005002DE9FF4755EC104B4D
:1002A0000D9FDDF830A0002D0E4691461946B8BFCF
:1002B00022462B4627F02007BBBF05F100431D4611
:1002C00000232D23B8BF1446462F0B7004D0452FB2
:1002D00000D10136022100E0032103AB019302AB00
:1002E00000933246534645EC104B00F0A5FF472FD4
:1002F000804602D119F0010F26D0462F08EB0609DF
:1003000011D198F80030302B0AD10022002320466A
:100310002946FFF7A3FA18B9C6F10106CAF800602A
:10032000DAF8003099440022002320462946FFF7DE
:1003300095FA38B93022039B4B4505D2591C0391DD
:100340001A70F8E7CDF80C90039B0E9AA3EB080304
:100350004046136004B0BDE8F087F7B500290446B5
:10036000BABF49422D232B23092904F8022B4370DD
:1003700020DD0DF107031F460A2691FBF6F506FB6B
:1003800015113031092D03F8011C03F1FF32294604
:1003900009DC3031023B02F8011CBB42224604D387
:1003A000101A03B0F0BD1346E7E713F8012B04F869
:1003B000012BF2E7302319448370021DC170EFE76F
:1003C0002DE9F04F8DB00C46DDF8588016461F46DB
:1003D000054601F063FE03680493184600F0D3FC61
:1003E00000230A93D8F800300590073323F0070361
:1003F00003F1080294F818A0D4F800B0C8F800205F
:10040000D3E90023C4E91223D4E9128929F0004377
:100410000793CDF818804FF0FF32A74BDDE90601B6
:10042000FFF74EFA70BB4FF0FF32A34BDDE9060138
:10043000FFF728FA30BB0022002340464946FFF769
:1004400017FA10B12D2384F843309C4A9C4BBAF123
:10045000470F8CBF9046984603232BF0040223617C
:1004600022604FF00009009733460BAA2146284628
:1004700000F0E6F9013040F08D804FF0FF300DB014
:10048000BDE8F08F42464B4640464946FFF718FA12
:1004900010B18C4A8C4BDAE761684B1C4BF48062DC
:1004A0000AA83ED1062363600023CDE9020309AB0D
:1004B000009349EC108B0DF123032260CDF804A0CA
:1004C00061682846FFF7E8FE0AF0DF03472B804605
:1004D00009D1099BD81C02DB6268934247DDAAF16F
:1004E000020A5FFA8AFABAF1650F099924D801392C
:1004F000524604F150000991FFF72FFF0A9A131892
:10050000012A8146236102DC2268D10701D501332B
:1005100023619DF82330002BA5D02D2384F8433090
:10052000A1E7BAF1670F00F07781BAF1470FBBD1AD
:100530000029B9D10123B6E7BAF1660F19D1002914
:1005400063680CDD216113B92268D20702D501333B
:100550000B442361099BA3654FF00009D9E713B948
:100560002268D00701D50233F3E70123F1E74FF00A
:10057000670ADDE90932934205DB22682361D1076E
:10058000E8D50133E5E7002BD4BFC3F10203012313
:100590001344DEE723685A0507D4236942463146EF
:1005A0002846B84701302BD167E7BAF1650F40F212
:1005B000DC8000220023D4E91201FFF74FF9002864
:1005C00033D00123414A31462846B84701303FF431
:1005D00054AFDDE909239A4202DB2368D8070FD51F
:1005E000DDE9042331462846B84701303FF445AFE2
:1005F0004FF0000804F11A090A9B013B434509DC4E
:1006000023689B0700F10381E0680B9B9842B8BF09
:10061000184634E701234A4631462846B847013098
:100620003FF42BAF08F10108E6E7099B002B2BDC18
:100630000123264A31462846B84701303FF41DAF12
:10064000099B23B90A9B13B92368D907D8D5DDE9DB
:10065000042331462846B84701303FF40EAF4FF02F
:10066000000904F11A0A099B5B424B4501DC0A9B15
:1006700094E70123524631462846B84701303FF4FB
:10068000FCAE09F10109EEE70A9AA36D9A42A8BFF0
:100690001A46002A914607DD13463146424628464F
:1006A000B84701303FF4E9AE04F11A034FF0000BF4
:1006B00029EAE979069315E0FFFFEF7F1786050029
:1006C000138605001F8605001B860500238605008E
:1006D0000123069A31462846B84701303FF4CDAE93
:1006E0000BF1010BD4F858A0AAEB09035B45EFDC32
:1006F000DDE909239A42D04415DB2368DA0712D4D6
:100700000A9B0999A3EB0A02A3EB010A9245A8BF31
:100710009246BAF1000F0EDC4FF000082AEAEA7A9E
:1007200004F11A0919E0DDE9042331462846B847E7
:100730000130E5D1A1E65346424631462846B84746
:100740000130E9D199E601234A4631462846B847A7
:1007500001303FF492AE08F10108DDE909239B1A4C
:10076000A3EB0A034345EEDC4AE70A9A012A01DCBF
:10077000DB073AD50123424631462846B8470130C7
:100780003FF47BAEDDE9042331462846B84701300B
:1007900008F101083FF471AE0A9B002203F1FF3A11
:1007A000D4E912010023FFF759F8C8B9534642466D
:1007B00031462846B84701300ED15EE60123524645
:1007C00031462846B84701303FF457AE08F10108DA
:1007D0000A9B013B4345F1DC4B4604F15002DEE647
:1007E0004FF0000804F11A0AF2E70123DFE70123C2
:1007F0004A4631462846B84701303FF43EAE08F13C
:100800000108E3680B9A9B1A4345F0DCFCE64FF0C5
:10081000000804F11909F4E700293FF48BAE002326
:10082000CDE9020309AB009349EC108B2260CDF8AF
:1008300004A00DF123032846FFF72EFD804648E66D
:100840002DE9F04791461F468A680B69DDF8208044
:100850009342B8BF1346C9F8003091F843200646CA
:100860000C4612B10133C9F800302368990642BF23
:10087000D9F800300233C9F80030256815F00605B4
:1008800007D104F1190AE368D9F800209B1AAB429A
:1008900028DC94F843302268003318BF0123920605
:1008A0002DD404F1430239463046C047013020D0F0
:1008B0002368E568D9F8002003F00603042B08BF7D
:1008C000AD1AA36822690CBF25EAE575002593429D
:1008D000C4BF9B1AED184FF000091A344D451AD1C8
:1008E000002008E00123524639463046C047013017
:1008F00003D14FF0FF30BDE8F0870135C3E7E118C1
:100900005A1C302081F84300224494F8451082F8A4
:1009100043100233C5E70123224639463046C0471B
:100920000130E6D009F10109D8E700002DE9F043D4
:1009300001F1430C0C46097E85B06E291746064628
:1009400098460C9A00F0B38022D8632936D00AD892
:10095000002900F0B980582900F0838004F1420595
:1009600084F8421032E0642901D06929F6D1206868
:100970001368050603F104012AD51B681160002BDA
:1009800003DA2D225B4284F843206F480A2239E0C3
:10099000732900F09D8008D86F2920D07029DDD1FF
:1009A000236843F02003236003E0752917D07829DA
:1009B000D4D1782384F84530644855E01368191D74
:1009C0001B68116004F1420584F8423001238CE079
:1009D0001B68116010F0400F18BF1BB2CFE71368FF
:1009E0002568181D1060280601D51B6802E06806FE
:1009F000FBD51B8854486F2914BF0A220822002106
:100A000084F843106568A560002DC0F295802168C8
:100A100021F004012160002B3DD1002D40F08E809B
:100A20006546082A0BD12368DB0708D5236962686D
:100A30009A42DEBF302305F8013C05F1FF35ACEBEF
:100A400005032361CDF800803B4603AA21463046CA
:100A5000FFF7F6FE01304DD14FF0FF3005B0BDE895
:100A6000F083394884F84510136821681D1D1B6800
:100A700015600A060BD5CA0744BF41F0200121606A
:100A80001BB9226822F0200222601022B7E74D062F
:100A900048BF9BB2EFE76546B3FBF2F102FB1133AF
:100AA000C35C05F8013D0B460029F5D1B9E7136891
:100AB00025686169181D106028061B6801D519603A
:100AC00002E06A06FBD51980002323616546B9E779
:100AD0001368191D11601D6862680021284601F025
:100AE00067FB08B1401B606063682361002384F8E2
:100AF0004330A7E723692A4639463046C0470130CC
:100B0000AAD023689B0713D4E068039B9842B8BF20
:100B10001846A3E701234A4639463046C04701300C
:100B20009AD00135E368039A9B1AAB42F2DCEBE7FB
:100B3000002504F11909F5E7002BACD1037884F8FE
:100B4000423004F142056CE7258605003686050033
:100B500038B5134B1C68A36B7BB91820EEF7A6FFC2
:100B6000104A114BA063C0E90023104B83600B2394
:100B7000838101220023C0E90423A16B0C480A6988
:100B80004B690C4C504304FB0300A2FB04230344B9
:100B9000541C43F10005C1E9044525F0004038BD6F
:100BA0007C6100200E33CDAB34126DE6ECDE050027
:100BB0002DF451582D7F954C38B5064C0023054631
:100BC00008462360F1F7E6FA431C02D1236803B11B
:100BD0002B6038BD5CA500200CB430B5174B0C1E43
:100BE0009DB01D6808DA8B232B604FF0FF301DB0DD
:100BF000BDE8304002B070474FF40273ADF81430D6
:100C000014BF04F1FF332346049307934FF6FF7399
:100C100002900690ADF81630209A21AB02A9284622
:100C2000019301F073FE431CBCBF8B232B60002C8F
:100C3000DDD0029B00221A70D9E700BF7C61002042
:100C40000EB400B59CB01DAB029006906FF0004151
:100C5000094807910491094953F8042B059100684C
:100C6000019302A901F052FE029B00221A701CB0EF
:100C70005DF804EB03B070477C6100200802FFFFC1
:100C800010B50C46B1F90E1001F036FF0028ABBFCD
:100C9000636DA3891B1823F48053ACBF6365A381E4
:100CA00010BD2DE9F0411F468B89DB0505460C463A
:100CB000164605D502230022B1F90E1001F0FCF909
:100CC000A389B4F90E1023F48053A38132463B4626
:100CD0002846BDE8F04100F089B910B50C46B1F9DD
:100CE0000E1001F0E9F9431CA38915BF606523F4D8
:100CF000805343F48053A38118BFA38110BDB1F981
:100D00000E1000F0FBB910B503461A785C1C3AB916
:100D1000013B11F8012B03F8012F002AF9D110BD76
:100D20002346F2E7C9B2034610F8012B1AB18A42F2
:100D3000F9D118467047002918BF0023F9E710F8C9
:100D4000012B11F8013B012A28BF9A42F7D0D01A93
:100D50007047034611F8012B03F8012B002AF9D143
:100D6000704770B503461A4612F8015B4DB14C1E30
:100D700001E0AE4205D014F8016F002EF9D1134600
:100D8000F1E7181A70BD034613F8012B002AFBD1B6
:100D9000181A0138704770B50139044602B970BDA0
:100DA000234611F8015F03F8015B561E2DB9144468
:100DB000A342F4D003F8015BFAE71C463246EDE7A4
:100DC00038B503460D4669B9BDE83840FFF7AABFFC
:100DD000431C044629461846FFF7A4FF0028F7D114
:100DE000204638BD0024F5E770B503461A4612F8D0
:100DF000015B3DB14C1E01E0AE4205D014F8016F1D
:100E0000002EF9D1181A70BD1346EFE72DE9F0470F
:100E10008046894692461E460F463D46089815F87C
:100E2000014BFEF7E3FF2044437813F0080330D171
:100E30002D2C30D17C78BD1C0121002E5CD0102ED1
:100E400009D1302C07D12B7803F0DF03582B4ED17A
:100E50006C78102602354FF0FF320023B2FBF6F219
:100E600006FB02FC6FEA0C0C1846A4F13007092FB0
:100E700017D83C46A64223DD002B1EDB82421CD342
:100E800001D1A44519DB00FB0640012315F8014BF5
:100E9000EBE72F46C1E72B2C04BFBD1C7C7819461D
:100EA000CBE7A4F14107192F01D8373CE2E7A4F1C1
:100EB0006107192F04D8573CDCE74FF0FF33E5E713
:100EC000002B09DA2223C8F800304FF0FF30BAF1C6
:100ED000000F07D1BDE8F08701B14042BAF1000F21
:100EE000F8D00BB105F1FF39CAF80090F2E73024D1
:100EF000002EB0D10826AEE7302CA4D00A26AAE7EF
:100F0000084B37B51C68084D236A002B08BF2B46D9
:100F1000009313460A4601462046FFF777FF03B0C9
:100F200030BD00BF7C610020E0610020F8B50E46B6
:100F30001446054618B183690BB901F025F8214B19
:100F40009C422AD16C68A369A360A3891A072ED595
:100F5000236963B323692068C01A6369F6B28342C8
:100F6000374604DC2146284600F0A4FF28BBA368CE
:100F7000013BA36023685A1C22601E706369013024
:100F8000834204D0A389DB0719D50A2E17D1214645
:100F9000284600F08FFF90B10FE00B4B9C4201D12F
:100FA000AC68D0E7094B9C4208BFEC68CBE7214610
:100FB000284600F02DF80028CCD04FF0FF373846F7
:100FC000F8BD00BF788705009887050058870500A1
:100FD00049B1FF2A85BF8A2303600A704FF0FF30B2
:100FE00098BF0120704708467047000038B5074C8D
:100FF000054608461146002222601A46F1F7B0F86D
:10100000431C02D1236803B12B6038BD5CA50020CE
:10101000324B70B51D6806460C4625B1AB6913B955
:10102000284600F0B1FF2E4B9C420FD16C68B4F9FA
:101030000C309AB215072CD4D00611D40922326094
:1010400043F04003A3814FF0FF303EE0254B9C422C
:1010500001D1AC68EBE7244B9C4208BFEC68E6E7A3
:10106000510712D5616B41B104F14403994202D09A
:101070003046FEF72BFF00236363A38923F024038C
:10108000A3810023636023692360A38943F00803DD
:10109000A38123694BB9A38903F42073B3F5007FBF
:1010A00003D02146304601F03DF8A28912F0010339
:1010B0000CD00023A36063695B42A361236953B929
:1010C000B4F90C3013F08000BAD170BD920758BF4C
:1010D0006369A360F2E70020F7E700BF7C610020AE
:1010E00078870500988705005887050008B5062011
:1010F00001F03CFD012001F0DFFD000038B5064C99
:10110000002305460846236001F09EFD431C02D1E2
:10111000236803B12B6038BD5CA500202DE9F74F93
:1011200003690C69A3428046C0F28280013C01F150
:1011300014074FEA840C00F1140657F8245056F8AF
:10114000240006EB0C03013507EB0C090193B0FBFF
:10115000F5F595B34FF0000A3846B646D34650F839
:10116000042B93B205FB03A34FEA134A9BB2ABEBEC
:101170000303120CDEF800B005FB02A213FA8BF396
:101180004FEA124A1FFA82FBDEF80020CBEB124234
:1011900002EB23429BB243EA024381454FEA224BD2
:1011A0004EF8043BDBD256F80C3033B9019B043BBC
:1011B0009E421A4630D3C8F81040404601F060FA0B
:1011C000002825DB013530464FF0000C57F8042B82
:1011D000D0F800E093B2ACEB0303120C13FA8EF3D9
:1011E000C2EB1E4202EB23429BB243EA0243B945E3
:1011F0004FEA224C40F8043BE8D256F8242006EB94
:1012000084032AB9043B9E421A460BD3C8F8104007
:10121000284603B0BDE8F08F1268043B002ACAD10B
:10122000013CC5E71268043B002AEFD1013CEAE724
:101230000020EEE7000000002DE9F04F57EC106BA6
:1012400097B0456A069104460B921293DDF88080B0
:10125000CDE900673DB91020EEF728FC6062C0E9D7
:1012600001550560C560636A196851B15A684A60E2
:10127000012393408B60204601F020F8636A00222E
:101280001A603B1EBBBF23F00043019300230122E1
:10129000ACBFC8F80030C8F80020AF4BDDF80480C0
:1012A00033EA080314D1129A42F20F731360009BC1
:1012B00023B9C8F31300002800F04285219BDFF812
:1012C000ACB2002B00F044850BF1030300F03EBDEF
:1012D000DDE900670022002330463946FEF7BEFAFA
:1012E000814668B1129A01231360219B002B00F004
:1012F00024859A4B219A03F1FF3B136000F028BD2F
:1013000014AA15A947EC106B204601F030FAC8F377
:101310000A550490002D7CD0C7F3130343F07F5B84
:10132000B2464BF4401BA5F2FF35CDF84C9000229D
:101330008B4B50465946FDF771FE81A3D3E900233C
:10134000FEF724F880A3D3E90023FDF769FE0646E3
:1013500028460F46FDF7B0FF7DA3D3E90023FEF733
:1013600015F802460B4630463946FDF759FE06464B
:101370000F4601F041FC00228246002330463946E8
:10138000FEF776FA48B15046FDF796FF32463B46E7
:10139000FEF764FA08B90AF1FF3ABAF1160F59D804
:1013A000704901EBCA01DDE90023D1E90001FEF734
:1013B0007DFA002850D00AF1FF3A00230F93149BC6
:1013C0005D1BB5F1010849BFC5F101030023059379
:1013D0004FF0000858BF0593BAF1000F3EDB002321
:1013E000D044CDF838A00793069B092B00F29080DB
:1013F000052BC4BF043B0693069BA3F10203CCBF9D
:1014000000250125032B00F28F80DFE803F07D7FAC
:101410003171DDE914531D4405F23240202813DDFB
:10142000C0F14000009B08FA00F805F2124023FAD0
:1014300000F048EA0000FDF72FFF01238246A1F1EA
:10144000F87B013D139372E7009BC0F1200003FA83
:1014500000F0F0E70123B1E70F90B0E7059BA3EBA5
:101460000A030593CAF10003079300230E93BBE719
:1014700001230A930B9B002B59DD02939946666A60
:1014800000227260042202F114009842716853D95C
:10149000204600F0DFFE636A3060B9F10E0FD3F82A
:1014A00000B000F2E680002D00F0E3809DED007BAF
:1014B000BAF1000F8DED107B74DD2A4A0AF00F039C
:1014C00002EBC30393ED007B4FEA2A16F0068DED85
:1014D000087B65D5244BDDE91001D3E90823FEF72D
:1014E0007FF8CDE9000106F00F0603251E4F4CE002
:1014F00001230A930B9B534403F1010902934B46CA
:10150000012BB8BF0123BAE70023B2E70023F0E7BD
:101510000125002306930A954FF0FF330293994665
:10152000002212230B92AAE701230A93F4E7012376
:10153000029399461A46F5E7013171605200A2E71D
:1015400061436F63A787D23FB3C8608B288AC63FC9
:10155000FB799F501344D33F0000F07F24860500A1
:101560000000F83FE0870500B887050051870500B7
:10157000F10708D5DDE90801D7E90023FDF706FFEB
:10158000CDE90801013576100837002EF0D1DDE9EC
:101590000823DDE90001FEF723F8CDE900011AE098
:1015A0000225A3E700F0A080CAF100069F4BA04FE0
:1015B00006F00F0203EBC203D3E90023DDE91001BB
:1015C000FDF7E4FECDE90001361100230225002ECF
:1015D0007FD1002BE1D10F9B002B00F08780DDE94C
:1015E00000670022934B30463946FEF741F9002848
:1015F0007CD0B9F1000F79D0029B002B35DD0AF1C8
:10160000FF330893394600228B4B3046FDF7BEFE70
:10161000CDE90001029F01352846FDF74DFEDDE9C9
:101620000023FDF7B3FE0022844BFDF7F9FC0546CD
:10163000A1F15076002F5DD10022814BDDE9000140
:10164000FDF7ECFC2A463346CDE90001FEF72EF902
:10165000002840F088822A4606F10043DDE90001B7
:10166000FEF706F9002840F07C82DDE91023CDE981
:101670000023159B002BC0F25081BAF10E0F00F32E
:101680004C816A4B03EBCA0393ED007B0B9B002B51
:101690008DED027B80F2D880B9F1000F00F3D48089
:1016A00040F05E820022664B51EC170BFDF76EFE98
:1016B000DDE90023FEF7F0F84F464E46002840F0E3
:1016C000348231230BF101058BF800300AF1010A55
:1016D0002FE2F20705D5D7E90023FDF757FE0135C4
:1016E00001237610083772E7022574E7CDF820A0B1
:1016F0004F4691E74D4B03EBC70353E902010A9BA9
:10170000002B47D002460B4600204E49FDF768FFEC
:101710002A463346FDF782FCCDE90C015D46DDE942
:10172000000101F069FA0646FDF7C6FD02460B46C8
:10173000DDE90001FDF772FC303605F8016BDDE9EB
:101740000C23CDE90001FEF793F8002863D1DDE911
:10175000002300203749FDF761FCDDE90C23FEF78B
:1017600087F8002840F0B780A5EB0B039F427FF776
:101770007CAF0022304BDDE90C01FDF707FE0022B3
:10178000CDE90C012C4BDDE90001FDF7FFFDCDE9B2
:101790000001C4E72A463346FDF7F8FDCDE90C0108
:1017A0000BEB07055E46DDE9000101F025FA07466F
:1017B000FDF782FD303702460B46DDE90001FDF7FB
:1017C0002DFC06F8017BAE42CDE900014FF000028E
:1017D00026D11C4BDDE90C01FDF722FC02460B462D
:1017E000DDE90001FEF762F8002874D1DDE90C2381
:1017F00000201449FDF712FC02460B46DDE900010A
:10180000FEF736F800283FF430AF15F8013C302BD6
:1018100005F1FF3202D0DDF820A04AE01546F4E7DA
:10182000054BFDF7B3FDCDE90001BCE7E0870500FE
:10183000B88705000000F03F0000244000001C4075
:10184000000014400000E03FDDE900675D46DDE98F
:10185000022330463946FDF7C3FE01F0CDF980463C
:10186000FDF72AFDDDE90223FDF790FD02460B4658
:101870003046394608F13006FDF7D0FB05F8016B1C
:10188000A5EB0B06B14502460B4639D1FDF7C8FB67
:10189000DDE9022306460F46FEF708F8C8B9DDE980
:1018A000022330463946FDF7D9FF10B118F0010F79
:1018B0000FD10499204600F001FD0023129A2B70ED
:1018C0000AF101031360219B002B00F041821D608F
:1018D0003EE2CDF820A015F8012C392A05F1FF339E
:1018E00008D19B450AD1089B0133089330238BF81C
:1018F00000305B461A7801321A708CE71D46EAE721
:1019000000229B4BFDF742FD0022002306460F46B6
:10191000FDF7A4FF00289AD0CBE70A9A002A00F02E
:101920008B80069A012A6EDC139A002A67D003F294
:101930003343079F059D059A01211A4420460592CD
:10194000984400F05BFD0646002D0CDDB8F1000F59
:1019500009DD4545059A2B46A8BF4346D21A059294
:10196000ED1AA8EB0308079BEBB10A9B002B67D08D
:101970008FB131463A46204600F0E0FD049A014618
:101980000646204600F043FD04990890204600F0EA
:1019900095FC089B0493079BDA1B04D0049920460E
:1019A00000F0CCFD04900121204600F027FD0E9BA5
:1019B0000746002B00F0D0811A460146204600F071
:1019C000BDFD069B012B074640DC009B002B39D157
:1019D000019BC3F31303002B36D1019B23F000437B
:1019E0001B0D1B052BB1059B0133059308F1010865
:1019F000012307930E9B002B2AD1012030E0149B7A
:101A0000C3F1360395E7079B09F1FF37BB42BFBF20
:101A1000079B0797FA1A0E9BBBBF9B180E93DF1B01
:101A20000027B9F1000FB5BF059B059DA3EB090584
:101A30004B46B8BF00237EE7079F059D0A9E83E7BC
:101A4000079AABE70023D4E7009BD2E70023079374
:101A50003B6907EB8303186900F082FCC0F12000AA
:101A6000404410F01F0047D0C0F12003042B3BDDA1
:101A7000059BC0F11C000344059305448044059B6D
:101A8000002B05DD1A460499204600F0A5FD0490C0
:101A9000B8F1000F05DD39464246204600F09CFDB6
:101AA00007460F9B53B33946049800F0E9FD002820
:101AB00024DA00230A220499204600F016FC0A9B2F
:101AC00004900AF1FF3A002B00F04D8100233146CB
:101AD0000A22204600F009FC029B002B06464FDC40
:101AE000069B022B4CDD11E0C9D0059A1C331A4429
:101AF00005921D449844C2E70346F6E7B9F1000F8A
:101B000038DC069B022B35DDCDF80890029B63B9CB
:101B100039460522204600F0E8FB014607460498B6
:101B200000F0AEFD00283FF7CCAD0B9B5D466FEAA1
:101B3000030A4FF000093946204600F0BFFB002E93
:101B40003FF4B7AEB9F1000F05D0B14503D0494617
:101B5000204600F0B3FB3146204600F0AFFBA8E67C
:101B600000273E46E1E7DDF820A03E46A9E500BF9C
:101B7000000024400A9BCDF80890002B00F0FA806A
:101B8000002D05DD31462A46204600F025FD06469B
:101B9000079B002B4CD07168204600F05BFB32693C
:101BA00002320546920006F10C010C30FEF753F9A3
:101BB00001222946204600F00FFD009BCDF814B00D
:101BC00003F00103B1460793064639460498FFF730
:101BD000A5FA4946054600F13008049800F050FD8A
:101BE000324600903946204600F064FDC368024644
:101BF00003BB01460890049800F042FD089A034692
:101C000011462046089300F059FB089BA3B9069A99
:101C100092B9079A82B9B8F1390F29D0009B002BED
:101C200001DD05F13108059B5D1C83F8008082E72A
:101C30003046C2E70123E3E7009A002A04DB25D1FE
:101C4000069A1ABB079A0ABB002BECDD0122049905
:101C5000204600F0C1FC3946049000F011FD002838
:101C600003DCE0D118F0010FDDD0B8F1390FD8D185
:101C7000059B059A5D1C3923137015F8013C392B1F
:101C800005F1FF324FD00133137054E7059A002B52
:101C900002F1010506DDB8F1390FE9D008F10108BC
:101CA000059BC2E7029A05F8018CA5EB0B03934252
:101CB00021D000230A220499204600F016FBB145EA
:101CC00004904FF000034FF00A024946204605D128
:101CD00000F00BFB81460646059576E700F005FB14
:101CE0003146814600230A22204600F0FEFA0646CD
:101CF000F2E74FF0000901220499204600F06CFC45
:101D00003946049000F0BCFC0028B6DC02D118F083
:101D1000010FB2D115F8013C302B05F1FF327FF4F1
:101D20000AAF1546F6E7934505D131230AF1010ABA
:101D30008BF80030FFE615469FE7DFF864B007E058
:101D4000219BDFF860B01BB10BF10803219A1360EF
:101D5000584617B0BDE8F08F069B012B7FF735AED4
:101D60000E9B079349E6029B002B03DC069B022B8C
:101D70003FF7CCAE5D4639460498FFF7CFF900F146
:101D8000300805F8018B029AA5EB0B039A42B0DDEF
:101D900000230A220499204600F0A7FA0490EAE7FB
:101DA00023860500488705008A892DE9F04105460C
:101DB00010070C4658D44B68002B05DC0B6C002B2D
:101DC00002DC0020BDE8F081E66A002EF9D0002395
:101DD00012F480522F68216A2B6032D0606DA38983
:101DE0005A0705D56368C01A636B0BB1236CC01A20
:101DF00000230246E66A216A2846B047431CA389AD
:101E000006D129681D2948D8294ACA40D60744D591
:101E100000226260D9042269226004D5421C01D1EB
:101E20002B6803B96065616B2F600029C9D004F18C
:101E30004403994202D02846FEF748F80020606328
:101E4000C0E701232846B047411CC8D12B68002BAE
:101E5000C5D01D2B01D0162B01D12F60B1E7A3896E
:101E600043F04003A381ADE70F69002FA9D093078A
:101E70000E6808BF4B690F6018BF0023A6EB070868
:101E80008B60B8F1000F9CDD43463A46216AA66A92
:101E90002846B047002806DCA38943F04003A3810D
:101EA0004FF0FF308EE70744A8EB0008E9E700BFDA
:101EB0000100402038B50B6905460C46DBB118B16E
:101EC00083690BB900F060F80C4B9C4209D16C6837
:101ED000B4F90C307BB121462846BDE83840FFF705
:101EE00063BF074B9C4201D1AC68F1E7054B9C42B4
:101EF00008BFEC68ECE7002038BD00BF788705001C
:101F00009887050058870500002310B50446C0E9EE
:101F10000033836081814366C281C0E904338361F9
:101F2000194608225C30FDF7BAFF054B6362054B8A
:101F3000A362054BE362054B2462236310BD00BF1F
:101F4000810C0500A30C0500DB0C0500FF0C05004F
:101F5000014900F085B800BFB51E050070B54A1EE6
:101F6000682555430E4605F17401FDF7FDFF044653
:101F700040B10021C0E900160C30A06005F16802F4
:101F8000FDF78DFF204670BD836910B5044633BB55
:101F9000C0E912330365124B124A1B6882629842F1
:101FA00004BF0123836100F01FF86060204600F049
:101FB0001BF8A060204600F017F80022E060042122
:101FC0006068FFF7A1FF01220921A068FFF79CFFCD
:101FD00002221221E068FFF797FF0123A36110BDE1
:101FE000F4850500511F0500F8B51B4B1E68B36949
:101FF000074613B93046FFF7C7FF4836D6E9013424
:10200000013B03D5336833B13668F7E7B4F90C50B8
:102010006DB16834F4E704213846FFF79FFF306064
:102020000028F1D10C233B6004462046F8BD0B4B41
:102030006566C4E90055A560C4E90335C4E90555E2
:102040000822294604F15C00FDF729FFC4E90D557B
:10205000C4E91255E9E700BFF48505000100FFFF60
:102060002DE9F8438046894600F14804002614B95A
:102070003046BDE8F883D4E90175013F01D52468F5
:10208000F5E7AB89012B07D9B5F90E30013303D041
:1020900029464046C84706436835EEE7044B1B68AF
:1020A000186A044B002808BF1846F030704700BF7C
:1020B0007C610020E061002038B5074C05460846E9
:1020C0001146002222601A4600F0E6FD431C02D1B0
:1020D000236803B12B6038BD5CA5002070B50E46A7
:1020E000B1F90E10002996B014461D4607DA0023F8
:1020F0002B60B3891A0610D44FF480630EE06A4651
:1021000000F050FD0028F2DB019A02F47042A2F5C3
:1021100000535A425A412A60EEE7402300202360D0
:1021200016B070BD8B8973B59D0706460C4607D562
:1021300004F14703236023610123636102B070BD92
:1021400001AB6A46FFF7CAFF009905463046FDF726
:102150000BFF48B9B4F90C309A05EFD423F0030310
:1021600043F00203A381E3E70D4BB362A389206030
:1021700043F08003A381009B6361019B20615BB1FD
:10218000B4F90E10304600F01FFD28B1A38923F0EA
:10219000030343F00103A381A3891D43A581CDE778
:1021A000511F0500000000000000000000000000BA
:1021B00001F0FF01102A2BDB10F0070F08D010F8F8
:1021C000013B013A8B422DD010F0070F42B3F6D1FC
:1021D000F0B441EA012141EA014122F007047FF015
:1021E00000070023F0E80256083C85EA010586EA6C
:1021F000010685FA47F5A3FA87F586FA47F6A5FAA8
:1022000087F68EB9EED1F0BC01F0FF0102F00702B3
:1022100032B110F8013B013A83EA010313B1F8D15E
:102220000020704701387047002D06BF354603383F
:10223000073815F0010F07D1013015F4807F02BF78
:10224000013015F4C03F0130F0BC0138704700BFC9
:102250007047704770B5456A04460E463DB9102078
:10226000EDF724FC6062C0E901550560C560656A50
:10227000EB6883B1636ADB6853F82600B8B90121C3
:1022800001FA06F56A1D92002046FDF710FE60B1C6
:10229000C0E901650EE0212204212046FDF707FE7A
:1022A000636AE860DB68002BE4D1002070BD02683F
:1022B00043F826200023C0E90333F7E770B5446AEA
:1022C00006460D463CB91020EDF7F0FB7062C0E900
:1022D00001440460C4603DB1736A6A68DB6853F806
:1022E0002210296043F8225070BD2DE9F0410D699C
:1022F0001F4606460C4601F1140C0023DCF80000D2
:1023000081B202FB01710F0C000C02FB007089B25C
:10231000013301EB00419D424FEA10474CF8041B8A
:10232000ECDCD7B1A368AB4212DC61683046013106
:10233000FFF790FF2269023204F10C0180469200FF
:102340000C30FDF788FD21463046FFF7B7FF4446C5
:1023500004EB850301355F6125612046BDE8F0810E
:10236000020C12040346B2B90304102013F07F4F8D
:1023700004BF1B02083013F0704F04BF1B01043070
:1023800013F0404F04BF9B000230002B06DB5B00C4
:1023900003D5013070470020E8E72020704703682C
:1023A00013F0070201460BD0DA0723D4980749BF80
:1023B0005B089B0801200B605CBF0B60022070472C
:1023C00098B2A8B91B0C102013F0FF0F04BF1B0A12
:1023D00008301A0704BF1B0904309A0704BF9B0882
:1023E0000230DA0702D45B0806D001300B60704778
:1023F0001046E9E7002070472020704710B50C46D2
:102400000121FFF727FF01224461026110BD2DE980
:10241000F74F14460A6923699A42B8BF0B468846AB
:10242000BCBFA0461C46D8F81070D4F81090D8F85D
:102430000830D8F8041007EB0906B342B8BF0131E1
:10244000FFF708FF00F1140505EB860E2B4600226E
:10245000734516D304F1140208F1140102EB890349
:1024600001EB87070093009B019293420CD8002E4A
:1024700003DD5EF8043D002B5DD0066103B0BDE8CE
:10248000F08F43F8042BE3E7B2F800B0BBF1000F84
:1024900023D08946AC464FF0000859F8044BDCF8CD
:1024A00000A0A3B21FFA8AFA0BFB03A34FEA144A57
:1024B000DCF8004043444FEA14480BFB0A8404EB69
:1024C0001344E2469BB243EA04434F454FEA1448A3
:1024D0004AF8043B2BD8CCF80480019BB3F802A047
:1024E0000432BAF1000F20D02B688946A8464FF07D
:1024F000000BB9F800C0B8F802400AFB0C445C4479
:10250000C4469BB243EA04434CF8043B59F8043BED
:10251000B8F804B01B0C0AFB03B303EB14434F459C
:102520004FEA134B05D8C8F8043004359BE7D4466E
:10253000B3E7E046DDE7013E99E700002DE9F84307
:10254000154612F0030206460F4607D0013A214C09
:10255000002354F82220FFF7C8FE0746AD1035D0FF
:10256000746A3CB91020EDF7A1FA7062C0E9014429
:102570000460C460D6F82480D8F808404CB940F212
:1025800071213046FFF73AFF0023C8F808000446DF
:1025900003604FF00008EB070AD539462246304663
:1025A000FFF735FF394681463046FFF787FE4F4635
:1025B0006D100BD0206838B9224621463046FFF70F
:1025C00026FF2060C0F800800446E4E73846BDE8F6
:1025D000F88300BFA88805002DE9F0470C464FEAB4
:1025E000621A236949680AEB0309A368074616467D
:1025F00009F10105AB4232DB3846FFF72BFE002321
:10260000804600F114011A4653452BDB20692AEA63
:10261000EA7A04F1140316F01F0201EB8A0103EBBE
:10262000800C25D0C2F1200E00201E688A469640FC
:1026300030434AF8040B53F8040B9C4520FA0EF083
:1026400014D8486008B109F10205013D3846C8F8C0
:1026500010502146FFF732FE4046BDE8F0870131B9
:102660005B00C7E741F823200133CDE75146DCE7A3
:10267000043953F8042B41F8042F9C45F9D8E4E7BA
:1026800003690A699B1A30B50CD1920014301431D9
:102690008418114454F8045D51F8042D954203D078
:1026A00005D30123184630BDA042F3D3FAE74FF01B
:1026B000FF33F7E72DE9F0470D4607461146284658
:1026C0001446FFF7DDFF061E08D131463846FFF7F6
:1026D000C1FD0123C0E90436BDE8F087A4BF23464D
:1026E0002C4638466168A6BF1D4600260126FFF726
:1026F000B1FD2B69C660266905F1140904F11402C5
:1027000002EB860709EB830800F114054FF0000E79
:1027100052F804AB59F8044B1EFA8AF1A3B2C91A55
:10272000230CC3EB1A4303EB214389B24FEA234E38
:10273000C84541EA0343944645F8043BE8D8BC4504
:1027400004D355F8043D83B10661C5E75CF8041B6A
:102750001EFA81F31A1402EB11429BB243EA0243C0
:102760004FEA224E45F8043BE9E7013EE9E72DE94F
:10277000F7430E46012159EC108B1546FFF76AFD11
:10278000C9F30A540746C9F3130334BB0193B8F1E4
:10279000000327D002A840F8083DFFF700FE00998B
:1027A000F0B1019AC0F1200302FA03F30B43C240D7
:1027B0007B610192019BBB61002B14BF02210121AF
:1027C0003961C4B1A4F2334404443460C0F135002B
:1027D0002860384603B0BDE8F08343F48013D5E7A2
:1027E0007961E7E701A8FFF7DAFD019B7B61012131
:1027F00039612030E5E707EB8103A0F23240306019
:102800001869FFF7ADFDC0EB4110E1E7F8B50746E9
:1028100014460E4621B91146BDE8F840FDF7A4BBA9
:1028200022B9FDF753FB25462846F8BD00F0DCF938
:10283000A0420FD221463846FDF796FB05460028F8
:10284000F2D031462246FDF706FB31463846FDF709
:102850003DFBE9E73546E7E72DE9F0478E689E4204
:1028600082460C469046994637D88A8912F4906F72
:1028700031D0256809696F1A6569022305EB4505A2
:1028800095FBF3F509F101033B449D4238BF1D461A
:10289000530530D52946FDF767FB064650B90C2392
:1028A000CAF80030A38943F04003A3814FF0FF3002
:1028B000BDE8F0873A462169FDF7CDFAA38923F4F4
:1028C000906343F08003A381266165613E44ED1B64
:1028D0002660A5604E464E4500D94E4632464146DA
:1028E0002068FDF7C3FAA3689B1BA36023681E44FE
:1028F00026600020DCE72A46FFF788FF064600280E
:10290000E2D121695046FDF7E1FAC8E72DE9F04F21
:102910009DB0804603938B891D060C4616460FD545
:102920000B696BB94021FDF71FFB2060206128B9BE
:102930000C23C8F800304FF0FF30C7E0402363613C
:102940000023099320238DF8293030238DF82A3075
:102950004FF0010B37463D4615F8013B0BB1252BD7
:102960003ED1B7EB060A0BD05346324621464046CD
:10297000FFF772FF013000F0A480099B53440993D4
:102980003B78002B00F09D8000234FF0FF32CDE913
:102990000523049307938DF853301A932F4605228D
:1029A00017F8011B4F48FFF703FC049BD0B9D90669
:1029B00044BF20228DF853201A0744BF2B228DF8E4
:1029C00053202A782A2A15D0079A2F4600200A2554
:1029D000394611F8013B303B092B4DD9B8B10FE016
:1029E0002F46B8E73F4A801A0BFA00F018430490CC
:1029F0003D46D3E7039A111D12680391002A01DBBB
:102A0000079204E0524243F00203079204933B789A
:102A10002E2B0CD17B782A2B33D1039B1A1D1B68DC
:102A20000392002BB8BF4FF0FF33023705932E4DB2
:102A3000397803222846FFF7BBFB38B14023401BFF
:102A400003FA00F0049B03430137049339782748C5
:102A50008DF8281006227E1CFFF7AAFB002838D02C
:102A6000234B13BB039B073323F007030833039364
:102A7000099B4B4409936DE705FB023201200F4689
:102A8000A6E700230137059319460A25384610F8B2
:102A9000012B303A092A03D9002BC8D00591C6E78B
:102AA00005FB012101230746F0E703AB0093224613
:102AB000104B04A94046FDF783FCB0F1FF3F81466F
:102AC000D6D1A3895B063FF536AF09981DB0BDE8A6
:102AD000F08F03AB00932246064B04A94046FDF756
:102AE00025FFEAE702860500088605000C8605003A
:102AF000C10305005928050038B5074C05460846AE
:102B00001146002222601A4600F0CEF8431C02D182
:102B1000236803B12B6038BD5CA500201F2938B5A0
:102B200004460D4604D9162303604FF0FF3038BD2C
:102B3000426C12B152F821304BB9204600F030F807
:102B40002A4601462046BDE8384000F017B8012B60
:102B50000AD0591C03D1162303600120E7E70024A3
:102B600042F82540284698470020E0E7024B0146FE
:102B70001868FFF7D3BF00BF7C61002038B5074C51
:102B80000023054608461146236000F07DF8431CEB
:102B900002D1236803B12B6038BD00BF5CA50020C3
:102BA00000F062B838B5074C0023054608461146C8
:102BB000236000F051F8431C02D1236803B12B605D
:102BC00038BD00BF5CA5002038B5064C0023054683
:102BD0000846236000F050F8431C02D1236803B17B
:102BE0002B6038BD5CA5002051F8043C181F002B59
:102BF000BCBF0B58C01870474FEA410212F50012D3
:102C000015D211D56FF47873B3EB625212D94FEA33
:102C1000C12343F0004343EA505311F0004F23FA1D
:102C200002F018BF404270474FF00000704750EA72
:102C3000013005D111F0004008BF6FF0004070472F
:102C40004FF00000704700BF024B58221A604FF04F
:102C5000FF3070475CA50020024B58221A604FF0ED
:102C6000FF3070475CA50020024B58221A604FF0DD
:102C7000FF3070475CA50020024B58221A600020EC
:102C8000704700BF5CA50020024B58221A604FF02D
:102C9000FF3070475CA50020024B58221A604FF0AD
:102CA000FF3070475CA50020024B58221A604FF09D
:102CB000FF3070475CA50020FEE700BFF8B500BFFD
:102CC000F8BC08BC9E467047F8B500BFF8BC08BC0D
:102CD0009E46704754696E79555342205365726918
:102CE000616C00000000000000000000316502007F
:102CF00089630200796302006D630200F1620200E1
:102D00003D63020011630200D1630200F0FFFFFF88
:102D100000000000296502001201000200000040CE
:102D20009A23298000010102030100000902090021
:102D3000000100A032000000303132333435363724
:102D4000383941424344454641646166727569744D
:102D50000000000046656174686572206E52463559
:102D6000323834302045787072657373000000008B
:102D70004D6173732053746F7261676500000000CA
:102D8000312E30007573626400000000050F3900B9
:102D9000021810050038B60834A909A0478BFDA019
:102DA000768815B665000101011C100500DF60DDA5
:102DB000D88945C74C9CD2659D9E648A9F000003BC
:102DC00006B20002000103000000000019700200BA
:102DD000A9700200D57002001D7102002972020064
:102DE000FD7202000000000000000000757D02007E
:102DF00000000000857D0200957D02002D7E02000E
:102E00007D7F02000000000000000000B574020099
:102E1000CD740200D1740200E9740200B1750200A1
:102E2000D97702000000000000000000758C02004D
:102E3000998C02009D8C0200C18C0200E98D020079
:102E4000699502000000000000000000997802006F
:102E500009790200357902005D790200917A020059
:102E6000957A020000000000000000004D8602007C
:102E7000A5860200C1860200E58602003D6D0200C3
:102E80001D880200000000005F757362645F71645A
:102E900065660000000000000000000029CC020070
:102EA00039CE0200996A0200EDCB0200000000005A
:102EB0000000000029CC020039CE0200996A02000D
:102EC000EDCB02000000000000000000F1CB02008A
:102ED000F5CB0200F9CB0200FDCB020001CC0200D1
:102EE0002D2D3A2D2D2D2D202D2D2F2D2D2F2D2D0E
:102EF00000000000000000000102000002000100CC
:102F000031323334353637382D313233342D313296
:102F100033342D313233342D313233343536373882
:102F2000396162630000000031323334353637389E
:102F30002D313233342D313233342D313233342D7F
:102F400031323334353637383961623100000000B0
:102F5000414D0000504D0000256425250000000073
:102F600025643A2530327525732025752F2530329A
:102F7000752F253032750000736E6F777665726C31
:102F800061790000696E697469616C697A696E675C
:102F90002E2E2E004E0000004E5700004E45000021
:102FA0004500000053450000530000005357000047
:102FB000570000004C6F77004D6F64657261746557
:102FC00000000000486967680000000056657279DB
:102FD000204869676800000045787472656D650077
:102FE0007B226C61223A252E35662C226C6F223AA8
:102FF000252E35662C227370223A252E31662C221E
:103000006678223A25642C2268223A25752C226D96
:10301000223A25752C226D6F223A25752C226422C6
:103020003A25752C2279223A25752C22746D223A84
:10303000252E31662C226875223A252E31662C22E7
:103040007072223A252E31662C226761223A252E93
:1030500031662C227576223A252E31662C22616348
:10306000223A252E32662C226864223A252E3166B9
:103070002C226274223A25647D0000004C61743A6F
:1030800020253033752E2530356C752025630000E2
:103090004C6F6E3A20253033752E2530356C7520F7
:1030A000256300004C6F636174696E672E2E2E00DD
:1030B0005370643A20252E3166206D706800000040
:1030C0005370643A204C6F636174696E672E2E2EC4
:1030D00000000000416363656C3A20252E326620B3
:1030E0006D2F733200000000416363656C3A202D40
:1030F0002D000000252E3066B02025730000000052
:1031000048656164696E673A2025730054656D7087
:103110003A20252E316646202F20252E3166430089
:10312000507265733A20252E316620685061000088
:1031300054656D703A202D2D0000000050726573AB
:103140003A202D2D0000000055563A20252E3166DC
:103150002C205269736B3A20257300000000000098
:103160000000000081E10200A9E10200996A02006A
:1031700065E1020069E1020071E1020079E102000B
:103180000102030000000000000000000000000039
:103190000338FDD870470000BF0002020303020499
:1031A00004040600FF05FF05FF00E901D3058E209A
:1031B0000580CD002106E9C8AC00220693CB24157A
:1031C000230AACC8A434541A2A012409B3C7A5A100
:1031D000474A002508ABC864D446012609ACC8C5D7
:1031E00014AB98022705D1CB082807F2C7A96600BF
:1031F0002908B2C7C45429002A07ABC8A46A352BD2
:1032000008ABC8C5B462022C0692C729002D058BF5
:10321000CA0C2E05C9C8042F07ABC8566504300870
:10322000ABC8554355003107ABC825590D3207AB24
:10323000C835531A3308ABC8CC9417003408ABC850
:10324000243562013508ABC88CA817003607ABC817
:103250004DD5023708ABC8CC5446003807ABC8ADD3
:10326000D6023907ABC8B5E4023A06E1C8C4003B50
:1032700007AAC765A8003C07ABC8A6BA003D069BD5
:10328000C9EC013E07ABC8E4AA043F08ABC8E89408
:1032900061024006ABC82D5B4108ABC85543A9008D
:1032A0004208ABC8A8B4D2024308ABC85532550097
:1032B0004408ABC8A8642D004508ABC88CA8E20040
:1032C0004608ABC88CA862044708ABC8CDA49200DE
:1032D0004808ABC82435940A4907ABC8AC580D4A16
:1032E00007ABC896AA024B08ABC824B5920A4C0794
:1032F000ABC8C4E6004D08ABC8A431940A4E08AB75
:10330000C8AAA124004F07ABC85556055008ABC842
:10331000A8B462045107B3C755561D5208ABC8A8DC
:10332000B4920A5307ABC8EDBC005407ABC8ACD885
:10333000025507ABC824D7085608ABC8246BA404B1
:103340005708ABC82435860A5808ABC824D55201A3
:103350005908ABC8245556005A07ABC8CC540E5B6D
:1033600006EAC8AC4A5C07ABC8C45C065D06AAC8DE
:10337000A86A5E0593CB355F058BC70C6006D2CB80
:10338000C4006107A3C82D95046208ABC84495D456
:10339000026306A3C8CD2C6408ABC8A6A59200653D
:1033A00006A3C855536608ABC8A6B462026708AB4B
:1033B000C7AD2417006808ABC84495AC006908ABDA
:1033C000C86524D3006A08B3C766582E006B08ABE3
:1033D000C8C4B4920A6C07ABC8C8D6006D08A3C8AD
:1033E000A4A154006E07A3C8A864056F07A3C8551D
:1033F000AA027008ABC7A8B462047108ABC72D95C8
:1034000064007208A3C8A41523007307A3C88DBC69
:10341000007408ABC8A51573007507A3C8242B0951
:103420007607A3C824AB027708A3C82435540078D4
:1034300007A3C8A432157908ABC72495E4027A071C
:10344000A3C8CC94067B08B3C7A624EB007C06E98E
:10345000C80C017D09B3C7E4A8628A007E0794CB3B
:10346000259500A00580CD00A106E9C8A401A20809
:10347000ABC8A5115702A307ABC8A6A81AA408A4F5
:10348000C8C424550CA508ABC8A46AC504A606E99F
:10349000C82801A708B3C78D54C905A8068BCCA4BA
:1034A00000A909B4C7A9B8964C0AAA07ABC8ADA42D
:1034B00007AB089CC925155300AC0693C9CC00ADD9
:1034C000058BCA0CAE08A4C9A9B19202AF058BCC7A
:1034D0000CB0069BCA7501B108ABC8A595D100B266
:1034E00006A2C92803B307AAC828A900B406D2CBEC
:1034F0002900B508ABC7246B4500B607ACC80DB5AD
:103500007AB705C9CA04B806D2C82900B906A2C943
:10351000AD02BA07ABC875A301BB089CC9A49854F7
:1035200002BC08B4C7E41A553BBD08B4C7E44AC797
:103530002CBE09B4C7E89851B203BF08ABC8659860
:10354000B200C008ABC8E494860AC108ABC8A66A3A
:10355000A800C208ABC8C894860AC308ABC88D943B
:10356000860AC408ABC8A4D65001C508ABC8C59428
:10357000860AC609ACC88D9486AA04C708B3C75585
:10358000323501C808ABC8C4A1E200C907ABC88E78
:103590001507CA08ABC88D91E200CB08ABC8A4B12F
:1035A000E200CC08ABC8C415D300CD08ABC88E145C
:1035B000D300CE08ABC8A515D300CF07ABC8A4B2C3
:1035C0001AD009ACC8CCB4AA9100D108ACC82595D2
:1035D000AE0AD208ABC8E4945405D308ABC8A64AD7
:1035E0005500D408ABC8C5945405D508ACC88DD5D2
:1035F0001901D608ABC8A496AA00D7069BC9A40E89
:10360000D807ABC81D6A01D908ABC8E494D408DA5E
:1036100008ABC8A64A8D00DB08ABC86594D408DCAB
:1036200008ABC8A49CD408DD08ABC8E6542600DE6D
:1036300008ABC844955604DF08B3C7552B0D09E005
:1036400008ABC8E4B89200E108ABC8A6B89200E2A3
:1036500008ABC869B49200E309ACC8251555A900A8
:10366000E408ABC8A48C5612E508ABC865B8920054
:10367000E608A4C88DB4E200E708ABC7555A250098
:10368000E808ABC8E494A600E907ABC8A66A0AEA52
:1036900008ABC8C894A600EB07ABC8A4D614EC07C7
:1036A000ABC8E4580DED06ABC8CE6AEE07ABC875E3
:1036B000A601EF08ABC8A42CD300F008ABC8A472D5
:1036C0005500F109ACC82595646A01F208ABC8E45D
:1036D000985A00F308ABC8A6985A00F408ABC8651E
:1036E000985A00F507ABC86CD405F608ABC8A48C93
:1036F000BA00F708ABC865B45102F807A3C82DB5E6
:1037000000F908ABC8E4945412FA08ABC8A64A25DD
:1037100001FB08ABC865945412FC08ABC8A49C54C8
:1037200012FD08B3C7A66AC405FE09B3C7C4A8D270
:103730008A00FF09B3C7A49C465C0000000004FF98
:10374000FF000000BF00020203030304040507009A
:10375000FF06FF0600010A0216062F200500BD0124
:103760002106B1B1192922075BB7495600230A2D5A
:10377000B1AB86AA86AA0024092DB15BF54E69017A
:10378000250834B1C9B1770026092CB18B295631EF
:1037900005270599B719280772B153CD002908727A
:1037A000B189A952002A076BB149D56A2B0A2DB1FC
:1037B000CD280E9951042C075BAF5325002D060C24
:1037C000B519012E0652B119012F0724B38F6D00D0
:1037D000300873B1AB5C1500310773B14BB23532B1
:1037E0000934B15331C77204330A34B11939692429
:1037F0009302340A34B18DAA1A312700350A34B144
:10380000197A23991400360A34B153794599140072
:10381000370A34B11939E6982300380A34B15331E4
:10382000A9289302390A34B15351A69D14003A07CE
:103830006AB11971043B0833AFB3912A013C076B9D
:10384000B14D75013D081CB319198D003E076BB1D0
:10385000C955093F0973B16BA60C1300400934B177
:103860005351DD4801410934B153518E2903420AB5
:1038700034B15971A4284702430934B153519749CF
:1038800001440934B159D1391200450934B1197ACA
:10389000E53C02460834B1197AE51A470934B153B8
:1038A00051A79906480834B189724C33490773B15E
:1038B00059B1354A0834B16FCBA4004B0A34B189F1
:1038C0002A4999CA004C0734B1C9DD234D0934B1E6
:1038D00089E38866004E0834B1896BA9334F0934F7
:1038E000B153D1991400500A34B159518E94330018
:1038F000510A3CAF53D15C49A300520934B159512C
:103900008ED40C530A34B1533165542605540773D1
:10391000B159B10B550834B1899E4901560934B1EA
:1039200089CE241500570934B189E6386200580A57
:1039300034B1893249156500590873B149565901A6
:103940005A0934B11939B647005B0773B119B13957
:103950005C0924B3C928A38C025D0773B199CD110A
:103960005E0553B96B5F060CB11901600652B98947
:1039700001610824B11B51A902620A34B1C9794519
:10398000391200630623B19B59640834B1AF4694E1
:1039900069650824B153696405660934B1ADCA99F3
:1039A000230067092CAF1B31A98C06680834B1C904
:1039B000794533690873B1CB4856036A097BAFCDAB
:1039C000B05415006B0934B1C95592A90C6C07733A
:1039D000B1915D036D0824B1496948196E0724B19E
:1039E00059D10C6F0824B15351260570092CAF59D9
:1039F000518E940171082CAF1B51A61D720824B181
:103A000059516700730824B11B1A0D05740934B1AC
:103A1000CB71E68C04750724B189661A760763B109
:103A2000495605770724B189721C780824B1894961
:103A3000AA1879092CAF89329525007A0824B11982
:103A4000B11C017B0873B14D49D6017C05B1B13978
:103A50007D0973B1C951C514017E0714B94B2A0100
:103A6000A00500BD01A106B1B14923A20934AF8D63
:103A700023356702A3082CB155715602A40A2DB153
:103A8000C969A6B87200A50973B149AA5A3101A63D
:103A900006A9B15102A7087BAF9BAA920BA8064BBF
:103AA000BB4901A90B3DAF5B59A5A9924E0BAA06D4
:103AB0001BB75B49AB071DB38BB201AC0614B3193E
:103AC00039AD054BB519AE0B3DAF5B79A439755ACD
:103AD00000AF060CBB1901B0065BB7EB02B10B35AA
:103AE000B1CD280E99511C02B20662B55106B3063B
:103AF00062B51969B40652B95300B5082CAF89E60E
:103B00004819B60834B11B6AF503B70652B5190156
:103B1000B80652AF5300B90763B54B320DBA061B56
:103B2000B7EB02BB081DB389A54C00BC093CAFC96B
:103B3000CDA87600BD093CAFC92D1DB300BE0A3C1F
:103B4000AF913AAAA87600BF0973B1CB30C5540132
:103B5000C00934B153518E2903C10934B153518E78
:103B60002903C20934B153518E2903C30934B15317
:103B7000518E2903C40A34B18949C5316500C5098C
:103B800034B1932A8E2903C60934B11BA91AAA2578
:103B9000C70A3CAF535197494600C80934B1197A56
:103BA000E53C02C90934B1197AE53C02CA0934B1CD
:103BB000197AE53C02CB0934B1197AE53C02CC070D
:103BC00073B159B135CD0773B159B135CE0773B162
:103BD00059B135CF0773B159B135D00934B19969AD
:103BE000758D04D10834B14973A933D20934B15366
:103BF000D1991400D30934B153D1991400D40934A4
:103C0000B153D1991400D50934B153D1991400D6C8
:103C10000A34B1894945332900D70824B18949AA12
:103C200018D80934B11BE9484702D90834B1899E34
:103C30004901DA0834B1899E4901DB0834B1899E13
:103C40004901DC0A34B1891945332900DD0873B113
:103C500049565901DE0A34B1C92B8E943300DF096D
:103C600034B15351955602E00A34B1CB288EA85492
:103C700001E10934B1AD4754AA00E20934B1ADD233
:103C8000884A15E30A34B14B2A8EA85401E409345A
:103C9000B1ABE1884A15E50934B1937244A50AE64F
:103CA0000824B11B69C501E7086BAF9B592500E8E3
:103CB0000A34B1CB28AA34B202E90934B1AD551A9D
:103CC0005901EA0A34B18B29AA34B202EB0A34B1A1
:103CD0004919AB34B202EC0873B1C9495603ED0778
:103CE00073B12B6535EE0773B1AB6635EF0873B171
:103CF00049595603F00A34B1CBC88A322900F10978
:103D000034B14B2AAD6806F20A34B1CB28AA289305
:103D100002F30934B1AD55944901F40A34B1D358D2
:103D200045991400F50A34B14B2AAA289302F60AE1
:103D300034B1ABA18A322900F7092CB1D37064A841
:103D400000F80924B11B69A49100F90934B1CBA88A
:103D500034D300FA0734B16D9A69FB0834B1D3301B
:103D60009A69FC0934B1AB5134D300FD093CAF6D05
:103D7000CA549600FE0A34AFC92BCA913200FF0A1A
:103D80003CAFAB5194A92C0100000004FFFF0000E0
:103D9000BF00030304040305051012FEFD0BFD0B19
:103DA000FE01C004400D012005008C142109B285DC
:103DB00014074ACC00220843BD15112D012316A774
:103DC000847891602418099922C148C81409468250
:103DD0009118002417D77C78C18A24328A5062C493
:103DE000222D42094D2292620C00251FBC845DC227
:103DF000A084284A1445A292505814138724C190D5
:103E0000281812C56292605004261ABC847D7491F1
:103E1000582416C521730869141A856434E188563C
:103E20002A8900270641BD1304280DD47475A1907A
:103E300028A4B7982C18290ED47415C1982C26D212
:103E400029244A032A0B55B4562929934C21002BC7
:103E50000B778C78E1B45B380D002C085275141682
:103E600009002D07249C1587002E06328514062F85
:103E70000DB48475996249B1A4580C00300DB78413
:103E80005833891ABF49D446003109B58558129A6A
:103E9000FE44320DB7843824514DAAA8DBE110331B
:103EA00010B7843824514D2A9491A534D284043417
:103EB00011B78498C2B5882C220A894292A354482B
:103EC0003511B784389652386524994A69A409098E
:103ED000003610B7845824118D2A59A9B19524248D
:103EE00000370FB784180FC1484C2A942A4AD500CE
:103EF0003811B78438A4118D6689912236A6110530
:103F0000003910B7845814518DADB222A5914424C4
:103F1000003A0772851426033B09927514268B0418
:103F2000003C0A778CD8C1D1F272003D07379C184B
:103F3000F7033E0A778C18E14D8B61003F0EB68483
:103F40003714114928538C033501401DBD849ED67A
:103F5000E14836922849482A149188229268992883
:103F600049867248EC20024117BA849B72883C2231
:103F70008E8843D1983026B4454551C98C004215EE
:103F8000B9841A3725994826523B0925428950227F
:103F90003B8C004317BA847B95C850229ECF217278
:103FA000881C22078923435909004419BB841C87B4
:103FB000A07024158925628958229688255291700F
:103FC0007288014517B9841A078950228D88524496
:103FD000C1A228284A91468407024616B9841A07C6
:103FE0008950228D885244C1A228280ACAC554008B
:103FF0004718BB847C95D050248EC82372901C2413
:104000003C8BA4A2D99014014818BB841C348A5458
:104010002415494552D14124154945529154422312
:104020004909B485171491FE424A0EB7847944A910
:104030005E44129124B4064B17BB841C2492302892
:104040008B8AC292785932150D6533E184544C0E37
:10405000B9841A64B9BE46A411E181004D24BD841F
:104060001E54CA74341D456411514416114564111F
:104070005148121285242151481212C55446220279
:104080004E1CBB841CD3C934440C4566A1902C142F
:1040900013A54D4241527414968C23004F12BB84D9
:1040A0007CC5D9482A91F32E918A66C31A00501212
:1040B000B9841A87906C22940825B2894DAE990A6A
:1040C0005119EB6C7CC5D9482A91F332938824A20C
:1040D00011B10E128527F109005217BB841C87A06D
:1040E0006C269409658A5699502654134A6A13001F
:1040F0005312B9845A94C84C228D482364E73191F5
:1041000052025416BA841B879268A62D2887C821AC
:1041100072881C2287C869005518BB841CC4893862
:10412000240E8943E29038240E8943E298305A03E2
:104130005618BA841BB48934248DC982B2A02C2AA3
:10414000094BC292B81C22045724BD841E14CA44D1
:10415000260BC96421992C268948829288242889B3
:1041600048829288242A13CBC43219005817BB8482
:104170001C25CA50268C8AE292F83C220F498332D1
:10418000E184545917BA841BB48934260BCAA2920D
:10419000B0242E87C82172889C065A0FB8841987CC
:1041A000E19036D53A230E0F035B09D4741526FD32
:1041B00027025C0FB68417D170341C0D47C3D17031
:1041C000005D09D4741524FD27035E0F77A478E100
:1041D000E830129388621199005F06177417076020
:1041E0000834C516326100610E78845934915856EE
:1041F0009149442B036213B9841A735D6623458980
:10420000502294C844111200630E77845824118DF3
:104210002A8C884414006413B984BA736D139168AE
:10422000229408254291683619650E788459349194
:104230004478A8CB441500660DB6845623896E25B4
:10424000A16E24006710B76CB8928A8C26A9844DA1
:1042500057A1A4026811B9841A735D662335914C85
:104260002413C9240C690AA4843522E9482F046A5E
:104270000CD56A75EA337DA34826006B11B8841902
:10428000639D262215195122134946036C09B484F3
:104290001523FD0B016D127E841F93D16C34525394
:1042A0009229C994642A1C6E1079841A93D9484DB6
:1042B0002413C9443209036F0E788459349144C8D9
:1042C0002811C948007013A96C1A93D94851229437
:1042D00008252395995C4C057113A96C5994906835
:1042E0002294082542916836912B13720B7784171C
:1042F0009315558D3400730A7684373722DB050019
:10430000740FA68456D1A0AC24D414118526007550
:104310001179841AA3914C2413C944329168361937
:10432000761078831794892C248B498292A858069A
:1043300077187D831C14CA44260BC9643149441282
:104340009444245199582603780F788419A38948F6
:104350004695D26292D1007914A86B1794892C24C7
:104360008B498292A8581C9404A7007A0876841777
:1043700037BD1D7B0DD57476A298B6D4A04C312ADA
:104380007C07B1871807027D0FD57416D2A04C3177
:104390001A8B690BC9007E0927A43813CA0400A030
:1043A00005008C14A109B26D15B6C88100A2119741
:1043B0007CB83192A4548949429189881604A3118A
:1043C000B88479C390AE46B1383A941C221400A444
:1043D000118894192151C4A422244A44224B481420
:1043E000A515BA841BB48934260BCAA292B0246ADC
:1043F000169BE53400A607B18718A402A713D6744C
:1044000057238924241152424D116289141A01A89C
:104410000825C517128A00A919BB849C63992C1E14
:104420000A519244215158244A098DD263CA43004B
:10443000AA0B75A41643D124A2B500AB0B578C5818
:1044400012BD49641201AC07479418E70CAD07246C
:104450009C158700AE1BBB849C63992C1E8A9022FE
:10446000B150483693456291884A281E531E02AFC8
:104470000615C51705B00A44BD369290282201B131
:104480000B778C78E1D82D1C871DB20A65AB35936C
:10449000904CA454B30B65AB359390E2483201B411
:1044A0000934C55612490C00B516A96C1A94914CE2
:1044B0002413C9443291684499C421723100B6175B
:1044C000B9843A078BA422A9482A228A5022940848
:1044D000254289EC00B70622A51504B807336D35CF
:1044E0003102B90964AC3592911602BA0A75A43644
:1044F00013098B645CBB0C578C1812994426D1139A
:1045000000BC1BBB843CC2D84C288B8AA4A2A849FF
:104510001A1A4A22C248482631452500BD18BB84D4
:104520003CC2D84C288B8AA4A2A8651A09C984B2B7
:10453000A04C3156BE1DBC833CC358485516970845
:104540004392F044240E4D251169242494D8A212DC
:1045500000BF0FB66C5742756050A628224928004C
:10456000C01CFA845B72901C16479443E41171449A
:104570001C8AC68431A12D2A8A4A6604C11AFA848B
:10458000DB72791C550E9147C41171281A13C68429
:10459000B6A8282A9911C21CFA84BB71C8381647DC
:1045A0009243E41171441C8AC68431A12D2A8A4A9F
:1045B0006604C31BEA847B9360648E2687C823E26B
:1045C0008838148D0963425B541495CC08C41AEAE8
:1045D000845B8A2239921C228F8823E25034268CF5
:1045E000096D5151543223C51BFA849BF2505C8EE5
:1045F0002887C823E28838148D0963425B541495D8
:10460000CC08C61EBF839F076A44288D488321516A
:104610006248148E954DD1A028A3341215D60E02EF
:10462000C71AEA6C7B95C850229ECF2172881C2243
:1046300007892343593D0E8BCF00C81CF9847A7239
:10464000881C14071E24428934224A11058BA2A01B
:1046500028451A111E08C91AF984DACA71F04122D4
:10466000944823A21451B0280A8A52A411E181006F
:10467000CA1BF984BAF1692C0E3B48841269449430
:10468000220A164541518A34223C10CB1AE9845A39
:104690006A2239EC20114AA411518A285814054580
:1046A00029D288F040CC0CF4851732619022D25F79
:1046B00008CD0EF5857722511C4292E94F1400CEA9
:1046C0000EF58557B1492C4A92E94F1400CF0DE6FB
:1046D000841722929C26D4DF2800D018BB841C8724
:1046E000A07024158925E2A3442C114BA422E1E4F7
:1046F0001003D120EB849C9368640E9F4EA6216228
:1047000028320B8564A198286D120A92A2A3B06486
:104710001C01D217FB847C72981C18472CCE465281
:10472000899C778954341BD600D318FB84FC10393C
:10473000440E8923166723A944CEBB442A9A0D6BE5
:1047400000D417FB84BC71D03C16472BCE4652894F
:104750009C778954341BD600D516EB849C936864EF
:104760008E569C8DA41239EF12A96836AC01D6166C
:10477000EB847C22A9488E549C8DA41239EF12A997
:104780006836AC01D70F788C184289484695D244D8
:1047900012A100D81ABB847CA5C86C24954823C4F8
:1047A000102D460A52A212A9683609D500D91EFB5F
:1047B000849C72981C18871327E29038240E894332
:1047C000E29038240E8963C2680D00DA1EFB84FC77
:1047D00072881C1247224EC42171481C1287C421C2
:1047E00071481C12C784D11A00DB1EFB84BC71D037
:1047F0003C16871327E29038240E8943E290382430
:104800000E8963C2680D00DC1DEB847C22A9480E72
:10481000264EC42171481C1287C42171481C12C73E
:1048200084D11A00DD1AFA84FBEA71386D228DC931
:1048300082B2A8242C89CB2172881C22A701DE1306
:10484000B9841A64F94936114A8412D9C426175317
:1048500001DF17B88479B4984426918524325948E9
:104860002691496412596502E012B88459723924BC
:104870000EA589C4B28A4C225A19E112B884995201
:10488000691C852612CB2A3289686500E212B88439
:1048900079E1A1440EA589C4B28A4C225A19E312C7
:1048A000A884599258440EA689C4B28A4C225A1937
:1048B000E412A884396A1239942612CB2A32896804
:1048C0006500E512B88479D250540EA689C4B28A24
:1048D0004C225A19E6137D845E239A6824168A0EA8
:1048E00036B16C26215500E710A76C5824118D2A8B
:1048F0008C8844C4787004E812B884597239240E44
:10490000A58924C2435D26AA00E911B88499526999
:104910001C852692080F7599A802EA12B88479E1DD
:10492000A1440EA58924C2435D26AA00EB11A884E8
:10493000396A1239942692080F7599A802EC0BB4C3
:104940008415326170A41702ED0BB4845512497CB2
:10495000A41702EE0CB58455B189EA4C4F1400EF50
:104960000CA58415128A74A6270A00F012B88419BF
:1049700032D99016139654848C12918C04F114A998
:10498000847A9260440E9DCC466A229948269249C8
:1049900018F212B884597239240EA5892442468926
:1049A000484602F312B8849952691C852692081968
:1049B0002522190900F412B88479E1A1440EA589D1
:1049C00024424689484602F512A884599258440E5A
:1049D000A68924424689484602F612A884396A12FA
:1049E0003994269208192522190900F70D788C7838
:1049F0006239F010078A6500F813987CD9319A64FF
:104A0000228A504294904424A38501F917B9845A0C
:104A100072881C1487522832914C2413C944A2D99D
:104A20006400FA14B9849A62711C854526928964DF
:104A3000229948349B0CFB16B9849AF1A9440EA420
:104A4000506422994826928944B3C900FC16A9846F
:104A50005A12A1440EA4506422994826928944B364
:104A6000C900FD17E86BB7AA712865220BC96292CD
:104A7000A0242A160725C12900FE15E96C1A735DCA
:104A8000662345895022948C546672311500FF18B4
:104A9000D86B571299440EA24C6421594C1294447D
:104AA000C5E2A024380500000004FFFF000000005C
:104AB000B9F8020011F80200CDF702001815AE1582
:104AC000D516A015401520160215A115C815DA1621
:104AD000121581166F15D916D315DB1620152E1554
:104AE000A415A619FF0000001815A115C819FF008C
:104AF0001815A015C019FF001815AF19FF00000008
:104B00001815AE19FF0000000001140A6464323267
:104B100000093D00000428961008020280004000B1
:104B2000000000000000000031FD020035FD020021
:104B300095FD020041FE020039FD02005DFD02000C
:104B40006DFD02007DFD0200E9FD02000000000095
:104B500000000000F1CB0200F5CB0200F9CB02000F
:104B6000FDCB020001CC0200B5620000FFFFFFFF99
:104B70000000000000000000FF000000FFFF000038
:104B80001F1031112010311121103111221031115B
:104B90000000000024103111251031110C590500BE
:104BA00014590500245905003059050038590500ED
:104BB00058590500685905007459050088590500C1
:104BC00098590500A8590500B4590500C4590500B5
:104BD000784F0500D859050070726F63657373557F
:104BE00042583A206175746F4C6F6F6B757020720C
:104BF000657475726E6564205A45524F206D6178F8
:104C00005061796C6F6164212120436C6173733A48
:104C1000203078002049443A2030780070726F6369
:104C20006573735542583A204E41434B2072656379
:104C300065697665643A205265717565737465645B
:104C400020436C6173733A20307800002052657104
:104C50007565737465642049443A2030780000001B
:104C600070726F636573735542583A20696E636F53
:104C70006D696E6720226175746F6D61746963225E
:104C8000206D6573736167653A20436C6173733A95
:104C900020307800496E636F6D696E673A20536902
:104CA0007A653A20000000002052656365697665E8
:104CB000643A20007061636B6574436667206E6FB1
:104CC000772076616C6964007061636B6574416321
:104CD0006B206E6F772076616C6964007061636B26
:104CE000657443666720636C617373416E64494405
:104CF0006D617463680000007061636B657441638B
:104D00006B20636C617373416E6449446D617463BD
:104D100068000000436865636B73756D20666169A8
:104D20006C65643A0000000020636865636B73750E
:104D30006D413A200000000020636865636B737565
:104D40006D423A200000000020726F6C6C696E6743
:104D5000436865636B73756D413A200020726F6C18
:104D60006C696E67436865636B73756D423A2000CA
:104D700070726F636573735542583A206275666648
:104D80006572206F76657272756E206465746563F6
:104D9000746564210000000070726F636573735561
:104DA00042583A20636F756E74657220686974208A
:104DB0006D6178696D756D5F7061796C6F61645F4D
:104DC00073697A65202B203621000000206163740E
:104DD0006976655061636B65744275666665723AA3
:104DE00020000000206D6178696D756D5F706179DC
:104DF0006C6F61645F73697A653A2000696E6974EB
:104E000053746F726167654E4D45413A2052414D72
:104E100020616C6C6F63206661696C6564210000C1
:104E2000434C533A000000004E41560041434B00B2
:104E3000434647004D4F4E002049443A00000000D1
:104E4000505654005341564500000000204C656EFA
:104E50003A20307800000000205061796C6F616466
:104E60003A000000205061796C6F61643A20494734
:104E70004E4F5245440000000A53656E64696E67E8
:104E80003A20000053656E642049324320436F6D21
:104E90006D616E64206661696C65640073656E6443
:104EA000436F6D6D616E643A2057616974696E6716
:104EB00020666F722041434B20726573706F6E7372
:104EC0006500000073656E64436F6D6D616E643ADA
:104ED0002057616974696E6720666F72204E6F207B
:104EE00041434B20726573706F6E73650000000064
:104EF0007370695472616E736665723A207370697B
:104F00004275666665722069732066756C6C210057
:104F100073746F72655061636B65743A2066696C77
:104F20006520627566666572206E6F7420617661B9
:104F3000696C61626C65210073746F7265506163A6
:104F40006B65743A20696E73756666696369656E30
:104F50007420737061636520617661696C61626C55
:104F6000652120446174612077696C6C2062652042
:104F70006C6F737421000000556E6B6E6F776E203E
:104F80005374617475730000636865636B55626C7C
:104F90006F784932433A200020627974657320614A
:104FA0007661696C61626C6500000000636865632E
:104FB0006B55626C6F784932433A20627573206595
:104FC00072726F723F206279746573526574757284
:104FD0006E656420213D206279746573546F52655B
:104FE000616400004750474741000000474E474773
:104FF000410000004750565447000000474E5654A9
:10500000470000004750524D43000000474E524DAC
:105010004300000047505A4441000000474E5A44A4
:10502000410000004750475354000000474E47538B
:105030005400000073656E64537069436F6D6D6159
:105040006E643A206E6F206D656D6F727920616CB1
:105050006C6F636174696F6E20666F722053504984
:1050600020427566666572210000000073746F72DD
:105070006546696C6542797465733A2066696C654A
:1050800020627566666572206E6F74206176616954
:105090006C61626C6521000073746F726546696CA7
:1050A0006542797465733A20696E737566666963E3
:1050B00069656E7420737061636520617661696CE7
:1050C00061626C652120446174612077696C6C2099
:1050D0006265206C6F73742100000000637265616B
:1050E000746546696C654275666665723A205761FB
:1050F000726E696E672E2066696C654275666665BC
:105100007253697A65206973207A65726F2E204424
:10511000617461206C6F6767696E67206973206EC8
:105120006F7420706F737369626C652E00000000ED
:1051300063726561746546696C6542756666657221
:105140003A205761726E696E672E2046696C652041
:1051500062756666657220616C726561647920654E
:1051600078697374732E20536B697070696E672E43
:105170002E2E000063726561746546696C65427528
:10518000666665723A2066696C6542756666657228
:1051900053697A652069733A2000000070726F636A
:1051A0006573735542587061636B65743A20706122
:1051B000636B65745542584D474141434B206973B9
:1051C0002066756C6C2E2041434B2077696C6C20F7
:1051D0006265206C6F7374210000000070726F6351
:1051E0006573735542587061636B65743A207061E2
:1051F000636B65745542584D47414442442069737E
:105200002066756C6C2E20444244206461746120D9
:1052100077696C6C206265206C6F737421000000EC
:105220005542585F5345435F5349473A207472755E
:105230006E636174696E6720000000002063656E14
:10524000746572206672657175656E636965732039
:10525000746F200077616974466F7241434B5265E9
:1052600073706F6E73653A2076616C696420646157
:10527000746120616E642076616C69642041434BE7
:105280002072656365697665642061667465722065
:105290000000000077616974466F7241434B5265AC
:1052A00073706F6E73653A206E6F20646174612055
:1052B000616E642076616C69642041434B206166B5
:1052C000746572200000000077616974466F724156
:1052D000434B526573706F6E73653A2064617461FD
:1052E000206265696E67204F5645525752495454A3
:1052F000454E206166746572200000007761697414
:10530000466F7241434B526573706F6E73653A20FE
:10531000435243206661696C6564206166746572FE
:105320002000000077616974466F7241434B5265FB
:1053300073706F6E73653A20646174612077617376
:10534000204E4F5441434B4E4F574C4544474544E4
:1053500020284E41434B292061667465722000006D
:1053600077616974466F7241434B526573706F6E1B
:1053700073653A2056414C49442064617461206150
:105380006E6420494E56414C49442041434B2072A3
:1053900065636569766564206166746572200000E6
:1053A00077616974466F7241434B526573706F6EDB
:1053B00073653A20494E56414C49442064617461FA
:1053C00020616E6420494E56414C49442041434B74
:1053D0002072656365697665642061667465722014
:1053E0000000000077616974466F7241434B52655B
:1053F00073706F6E73653A2054494D454F55542074
:10540000776974682076616C6964206461746120D6
:105410006166746572200000206D7365632E200044
:1054200077616974466F7241434B526573706F6E5A
:1054300073653A2054494D454F5554206166746553
:1054400072200000206D7365632E0000776169741F
:10545000466F724E6F41434B526573706F6E73654A
:105460003A2076616C6964206461746120776974A4
:105470006820434C532F4944206D61746368206158
:105480006674657220000000206D73656300000083
:1054900077616974466F724E6F41434B526573700A
:1054A0006F6E73653A2064617461206265696E672E
:1054B000204F5645525752495454454E2061667408
:1054C0006572200077616974466F724E6F41434B7D
:1054D000526573706F6E73653A20434C532F494485
:1054E000206D6174636820627574206661696C6503
:1054F00064204352432061667465722000000000FE
:1055000077616974466F724E6F41434B5265737099
:105510006F6E73653A2054494D454F55542061666E
:105520007465722000000000206D7365632E204EAC
:105530006F207061636B6574207265636569766561
:10554000642E00007365745061636B657443666715
:105550005061796C6F616453697A653A205A65725B
:105560006F207061796C6F616453697A6521000006
:105570007365745061636B65744366675061796CE1
:105580006F616453697A653A207061636B65744337
:1055900066675061796C6F616453697A65203E205B
:1055A00073706942756666657253697A6521000099
:1055B000656E643A207468652066696C6520627562
:1055C0006666657220686173206265656E20646539
:1055D0006C657465642E20596F752077696C6C203A
:1055E0006E65656420746F2063616C6C20736574F4
:1055F00046696C6542756666657253697A652062B4
:1056000065666F7265202E626567696E20746F2013
:105610006372656174652061206E6577206F6E65C9
:105620002E000000626567696E2028535049293AB0
:10563000207370694275666665722073697A6520A9
:1056400069732000626567696E2028535049293AC2
:10565000207061636B65744366675061796C6F613C
:105660006453697A65203E20737069427566666589
:105670007253697A65210000626567696E3A206934
:1056800073436F6E6E6563746564202D207365636C
:105690006F6E6420617474656D7074006265676913
:1056A0006E3A206973436F6E6E6563746564202D76
:1056B00020746869726420617474656D7074000090
:1056C000626567696E3A20746869726420617474F7
:1056D000656D7074206661696C65642E204173731A
:1056E000756D696E6720737563636573732E2E2EF7
:1056F0000000000067657456616C206B65793A2084
:105700003078000067657456616C3A2073656E648A
:10571000436F6D6D616E642072657475726E656441
:105720003A20000070726F636573733A206175747C
:105730006F4C6F6F6B75702072657475726E6564F7
:10574000205A45524F206D61785061796C6F6164C9
:10575000212120436C6173733A20307800000000EF
:1057600070726F636573733A20696E636F6D696EF3
:105770006720226175746F6D6174696322206D65A5
:1057800073736167653A20436C6173733A203078B4
:1057900000000000206C6F674265636175736541AE
:1057A00075746F3A00000000206C6F67426563619A
:1057B000757365456E61626C65643A0070726F6303
:1057C0006573733A205A45524F204C454E47544812
:1057D000207061636B6574207265636569766564CA
:1057E0003A20436C6173733A2030780070726F63B3
:1057F0006573733A2041434B207265636569766532
:10580000642077697468202E6C656E20213D2032FB
:105810003A20436C6173733A20307800206C656ED7
:105820003A20000070726F636573733A204E4D45E5
:1058300041206275666665722069732066756C6CBE
:105840002100000070726F636573733A204E4D45FE
:105850004120636865636B73756D206661696C20B8
:105860002832292120457870656374656420000022
:1058700020476F742000000070726F636573733A85
:10588000204E4D454120636865636B73756D2066DE
:1058900061696C20283129210000000070726F635B
:1058A0006573733A205F73746F726167654E4D451F
:1058B0004120636865636B73756D206661696C2157
:1058C0000000000070726F636573733A2076616C3C
:1058D0006964205254434D206D6573736167652080
:1058E000747970653A2000005F00000070726F6389
:1058F0006573733A205254434D20636865636B733C
:10590000756D206661696C2100000000537563634A
:105910006573730047656E6572616C204661696CE2
:1059200075726500435243204661696C00000000B7
:1059300054696D656F757400436F6D6D616E6420A1
:105940006E6F742061636B6E6F776C6564676564FE
:1059500020284E41434B29004F7574206F662072FA
:10596000616E676500000000496E76616C696420B5
:1059700041726700496E76616C6964206F70657270
:105980006174696F6E0000004D656D6F727920451E
:1059900072726F7200000000486172647761726514
:1059A000204572726F720000446174612053656E0D
:1059B0007400000044617461205265636569766516
:1059C0006400000049324320436F6D6D20466169D9
:1059D0006C75726500000000446174612050616361
:1059E0006B6574204F7665727772697474656E00AA
:1059F0000338FDD8704700000000000000000000E0
:105A0000000000000000000000000000000080BF57
:105A100000000000CDCC4CBF0000000000000000E2
:105A2000CDCC4CBE000000BF00000000000080BFD5
:105A30000000000000000000000000000000000066
:105A40000000000000000000CDCCCC3D3333333FDC
:105A500000000000CDCC4CBFCDCCCCBD0000000080
:105A60000000000000000000000000000000000036
:105A7000000000000000000070710000717273747B
:105A800075000000424E4F30353500000000000028
:105A90000000000011CC020051DB02004DB80300F1
:105AA00091B8030051B8030011000000000000008D
:105AB0000000000085C303009DC30300B9C30300B9
:105AC000DDC503000000000000000000F1C9030074
:105AD00015CA0300100018000000C80000000000F4
:105AE00000000000A9DB0300A9DB0300ADDB03001D
:105AF000000000000000000025DC030029DC03009A
:105B0000305B0500385B0500405B0500545B050019
:105B10000100000711000000D8ECF0F4F8FC0002CE
:105B20000304050607080000424C4500534F43009C
:105B30005075626C6963000053746174696300009E
:105B400050726976617465205265736F6C7661621C
:105B50006C65000050726976617465204E6F6E202E
:105B60005265736F6C7661626C6500002F616461D1
:105B700066727569742F626F6E645F707270682FE1
:105B80002530325825303258253032582530325899
:105B90002530325825303258000000002F616461F2
:105BA00066727569742F626F6E645F636E74722FB4
:105BB0002530325825303258253032582530325869
:105BC0002530325825303258000000002F616461C2
:105BD00066727569742F626F6E645F7072706800B0
:105BE0002F61646166727569742F626F6E645F63A2
:105BF0006E747200253032583A253032583A2530CA
:105C000032583A253032583A253032583A25303217
:105C10005800000019000000180000000A000000F1
:105C20002F0000002A0000002800000007000000EC
:105C300022000000100000001A0000001B000000FD
:105C40000600000008000000290000000400000019
:105C5000050000001E0000001C0000000200000003
:105C6000030000001D0000001F0000000C000000E9
:105C70000B0000000F0000000D0000000E000000EF
:105C800013000000140000001100000016000000C6
:105C90001700000015000000090000002E000000A1
:105CA000546D725100000000546D722053766300F1
:105CB0006C6F6F700000000043616C6C6261636B1D
:105CC00000000000000000000000000000000000D4
:105CD0000338FDD8704700000000000000000000FD
:105CE0006D3B0400713B04002F0000000000000029
:105CF00000000000ED3E04006D3D0400996A0200C2
:105D0000613E04001D3E0400913E0400AD3D0400D0
:105D10006C66735F63616368655F726561640000F0
:105D20006C66735F63616368655F70726F670000C4
:105D30006C66735F63747A5F66696E64000000006E
:105D40006C66735F63747A5F657874656E64000077
:105D50006C66735F66696C655F73796E63000000E3
:105D60006C66735F72656D6F766500006C66735F5D
:105D7000696E6974000000007063616368652D3EA0
:105D8000626C6F636B203D3D2030786666666666A8
:105D900066666600626C6F636B203C206C66732DD8
:105DA0003E6366672D3E626C6F636B5F636F756EFB
:105DB000740000002F55736572732F616E647265F5
:105DC00061677565727265726F2F2E706C61746693
:105DD0006F726D696F2F7061636B616765732F669A
:105DE00072616D65776F726B2D61726475696E6F2C
:105DF00061646166727569746E726635322F6C69A2
:105E0000627261726965732F41646166727569744B
:105E10005F4C6974746C6546532F7372632F6C69A1
:105E200074746C6566732F6C66732E6300000000DB
:105E300068656164203E3D20322026262068656129
:105E400064203C3D206C66732D3E6366672D3E6288
:105E50006C6F636B5F636F756E740000656E747258
:105E6000792E642E74797065203D3D204C46535F39
:105E7000545950455F524547000000006E626C6FF8
:105E8000636B203E3D2032202626206E626C6F63BD
:105E90006B203C3D206C66732D3E6366672D3E6231
:105EA0006C6F636B5F636F756E7400006C66732D4F
:105EB0003E6366672D3E6C6F6F6B61686561642041
:105EC00025203332203D3D20300000006C66732DCC
:105ED0003E6366672D3E6C6F6F6B61686561642021
:105EE0003E2030006C66732D3E6366672D3E7072F7
:105EF0006F675F73697A652025206C66732D3E633A
:105F000066672D3E726561645F73697A65203D3D09
:105F1000203000006C66732D3E6366672D3E626C18
:105F20006F636B5F73697A652025206C66732D3E05
:105F30006366672D3E70726F675F73697A65203D97
:105F40003D203000342A6C66735F6E7077322830E3
:105F5000786666666666666666202F20286C6673BD
:105F60002D3E6366672D3E626C6F636B5F73697A6B
:105F7000652D322A342929203C3D206C66732D3E44
:105F80006366672D3E626C6F636B5F73697A650051
:105F90006C6974746C656673000000007265730050
:105FA000000000006410B71DC8206E3BAC30D9263D
:105FB0009041DC76F4516B6B5861B24D3C710550E9
:105FC0002083B8ED44930FF0E8A3D6D68CB361CB11
:105FD000B0C2649BD4D2D38678E20AA01CF2BDBDC5
:105FE0000000000000000000D9950400ED950400B9
:105FF0004661696C20746F206163717569726520F8
:106000006D757465780A00004661696C20746F20B4
:1060100072656C65617365206D757465780A000042
:106020004661696C20746F20696E63726561736587
:1060300020504D20636F756E7465720A0000000079
:106040004661696C20746F20646563726561736575
:1060500020504D20636F756E7465720A0000000059
:10606000000102030405060708090A0B0C0D0E0FB8
:10607000101112131415161718191A1B1C1D1E1FA8
:10608000C6A13B37878F5B826F4F8162A1C8D879E9
:106090009503E3A2245A2BE43C9874EDFE1BED9E7D
:1060A000F29000B62A499FD0A9F39A6ADD2E778034
:1060B0009DBA41A777F3B46A37B7AAAE49D6DF8D48
:1060C0002F7A3C600708D124ACD3C5DE3B658447FA
:1060D00000000000010000000300000002000000BA
:1060E000FFFFFFFF070000004661696C20746F200E
:1060F0006765742054524E4720636861726163740F
:106100006572697A6174696F6E20706172616D6524
:1061100074657273200A00004661696C20746F20F8
:106120006372656174652053594D206D757465788F
:106130000A0000004661696C20746F20637265611B
:106140007465204153594D206D757465780A0000BF
:106150004661696C656420746F2063726561746563
:1061600020506F776572206D757465780A000000A5
:106170004661696C20746F206372656174652047A5
:10618000656E566563206D757465780A00000000C1
:1061900043616E277420696E697469616C697A6500
:1061A000206D757465782C20776173204E554C4CAA
:1061B0000D0A000043616E2774206C6F636B206DC5
:1061C000757465782C20776173204E554C4C0D0A00
:1061D0000000000043616E277420756E6C6F636B66
:1061E000206D757465782C20776173204E554C4C6A
:1061F0000D0A0000536153695F48616C576169740F
:10620000496E746572727570742063616E74207764
:1062100061697420666F72206E6F7468696E670AB8
:1062200000000000000102030405060708090A0B2C
:106230000C0D0E0F101112131415161718191A1B26
:106240001C1D1E1F8DE2040095E204009DE2040067
:10625000A5E20400ADE20400B5E20400BDE20400E2
:10626000C5E20400CDE20400D5E20400DDE2040052
:106270000000000073ACFFFFFEFFFFFFFFFFFFFF0A
:10628000FFFFFFFFFFFFFFFF000000000000000016
:1062900000000000000000000000000000000000FE
:1062A00000000000000000000000000000000000EE
:1062B00000000000000000000000000000000000DE
:1062C00000000000000000000000000000000000CE
:1062D00000000000000000000000000000000000BE
:1062E00000000000000000000000000000000000AE
:1062F000000000000000000000000000000000009E
:106300000000000007000000000000000000000086
:10631000000000000000000000000000000000007D
:10632000000000000000000000000000000000006D
:10633000000000000000000000000000000000005D
:10634000000000000000000000000000B3B616CA04
:106350009AABDF16FAB80100000000000000000050
:10636000010000000000000000000000000000002C
:10637000000000000000000000000000000000001D
:10638000000000000000000000000000000000000D
:106390000000000000000000BB7E4DDDF5F436304B
:1063A000769E01A492A17AE32C384C3B00000000B9
:1063B00000000000000000000000000000000000DD
:1063C00000000000000000000000000000000000CD
:1063D00000000000000000000000000000000000BD
:1063E000EE4F3CF0C33317538682C26BEDDC8F3126
:1063F00035F98C9300000000000000000000000050
:10640000000000000000000000000000000000008C
:10641000000000000000000000000000000000007C
:10642000000000000000000001000000000000006B
:1064300000000000800000000000000000000000DC
:10644000FFFFFFFFFFFFFFFFFF0000000000000055
:10645000000000000000000000000000000000003C
:10646000000000000000000000000000000000002C
:10647000000000000000000000000000000000001C
:10648000000000000000000000000000000000000C
:1064900000000000000000000000000000000000FC
:1064A00000000000000000000000000000000000EC
:1064B00000000000000000000000000000000000DC
:1064C00000000000000000000000000000000000CC
:1064D00000000000000000000000000000000000BC
:1064E00000000000000000000000000000000000AC
:1064F000000000000000000000000000000000009C
:10650000000000000000000000000000000000008B
:10651000000000000000000000000000000000007B
:10652000000000000000000000000000A0000000CB
:10653000A100000005000000000000005345434793
:106540005F5052494D455F3136304B3100000000FD
:10655000FFFFFF7FFFFFFFFFFFFFFFFFFFFFFFFFCB
:10656000FFFFFFFF0000000000000000000000002F
:10657000000000000000000000000000000000001B
:10658000000000000000000000000000000000000B
:106590000000000000000000FCFFFF7FFFFFFFFF86
:1065A000FFFFFFFFFFFFFFFFFFFFFFFF00000000F7
:1065B00000000000000000000000000000000000DB
:1065C00000000000000000000000000000000000CB
:1065D00000000000000000000000000000000000BB
:1065E00045FA65C5ADD4D4819FF8AC658B7ABD54AE
:1065F000FCBE971C0000000000000000000000002E
:10660000000000000000000000000000000000008A
:10661000000000000000000000000000000000007A
:106620000000000000000000572275CAD3AE27F911
:10663000C8F401000000000000000000010000009C
:10664000000000000000000000000000000000004A
:10665000000000000000000000000000000000003A
:10666000000000000000000000000000000000002A
:106670000000000082FCCB13B98BC36889696446B3
:106680002873F58E68B5964A0000000000000000EF
:1066900000000000000000000000000000000000FA
:1066A00000000000000000000000000000000000EA
:1066B00000000000000000000000000032FBC57A6E
:1066C0003751230412C9DC597D9468315528A6231B
:1066D00000000000000000000000000000000000BA
:1066E00000000000000000000000000000000000AA
:1066F000000000000000000000000000000000009A
:106700000000000001000000000000000000000088
:10671000800000000000000000000000FFFFFFFFFD
:10672000FFFFFFFFFF00000000000000000000006E
:106730000000000000000000000000000000000059
:106740000000000000000000000000000000000049
:106750000000000000000000000000000000000039
:106760000000000000000000000000000000000029
:106770000000000000000000000000000000000019
:106780000000000000000000000000000000000009
:1067900000000000000000000000000000000000F9
:1067A00000000000000000000000000000000000E9
:1067B00000000000000000000000000000000000D9
:1067C00000000000000000000000000000000000C9
:1067D00000000000000000000000000000000000B9
:1067E00000000000000000000000000000000000A9
:1067F0000000000000000000000000000000000099
:106800000000000000000000A0000000A100000047
:106810000500000001000000534543475F50524906
:106820004D455F31363052310000000073ACFFFF40
:10683000FEFFFFFFFFFFFFFFFFFFFFFFFFFFFFFF69
:106840000000000000000000000000000000000048
:106850000000000000000000000000000000000038
:106860000000000000000000000000000000000028
:106870000000000070ACFFFFFEFFFFFFFFFFFFFF07
:10688000FFFFFFFFFFFFFFFF000000000000000010
:1068900000000000000000000000000000000000F8
:1068A00000000000000000000000000000000000E8
:1068B000000000000000000000000000BA8803F59E
:1068C0005A4D6604492757AB8BEB59FBD334E1B4DF
:1068D00000000000000000000000000000000000B8
:1068E00000000000000000000000000000000000A8
:1068F0000000000000000000000000000000000098
:10690000000000006BA1A1F318A886E71E35000067
:106910000000000000000000010000000000000076
:106920000000000000000000000000000000000067
:106930000000000000000000000000000000000057
:106940000000000000000000000000000000000047
:106950006DCE44319D19F7301BF14F1F7E113A293E
:1069600034B0DC5200000000000000000000000015
:106970000000000000000000000000000000000017
:106980000000000000000000000000000000000007
:1069900000000000000000002E3FD4A7FE2C98F954
:1069A0000DFA71E096F231E3F2FEAFFE0000000056
:1069B00000000000000000000000000000000000D7
:1069C00000000000000000000000000000000000C7
:1069D00000000000000000000000000000000000B7
:1069E0000100000000000000000000008000000026
:1069F0000000000000000000FFFFFFFFFFFFFFFF9F
:106A0000FF00000000000000000000000000000087
:106A10000000000000000000000000000000000076
:106A20000000000000000000000000000000000066
:106A30000000000000000000000000000000000056
:106A40000000000000000000000000000000000046
:106A50000000000000000000000000000000000036
:106A60000000000000000000000000000000000026
:106A70000000000000000000000000000000000016
:106A80000000000000000000000000000000000006
:106A900000000000000000000000000000000000F6
:106AA00000000000000000000000000000000000E6
:106AB00000000000000000000000000000000000D6
:106AC00000000000000000000000000000000000C6
:106AD00000000000000000000000000000000000B6
:106AE00000000000A0000000A10000000500000060
:106AF00002000000534543475F5052494D455F3106
:106B0000363052320000000037EEFFFFFEFFFFFF7D
:106B1000FFFFFFFFFFFFFFFFFFFFFFFFFFFFFFFF85
:106B20000000000000000000000000000000000065
:106B30000000000000000000000000000000000055
:106B40000000000000000000000000000000000045
:106B50000000000000000000000000000000000035
:106B60000000000000000000000000000000000025
:106B70000000000000000000000000000000000015
:106B80000000000000000000000000000000000005
:106B900000000000000000000300000000000000F2
:106BA00000000000000000000000000000000000E5
:106BB00000000000000000000000000000000000D5
:106BC00000000000000000000000000000000000C5
:106BD00000000000000000000000000000000000B5
:106BE0008DFDDE746A46690F17FCF226FEFFFFFF7B
:106BF000FFFFFFFFFFFFFFFF00000000000000009D
:106C00000000000000000000000000000000000084
:106C10000000000000000000000000000000000074
:106C20000000000000000000000000007D6CE0EAB1
:106C3000B1D1A51D34F4B780027DB026AEE957C0AE
:106C40000EF14FDB0000000000000000000000001B
:106C50000000000000000000000000000000000034
:106C60000000000000000000000000000000000024
:106C7000000000009D2F5ED988AA82403486BE1590
:106C8000D0634184A728569C6D2F2F9B00000000E5
:106C900000000000000000000000000000000000F4
:106CA00000000000000000000000000000000000E4
:106CB00000000000000000000000000001000000D3
:106CC0000000000000000000800000000000000044
:106CD0000000000000000000000000008000000034
:106CE00000000000000000000000000000000000A4
:106CF0000000000000000000000000000000000094
:106D00000000000000000000000000000000000083
:106D10000000000000000000000000000000000073
:106D20000000000000000000000000000000000063
:106D30000000000000000000000000000000000053
:106D40000000000000000000000000000000000043
:106D50000000000000000000000000000000000033
:106D60000000000000000000000000000000000023
:106D70000000000000000000000000000000000013
:106D80000000000000000000000000000000000003
:106D900000000000000000000000000000000000F3
:106DA00000000000000000000000000000000000E3
:106DB00000000000000000000000000000000000D3
:106DC000C0000000C000000005000000030000003B
:106DD000534543475F5052494D455F3139324B313E
:106DE00000000000FFFFFFFFFFFFFFFFFEFFFFFFB0
:106DF000FFFFFFFFFFFFFFFFFFFFFFFF000000009F
:106E00000000000000000000000000000000000082
:106E10000000000000000000000000000000000072
:106E2000000000000000000000000000FCFFFFFF69
:106E3000FFFFFFFFFEFFFFFFFFFFFFFFFFFFFFFF63
:106E4000FFFFFFFF00000000000000000000000046
:106E50000000000000000000000000000000000032
:106E60000000000000000000000000000000000022
:106E700000000000B1B946C1ECDEB8FE4930247212
:106E8000ABE9A70FE7809CE519052164000000002D
:106E900000000000000000000000000000000000F2
:106EA00000000000000000000000000000000000E2
:106EB0000000000000000000000000003128D2B4F3
:106EC000B1C96B1436F8DE99FFFFFFFFFFFFFFFF2C
:106ED000FFFFFFFF000000000000000000000000B6
:106EE00000000000000000000000000000000000A2
:106EF0000000000000000000000000000000000092
:106F000000000000000000001210FF82FD0AFFF4E4
:106F10000088A143EB20BF7CF69030B00EA88D18FE
:106F20000000000000000000000000000000000061
:106F30000000000000000000000000000000000051
:106F40000000000000000000000000000000000041
:106F50001148791EA177F973D5CD246BED1110631B
:106F600078DAC8FF952B1907000000000000000028
:106F70000000000000000000000000000000000011
:106F80000000000000000000000000000000000001
:106F900000000000000000000100000000000000F0
:106FA0000000000080000000000000000000000061
:106FB0000000000000000000800000000000000051
:106FC00000000000000000000000000000000000C1
:106FD00000000000000000000000000000000000B1
:106FE00000000000000000000000000000000000A1
:106FF0000000000000000000000000000000000091
:107000000000000000000000000000000000000080
:107010000000000000000000000000000000000070
:107020000000000000000000000000000000000060
:107030000000000000000000000000000000000050
:107040000000000000000000000000000000000040
:107050000000000000000000000000000000000030
:107060000000000000000000000000000000000020
:107070000000000000000000000000000000000010
:107080000000000000000000000000000000000000
:10709000000000000000000000000000C000000030
:1070A000C0000000050000000400000053454347F5
:1070B0005F5052494D455F31393252310000000076
:1070C0006DE5FFFFFEFFFFFFFFFFFFFFFFFFFFFF7D
:1070D000FFFFFFFFFFFFFFFFFFFFFFFF00000000BC
:1070E00000000000000000000000000000000000A0
:1070F0000000000000000000000000000000000090
:10710000000000000000000000000000000000007F
:10711000000000000000000000000000000000006F
:10712000000000000000000000000000000000005F
:10713000000000000000000000000000000000004F
:10714000000000000000000000000000000000003F
:10715000050000000000000000000000000000002A
:10716000000000000000000000000000000000001F
:10717000000000000000000000000000000000000F
:1071800000000000000000000000000000000000FF
:107190000000000000000000F7B19F7671A9F0CA5E
:1071A0008461ECD2E8DC0100000000000000000077
:1071B00000000000010000000000000000000000CE
:1071C00000000000000000000000000000000000BF
:1071D00000000000000000000000000000000000AF
:1071E000000000005CA4B7B60E657E0FA97570E4C0
:1071F000E967A469A128FC30DF99F04D335B45A114
:10720000000000000000000000000000000000007E
:10721000000000000000000000000000000000006E
:10722000000000000000000000000000A5616D5596
:10723000DB4BCAE259BDB0C0F719E3F7D6FBCA82EF
:107240004234BA7FED9F087E00000000000000007D
:10725000000000000000000000000000000000002E
:10726000000000000000000000000000000000001E
:10727000000000000100000000000000000000000D
:10728000800000000000000000000000FFFFFFFF82
:10729000FFFFFFFFFF0000000000000000000000F3
:1072A00000000000000000000000000000000000DE
:1072B00000000000000000000000000000000000CE
:1072C00000000000000000000000000000000000BE
:1072D00000000000000000000000000000000000AE
:1072E000000000000000000000000000000000009E
:1072F000000000000000000000000000000000008E
:10730000000000000000000000000000000000007D
:10731000000000000000000000000000000000006D
:10732000000000000000000000000000000000005D
:10733000000000000000000000000000000000004D
:10734000000000000000000000000000000000003D
:10735000000000000000000000000000000000002D
:10736000000000000000000000000000000000001D
:107370000000000000000000E0000000E10000004C
:107380000500000005000000534543475F50524987
:107390004D455F3232344B310000000001000000E7
:1073A0000000000000000000FFFFFFFFFFFFFFFFE5
:1073B000FFFFFFFFFFFFFFFF0000000000000000D5
:1073C00000000000000000000000000000000000BD
:1073D00000000000000000000000000000000000AD
:1073E00000000000FEFFFFFFFFFFFFFFFFFFFFFFAA
:1073F000FEFFFFFFFFFFFFFFFFFFFFFFFFFFFFFF9E
:10740000000000000000000000000000000000007C
:10741000000000000000000000000000000000006C
:10742000000000000000000000000000B4FF552331
:1074300043390B27BAD8BFD7B7B04450563241F5BD
:10744000ABB3040C850A05B4000000000000000086
:10745000000000000000000000000000000000002C
:10746000000000000000000000000000000000001C
:10747000000000003D2A5C5C4529DD133EF0B8E0C9
:10748000A216FFFFFFFFFFFFFFFFFFFFFFFFFFFF52
:1074900000000000000000000000000000000000EC
:1074A00000000000000000000000000000000000DC
:1074B00000000000000000000000000000000000CC
:1074C000211D5C11D68032342211C256D3C1034A29
:1074D000B99013327FBFB46BBD0C0EB70000000033
:1074E000000000000000000000000000000000009C
:1074F000000000000000000000000000000000008C
:107500000000000000000000347E00859981D54411
:107510006447075AA07543CDE6DF224CFB23F7B53D
:10752000886337BD0000000000000000000000007C
:10753000000000000000000000000000000000004B
:10754000000000000000000000000000000000003B
:1075500001000000000000000000000080000000AA
:10756000000000000000000000000000000000001B
:10757000800000000000000000000000000000008B
:1075800000000000000000000000000000000000FB
:1075900000000000000000000000000000000000EB
:1075A00000000000000000000000000000000000DB
:1075B00000000000000000000000000000000000CB
:1075C00000000000000000000000000000000000BB
:1075D00000000000000000000000000000000000AB
:1075E000000000000000000000000000000000009B
:1075F000000000000000000000000000000000008B
:10760000000000000000000000000000000000007A
:10761000000000000000000000000000000000006A
:10762000000000000000000000000000000000005A
:10763000000000000000000000000000000000004A
:10764000000000000000000000000000000000003A
:1076500000000000E0000000E00000000500000065
:1076600006000000534543475F5052494D455F3285
:1076700032345231000000002FFCFFFFFEFFFFFFFD
:10768000FFFFFFFFFFFFFFFFFFFFFFFFFFFFFFFF0A
:10769000FFFFFFFFFFFFFFFF0000000000000000F2
:1076A00000000000000000000000000000000000DA
:1076B00000000000000000000000000000000000CA
:1076C00000000000000000000000000000000000BA
:1076D00000000000000000000000000000000000AA
:1076E000000000000000000000000000000000009A
:1076F000000000000000000000000000000000008A
:107700000000000000000000070000000000000072
:107710000000000000000000000000000000000069
:107720000000000000000000000000000000000059
:107730000000000000000000000000000000000049
:107740000000000000000000000000000000000039
:10775000414136D08C5ED2BF3BA048AFE6DCAEBA2A
:10776000FEFFFFFFFFFFFFFFFFFFFFFFFFFFFFFF2A
:107770000000000000000000000000000000000009
:1077800000000000000000000000000000000000F9
:107790000000000000000000000000009817F8162C
:1077A0005B81F259D928CE2DDBFC9B02070B87CEDB
:1077B0009562A055ACBBDCF97E66BE790000000086
:1077C00000000000000000000000000000000000B9
:1077D00000000000000000000000000000000000A9
:1077E00000000000B8D410FB8FD0479C195485A628
:1077F00048B417FDA808110EFCFBA45D65C4A326C0
:1078000077DA3A48000000000000000000000000A5
:107810000000000000000000000000000000000068
:107820000000000000000000000000000100000057
:1078300000000000000000008000000000000000C8
:1078400000000000000000000000000080000000B8
:107850000000000000000000000000000000000028
:107860000000000000000000000000000000000018
:107870000000000000000000000000000000000008
:1078800000000000000000000000000000000000F8
:1078900000000000000000000000000000000000E8
:1078A00000000000000000000000000000000000D8
:1078B00000000000000000000000000000000000C8
:1078C00000000000000000000000000000000000B8
:1078D00000000000000000000000000000000000A8
:1078E0000000000000000000000000000000000098
:1078F0000000000000000000000000000000000088
:107900000000000000000000000000000000000077
:107910000000000000000000000000000000000067
:107920000000000000000000000000000000000057
:107930000001000000010000050000000700000039
:10794000534543475F5052494D455F3235364B31C1
:1079500000000000FFFFFFFFFFFFFFFFFFFFFFFF33
:107960000000000000000000000000000100000016
:10797000FFFFFFFF0000000000000000000000000B
:1079800000000000000000000000000000000000F7
:10799000000000000000000000000000FCFFFFFFEE
:1079A000FFFFFFFFFFFFFFFF0000000000000000DF
:1079B0000000000001000000FFFFFFFF00000000CA
:1079C00000000000000000000000000000000000B7
:1079D00000000000000000000000000000000000A7
:1079E000000000004B60D2273E3CCE3BF6B053CCAB
:1079F000B0061D65BC86987655BDEBB3E7933AAAF1
:107A0000D835C65A00000000000000000000000049
:107A10000000000000000000000000000000000066
:107A2000000000000000000000000000512563FC81
:107A3000C2CAB9F3849E17A7ADFAE6BCFFFFFFFFE9
:107A4000FFFFFFFF00000000FFFFFFFF000000003E
:107A50000000000000000000000000000000000026
:107A60000000000000000000000000000000000016
:107A7000000000000000000096C298D84539A1F42B
:107A8000A033EB2D817D0377F240A463E5E6BCF8DB
:107A900047422CE1F2D1176B00000000000000000B
:107AA00000000000000000000000000000000000D6
:107AB00000000000000000000000000000000000C6
:107AC000F551BF376840B6CBCE5E316B5733CE2B06
:107AD000169E0F7C4AEBE78E9B7F1AFEE242E34F35
:107AE0000000000000000000000000000000000096
:107AF0000000000000000000000000000000000086
:107B0000000000000000000001000000FFFFFFFF78
:107B10007F00000080000000000000000000000066
:107B2000FFFFFFFF7F00000080000000000000005A
:107B30000000000000000000000000000000000045
:107B40000000000000000000000000000000000035
:107B50000000000000000000000000000000000025
:107B60000000000000000000000000000000000015
:107B70000000000000000000000000000000000005
:107B800000000000000000000000000000000000F5
:107B900000000000000000000000000000000000E5
:107BA00000000000000000000000000000000000D5
:107BB00000000000000000000000000000000000C5
:107BC00000000000000000000000000000000000B5
:107BD00000000000000000000000000000000000A5
:107BE0000000000000000000000000000000000095
:107BF0000000000000000000000000000000000085
:107C00000000000000000000000000000001000073
:107C10000001000005000000080000005345434734
:107C20005F5052494D455F323536523100000000F9
:107C3000FFFFFFFF0000000000000000FFFFFFFF4C
:107C4000FEFFFFFFFFFFFFFFFFFFFFFFFFFFFFFF45
:107C5000FFFFFFFFFFFFFFFFFFFFFFFFFFFFFFFF34
:107C60000000000000000000000000000000000014
:107C70000000000000000000FCFFFFFF000000000B
:107C800000000000FFFFFFFFFEFFFFFFFFFFFFFF01
:107C9000FFFFFFFFFFFFFFFFFFFFFFFFFFFFFFFFF4
:107CA000FFFFFFFFFFFFFFFF0000000000000000DC
:107CB00000000000000000000000000000000000C4
:107CC000EF2AECD3EDC8852A9DD12E8A8D3956C670
:107CD0005A8713508F081403124181FE6E9C1D18A1
:107CE000192DF8E36B058E98E4E73EE2A72F31B338
:107CF0000000000000000000000000000000000084
:107D000000000000000000007329C5CC6A19ECECEB
:107D10007AA7B048B20D1A58DF2D37F4814D63C7EA
:107D2000FFFFFFFFFFFFFFFFFFFFFFFFFFFFFFFF63
:107D3000FFFFFFFFFFFFFFFF00000000000000004B
:107D40000000000000000000000000000000000033
:107D500000000000B70A7672385E543A6C2955BFAD
:107D60005DF20255382A5482E041F759989BA78B5F
:107D7000623B1D6E74AD20F31EC7B18E37058BBEFE
:107D800022CA87AA000000000000000000000000D6
:107D90000000000000000000000000005F0EEA90FC
:107DA0007C1D437A9D817E1DCEB1600AC0B8F0B5BE
:107DB0001331DAE97C149A28BD1DF4F829DC92927B
:107DC000BF989E5D6F2C26964ADE17360000000095
:107DD00000000000000000000000000000000000A3
:107DE0000000000001000000000000000000000092
:107DF0008000000000000000000000000000000003
:107E000000000000800000000000000000000000F2
:107E10000000000000000000000000000000000062
:107E20000000000000000000000000000000000052
:107E30000000000000000000000000000000000042
:107E40000000000000000000000000000000000032
:107E50000000000000000000000000000000000022
:107E60000000000000000000000000000000000012
:107E70000000000000000000000000000000000002
:107E800000000000000000000000000000000000F2
:107E900000000000000000000000000000000000E2
:107EA00000000000000000000000000000000000D2
:107EB00000000000000000000000000000000000C2
:107EC00000000000000000000000000000000000B2
:107ED00000000000000000000000000000000000A2
:107EE0000000000000000000800100008001000090
:107EF0000500000009000000534543475F50524908
:107F00004D455F333834523100000000FFFFFFFF62
:107F1000FFFFFFFFFFFFFFFFFFFFFFFFFFFFFFFF71
:107F2000FFFFFFFFFFFFFFFFFFFFFFFFFFFFFFFF61
:107F3000FFFFFFFFFFFFFFFFFFFFFFFFFFFFFFFF51
:107F4000FFFFFFFFFFFFFFFFFFFFFFFFFF0100003D
:107F500000000000FCFFFFFFFFFFFFFFFFFFFFFF30
:107F6000FFFFFFFFFFFFFFFFFFFFFFFFFFFFFFFF21
:107F7000FFFFFFFFFFFFFFFFFFFFFFFFFFFFFFFF11
:107F8000FFFFFFFFFFFFFFFFFFFFFFFFFFFFFFFF01
:107F9000FFFFFFFFFF01000000000000003F506BEB
:107FA000D41F45EFF1342C3D88DF733507BFB13B5B
:107FB000BDC052167B937EEC51391956E109F18E02
:107FC0009189B4B8F315B3995B72DAA2EE4085B625
:107FD000A0219A921F9A1C8E61B93E955100000013
:107FE00000000000096438911EB76FBBAE479C8942
:107FF000B8C9B53BD0A509F74801CC7F6B962FBF18
:1080000083878651FAFFFFFFFFFFFFFFFFFFFFFFA0
:10801000FFFFFFFFFFFFFFFFFFFFFFFFFFFFFFFF70
:10802000FFFFFFFFFF010000000000000000000054
:1080300066BDE5C2317E7EF99B426A85C1B3483395
:10804000DEA8FFA227C11DFE2859E7EF775E4BA1EE
:10805000BA3D4D6B60AF28F821B53F053981649C6E
:1080600042B4952366CB3E9ECDE90404B7068E85C7
:10807000C6000000000000005066D19F7694BE88C4
:1080800040C272A286703C356107AD3F01B950C550
:108090004026F45E9972EE972C663E2717BDAF1707
:1080A00068449B574944F598D91B7D2CB45F8A5C82
:1080B00004C03B9A786A29391801000000000000CA
:1080C000010000000000000000000000800000002F
:1080D00000000000000000000000000000000000A0
:1080E0008000000000000000000000000000000010
:1080F0000000000000000000000000000000000080
:10810000000000000000000000000000000000006F
:10811000000000000000000000000000000000005F
:10812000000000000000000000000000000000004F
:10813000000000000000000000000000000000003F
:10814000000000000000000000000000000000002F
:10815000000000000000000000000000000000001F
:10816000000000000000000000000000000000000F
:1081700000000000000000000000000000000000FF
:1081800000000000000000000000000000000000EF
:1081900000000000000000000000000000000000DF
:1081A00000000000000000000000000000000000CF
:1081B00000000000000000000000000000000000BF
:1081C0000000000009020000090200000500000094
:1081D0000A000000534543475F5052494D455F3503
:1081E0003231523100000000000FC93F000F4940FA
:1081F00000CB9640000FC9400053FB4000CB164116
:1082000000ED2F41000F49410031624100537B4195
:10821000003A8A4100CB9641005CA34100EDAF419A
:10822000007EBC41000FC94100A0D5410031E241B0
:1082300000C2EE410053FB4100F20342003A0A4201
:108240000083104200CB164200141D42005C234202
:1082500000A5294200ED2F4200363642007E3C4206
:1082600000C74242000F4942A2000000F90000008E
:10827000830000006E0000004E000000440000007B
:108280001500000029000000FC000000270000008D
:1082900057000000D1000000F5000000340000008D
:1082A000DD000000C0000000DB00000062000000F4
:1082B00095000000990000003C0000004300000011
:1082C0009000000041000000FE000000510000008E
:1082D00063000000AB000000DE000000BB000000F7
:1082E000C500000061000000B7000000240000008D
:1082F0006E0000003A000000420000004D00000047
:10830000D2000000E000000006000000490000006C
:108310002E000000EA00000009000000D10000006B
:10832000920000001C000000FE0000001D00000084
:10833000EB0000001C000000B1000000290000005C
:10834000A70000003E000000E800000082000000DE
:1083500035000000F50000002E000000BB0000000A
:108360004400000084000000E90000009C000000C0
:108370007000000026000000B40000005F00000054
:108380007E00000041000000390000009100000064
:10839000D6000000390000008300000053000000F8
:1083A00039000000F40000009C0000008400000080
:1083B0005F0000008B000000BD000000F90000001D
:1083C000280000003B0000001F000000F800000033
:1083D00097000000FF000000DE0000000500000024
:1083E000980000000F000000EF0000002F000000C8
:1083F000110000008B0000005A0000000A0000007D
:108400006D0000001F0000006D000000360000003D
:108410007E000000CF00000027000000CB0000001D
:1084200009000000B70000004F00000046000000F7
:108430003F000000660000009E0000005F0000009A
:10844000EA0000002D000000750000002700000079
:10845000BA000000C7000000EB000000E5000000CB
:10846000F10000007B0000003D000000070000005C
:1084700039000000F70000008A00000052000000F0
:1084800092000000EA0000006B000000FB0000000A
:108490005F000000B10000001F0000008D00000020
:1084A0005D0000000800000056000000030000000E
:1084B0003000000046000000FC0000007B000000CF
:1084C0006B000000AB000000F0000000CF000000D7
:1084D000BC000000200000009A000000F400000032
:1084E000360000001D000000A9000000E3000000AD
:1084F00091000000610000005E000000E600000046
:108500001B0000000800000065000000990000004A
:10851000850000005F00000014000000A0000000C3
:1085200068000000400000008D000000FF00000017
:10853000D8000000800000004D0000007300000023
:1085400027000000310000000600000006000000C7
:108550001500000056000000CA0000007300000073
:10856000A8000000C900000060000000E200000058
:108570007B000000C00000008C0000006B000000C9
:108580000000C93F0000F0390000DA370000A233D4
:108590000000842E0000502B0000C2270000D022D3
:1085A0000000C41F0000C61B0000441704000000A8
:1085B00007000000090000002C2066756E637469D6
:1085C0006F6E3A2000617373657274696F6E20225A
:1085D000257322206661696C65643A2066696C6562
:1085E00020222573222C206C696E6520256425735A
:1085F00025730A00806100204300504F5349580002
:108600002E00232D302B2000686C4C0065666745DA
:10861000464700494E4600696E66004E414E006E68
:10862000616E0030003031323334353637383941FD
:1086300042434445460030313233343536373839D9
:1086400061626364656600002020202020202020D5
:1086500020282828282820202020202020202020F2
:108660002020202020202020881010101010101012
:10867000101010101010101004040404040404045A
:1086800004041010101010101041414141414101EB
:1086900001010101010101010101010101010101CA
:1086A00001010110101010101042424242424202D9
:1086B000020202020202020202020202020202029A
:1086C0000202021010101020000000000000000044
:1086D000000000000000000000000000000000009A
:1086E000000000000000000000000000000000008A
:1086F000000000000000000000000000000000007A
:108700000000000000000000000000000000000069
:108710000000000000000000000000000000000059
:108720000000000000000000000000000000000049
:108730000000000000000000000000000000000039
:108740000000000000000000496E66696E697479DF
:10875000004E614E0000000000000000000000001C
:108760000000000000000000000000000000000009
:1087700000000000000000000000000000000000F9
:1087800000000000000000000000000000000000E9
:1087900000000000000000000000000000000000D9
:1087A00000000000000000000000000000000000C9
:1087B00000000000000000000080E03779C3414362
:1087C000176E05B5B5B89346F5F93FE9034F384D37
:1087D000321D30F94877825A3CBF737FDD4F1575E3
:1087E000000000000000F03F0000000000002440F6
:1087F00000000000000059400000000000408F40D1
:10880000000000000088C34000000000006AF8403B
:108810000000000080842E4100000000D01263415F
:108820000000000084D797410000000065CDCD41D5
:10883000000000205FA00242000000E876483742B6
:10884000000000A2941A6D42000040E59C30A24254
:108850000000901EC4BCD64200003426F56B0C43C9
:108860000080E03779C3414300A0D8855734764370
:1088700000C84E676DC1AB43003D9160E458E143D1
:10888000408CB5781DAF154450EFE2D6E41A4B4446
:1088900092D54D06CFF08044F64AE1C7022DB5448B
:1088A000B49DD9794378EA4405000000190000001E
:0888B0007D0000000000000043
:0888B80098D9FC7F01000000CB
:1088C000000000000A00000000000306B2000800DB
:1088D00001000000A800080002000000A000140031
:1088E000030057494E5553420000000000000000AD
:1088F00000008400040007002A00440065007600A0
:1089000069006300650049006E0074006500720034
:10891000660061006300650047005500490044009F
:108920007300000050007B0039003700350046001E
:1089300034003400440039002D0030004400300081
:1089400038002D0034003300460044002D0038006C
:108950004200330045002D00310032003700430053
:1089600041003800410046004600460039004400FE
:108970007D000000000000000400000010000C005A
:10898000AC720020882E05000000000000000000EE
:1089900000000000000000000000000000000000D7
:1089A00000000000000000000000000000000000C7
:1089B00000000000000000000000000000000000B7
:1089C00000000000000000000000000000000000A7
:1089D0000000000000000000FF00000060A5002073
:1089E0000090D0030A000000000000005D96040023
:1089F00041960400159604000996040080000000CA
:108A00008000000080000000E00000008000000006
:108A10000000000000000000000000000000000056
:108A2000119704008197040005970400F59604004F
:108A3000FFFFFFFF2494002002000000806100205F
:108A4000000000007887050098870500588705001A
:108A50000000000000000000000000000000000016
:108A60000000000000000000000000000000000006
:108A700000000000000000000000000000000000F6
:108A800000000000000000000000000000000000E6
:108A900000000000000000000000000000000000D6
:108AA0004300000000000000000000000000000083
:108AB00000000000000000000000000000000000B6
:108AC0004300000000000000000000000000000063
:108AD0000000000000000000000000000000000096
:108AE0004300000000000000000000000000000043
:108AF0000000000000000000000000000000000076
:108B00004300000000000000000000000000000022
:108B10000000000000000000000000000000000055
:108B20004300000000000000000000000000000002
:108B30000000000000000000000000000000000035
:108B400043000000000000000000000000000000E2
:108B50000000000000000000000000000000000015
:108B600043000000000000000000000000000000C2
:108B700000000000000000000000000000000000F5
:108B8000D10F050015FE0400000000004786050017
:108B900000860500F3850500F3850500F3850500D3
:108BA000F3850500F3850500F3850500F3850500D1
:108BB000F3850500F3850500FFFFFFFFFFFFFFFFC3
:108BC000FFFFFFFFFFFF0000010041534349490041
:108BD0000000000000000000000000000000000095
:108BE000000000000000000000004153434949001C
:108BF0000000000000000000000000000000000075
:108C000000000000000000000000000001620200FF
:108C10003562020025660200A1DD020031E102009A
:108C2000D1E502007DE70300B5960400BD9A04007B
:048C300011620200CB
:040000034000206138
:00000001FF
